Sales Person,Country,Product,Date,Amount,Boxes Shipped,Amount_capped,Amount_minmax,Boxes_minmax,Amount_z,Boxes_z,PC1,PC2
Jehu Rudeforth,UK,Mint Chip Choco,2022-01-04,5320.0,180,5320.0,0.3167958600093823,0.23037323037323035,-0.14226605297770412,0.12364763398880693,0.188029371264332,-0.01316521032201968
Van Tuxwell,India,85% Dark Bars,2022-08-01,7896.0,94,7896.0,0.47039385274120404,0.11969111969111967,0.480278831475218,-0.5698680941794004,-0.7425660123725836,-0.06334917517962219
Gigi Bohling,India,Peanut Butter Cubes,2022-07-07,4501.0,91,4501.0,0.2679617155810586,0.11583011583011582,-0.3401947254803995,-0.5940605033015472,-0.17951021300853598,-0.6606182076307026
Jan Morforth,Australia,Peanut Butter Cubes,2022-04-27,12726.0,342,12726.0,0.7583900891133697,0.4388674388674389,1.6475504898244469,1.4300377265847326,-0.15380474988141069,2.176183497522744
Jehu Rudeforth,UK,Peanut Butter Cubes,2022-02-24,13685.0,184,13685.0,0.8155719505379881,0.2355212355212355,1.8793131234387142,0.15590417948500263,-1.2186341510272063,1.439115956085565
Van Tuxwell,India,Smooth Sliky Salty,2022-06-06,5376.0,38,5376.0,0.32013494680790017,0.047619047619047616,-0.12873246853307538,-1.0214597311261402,-0.6312535011296658,-0.8133087040468983
Oby Sorrel,UK,99% Dark & Pure,2022-01-25,13685.0,176,13685.0,0.8155719505379881,0.2252252252252252,1.8793131234387142,0.09139108849261124,-1.2642517951432313,1.3934983119695405
Gunar Cockshoot,Australia,After Nines,2022-03-24,3080.0,73,3080.0,0.18323238806866776,0.09266409266409266,-0.6836094307628537,-0.7392149580344278,-0.03931904540519085,-1.0060887737561623
Jehu Rudeforth,New Zealand,50% Dark Bites,2022-04-20,3990.0,59,3990.0,0.23749254854458304,0.07464607464607463,-0.4636886835376367,-0.8521128672711128,-0.27465737429479714,-0.9304121992726402
Brien Boise,Australia,99% Dark & Pure,2022-07-04,2835.0,102,2835.0,0.1686238833251521,0.12998712998712997,-0.7428188627081045,-0.5053550031870091,0.1679123053540898,-0.8825922046742644
Rafaelita Blaksland,UK,Smooth Sliky Salty,2022-01-13,4704.0,62,4704.0,0.2800659052256858,0.0785070785070785,-0.29113548186862026,-0.827920458148966,-0.37956429676689823,-0.7912920437135187
Barr Faughny,USA,Orange Choco,2022-03-10,3703.0,11,3703.0,0.22037972870217898,0.01287001287001287,-0.533048303816359,-1.2391914132254611,-0.4993185811513395,-1.2531627218083958
Mallorie Waber,Canada,Eclairs,2022-01-13,1442.0,286,1442.0,0.08556409921202024,0.3667953667953668,-1.0794667757682443,0.9784460896379928,1.4551641422197883,-0.071432412202829
Karlen McCaffrey,New Zealand,Drinking Coco,2022-07-28,168.0,156,168.0,0.009599874545738856,0.19948519948519947,-1.3873558218835482,-0.06989163898836723,0.9315878576955687,-1.030429561449416
Marney O'Breen,New Zealand,Peanut Butter Cubes,2022-08-03,8379.0,173,8379.0,0.4991934763784206,0.22136422136422135,0.5970059973101409,0.06719867937046446,-0.37463034723739924,0.469663630976677
Beverie Moffet,Australia,Organic Choco Syrup,2022-01-26,6790.0,356,6790.0,0.4044468884704762,0.4568854568854569,0.21299053869380036,1.5429356358214175,0.9404131967847483,1.241627305262657
Van Tuxwell,Canada,Organic Choco Syrup,2022-02-14,4067.0,42,4067.0,0.24208379289254509,0.05276705276705276,-0.4450800049262722,-0.9892031856299445,-0.38475319087636717,-1.0141913701841752
Roddy Speechley,USA,Smooth Sliky Salty,2022-04-05,3017.0,140,3017.0,0.17947591542033514,0.17889317889317888,-0.6988347132630611,-0.19891782097315,0.3534946245678963,-0.6348069047858356
Beverie Moffet,Canada,Milk Bars,2022-02-16,8799.0,250,8799.0,0.5242366273673045,0.3204633204633205,0.6985078806448565,0.6881371801722316,-0.007333192629840743,0.9805061256025955
Curtice Advani,UK,85% Dark Bars,2022-06-08,1085.0,172,1085.0,0.06427742087146887,0.22007722007722005,-1.1657433766027527,0.05913454299641554,0.8661194830742367,-0.7824906103639829
Brien Boise,Australia,Eclairs,2022-06-27,6888.0,88,6888.0,0.4102902903678825,0.11196911196911195,0.23667431147190063,-0.6182529124236941,-0.6045248374375669,-0.2698168162886843
Gunar Cockshoot,USA,Spicy Special Slims,2022-02-17,1267.0,157,1267.0,0.07512945296665192,0.20077220077220076,-1.1217592271577093,-0.06182750261431831,0.7494849100193772,-0.8369222027442157
Marney O'Breen,USA,After Nines,2022-05-30,4753.0,163,4753.0,0.28298760617438895,0.2084942084942085,-0.2792935954795701,-0.013442684370024768,0.1879849820301799,-0.20699580858097275
Husein Augar,UK,Drinking Coco,2022-03-14,3003.0,113,3003.0,0.1786411437207057,0.14414414414414414,-0.7022181093742182,-0.41664950307247095,0.20192749800995113,-0.7911588760110573
Kaine Padly,Australia,Eclairs,2022-02-28,7672.0,115,7672.0,0.45703750554713257,0.1467181467181467,0.42614449369670304,-0.4005212303243731,-0.58454093922979,0.018118383286707642
Karlen McCaffrey,India,Fruit & Nut Bars,2022-01-26,168.0,321,168.0,0.009599874545738856,0.41184041184041187,-1.3873558218835482,1.260690862729705,1.8724517675885854,-0.08956565155641284
Roddy Speechley,Canada,Spicy Special Slims,2022-02-09,1652.0,186,1652.0,0.09808567470646223,0.23809523809523808,-1.0287158341008866,0.17203245223310046,0.8490572557648839,-0.6057666286485421
Husein Augar,USA,Eclairs,2022-07-07,5191.445,112,5191.445,0.3091305688775347,0.14285714285714285,-0.17333408776840503,-0.42471363944651985,-0.17775218564323234,-0.4228836033868746
Dennison Crosswaite,New Zealand,White Choc,2022-07-05,9492.0,151,9492.0,0.5655578264989631,0.19305019305019303,0.8659859881471371,-0.11021232085861185,-0.6902764440808021,0.5344126851819467
Dennison Crosswaite,New Zealand,Manuka Honey Choco,2022-06-15,5061.0,301,5061.0,0.3013525835662372,0.3861003861003861,-0.20485888103411204,1.0994081352487266,0.9222560516915448,0.6325418437605164
Van Tuxwell,New Zealand,85% Dark Bars,2022-05-24,1722.0,121,1722.0,0.10225953320460957,0.15444015444015444,-1.0117988535451008,-0.35213641208007956,0.4664517856539834,-0.9644478754230432
Rafaelita Blaksland,UK,99% Dark & Pure,2022-06-29,12446.0,150,12446.0,0.7416946551207804,0.19176319176319176,1.5798825676013033,-0.11827645723266077,-1.2007797619932234,1.0335115920653692
Wilone O'Kielt,Australia,Manuka Honey Choco,2022-05-11,4284.0,94,4284.0,0.2550227542368018,0.11969111969111967,-0.3926373652033358,-0.5698680941794004,-0.12532105029361548,-0.680594137258605
Karlen McCaffrey,UK,Almond Choco,2022-06-30,6839.0,133,6839.0,0.40736858941917936,0.16988416988416988,0.22483242508285048,-0.25536677559149246,-0.33955211111718797,-0.02159104630378516
Andria Kimpton,Canada,After Nines,2022-05-11,2163.0,70,2163.0,0.12855484174293774,0.08880308880308879,-0.9052218760436495,-0.7634073671565746,0.10027800090468186,-1.179899053153056
Roddy Speechley,USA,Manuka Honey Choco,2022-07-22,9583.0,315,9583.0,0.5709838425465547,0.4041184041184041,0.8879780628696589,1.2123060444854117,0.22933451512905495,1.4851251347291032
Andria Kimpton,UK,50% Dark Bites,2022-08-24,2653.0,314,2653.0,0.15777185122996903,0.40283140283140284,-0.786803012153148,1.2042419081113627,1.407881364766066,0.29517387406306916
Kelci Walkden,New Zealand,After Nines,2022-07-07,147.0,72,147.0,0.008347716996294658,0.09137709137709137,-1.3924309160502841,-0.7472790944084768,0.4561912279777651,-1.5130034581681318
Camilla Castle,Australia,85% Dark Bars,2022-05-19,3654.0,14,3654.0,0.21745802775347586,0.01673101673101673,-0.5448901902054092,-1.2149990041033143,-0.47383848644009197,-1.2444295834326247
Karlen McCaffrey,India,Manuka Honey Choco,2022-07-04,2443.0,581,2443.0,0.14525027573552704,0.7464607464607464,-0.8375539538205057,3.3573663199824253,2.9662565721429934,1.781776411430792
Kelci Walkden,USA,After Nines,2022-06-02,938.0,16,938.0,0.05551231802535948,0.019305019305019305,-1.2012690357699032,-1.1988707313552165,0.0016958573149623438,-1.6971551051296732
Karlen McCaffrey,USA,Raspberry Choco,2022-04-15,14749.0,354,14749.0,0.8790145997098275,0.4543114543114543,2.1364512278866603,1.5268073630733197,-0.4310833109182698,2.590314990907682
Mallorie Waber,Canada,Choco Coated Almonds,2022-07-11,4781.0,241,4781.0,0.2846571495736479,0.3088803088803089,-0.27252680325725576,0.6155599528057912,0.6279721674941452,0.24256106621754397
Andria Kimpton,India,Spicy Special Slims,2022-02-23,6307.0,142,6307.0,0.37564726483325966,0.18146718146718147,0.09626337285887746,-0.18278954822505217,-0.19732021280836176,-0.06118324535155707
Madelene Upcott,Canada,Almond Choco,2022-08-22,7602.0,102,7602.0,0.45286364704898524,0.12998712998712997,0.4092275131409171,-0.5053550031870091,-0.6467074992501335,-0.06797240007002933
Kaine Padly,USA,Peanut Butter Cubes,2022-02-16,6790.0,188,6790.0,0.4044468884704762,0.24066924066924064,0.21299053869380036,0.18816072498119832,-0.017557329651777785,0.2836567788261445
Van Tuxwell,USA,50% Dark Bites,2022-01-13,9737.0,160,9737.0,0.5801663312424787,0.2046332046332046,0.9251954200923879,-0.03763509349217154,-0.6808239852889638,0.6275999256511646
Curtice Advani,Australia,Milk Bars,2022-02-14,6979.0,18,6979.0,0.415716306415474,0.021879021879021878,0.25866638619442234,-1.1827424586071187,-1.0192299686214423,-0.6534204571352414
Roddy Speechley,India,Eclairs,2022-06-10,4382.0,303,4382.0,0.2608661561342081,0.3886743886743887,-0.3689535924252355,1.1155364079968244,1.0496929459020625,0.5279137716080085
Curtice Advani,India,Fruit & Nut Bars,2022-07-07,5243.0,176,5243.0,0.31220461566142027,0.2252252252252252,-0.16087473158906865,0.09139108849261124,0.17837887204134084,-0.04913235521505212
Curtice Advani,Canada,Almond Choco,2022-03-24,4865.0,70,4865.0,0.28966577977142466,0.08880308880308879,-0.25222642659031264,-0.7634073671565746,-0.36145950948772676,-0.7181615427606407
Brien Boise,Australia,Fruit & Nut Bars,2022-06-06,5191.445,23,5191.445,0.3091305688775347,0.028314028314028312,-0.17333408776840503,-1.142421776736874,-0.685248476434011,-0.930379894177646
Dotty Strutley,Australia,Drinking Coco,2022-07-19,91.0,135,91.0,0.005008630197776796,0.17245817245817244,-1.4059645004949128,-0.23923850284339462,0.8249998647260199,-1.1633342000889972
Beverie Moffet,USA,Raspberry Choco,2022-04-19,14798.0,83,14798.0,0.8819363006585307,0.10553410553410553,2.1482931142757105,-0.6585735942939386,-1.984754483516356,1.0533907746450937
Marney O'Breen,India,85% Dark Bars,2022-07-19,2205.0,179,2205.0,0.13105915684182615,0.22908622908622908,-0.8950716877101779,0.115583497614758,0.7146411349846049,-0.5511813850713051
Jehu Rudeforth,Canada,Drinking Coco,2022-07-15,441.0,24,441.0,0.025877922688513442,0.029601029601029602,-1.3213795977159832,-1.134357640362825,0.13224449427518664,-1.7364684538578494
Ches Bonnell,New Zealand,Spicy Special Slims,2022-02-14,3556.0,18,3556.0,0.21161462585606958,0.021879021879021878,-0.5685739629835095,-1.1827424586071187,-0.4342827080466036,-1.2383677177100887
Brien Boise,Canada,99% Dark & Pure,2022-05-18,16793.0,416,16778.052499999998,1.0000000000000002,0.5341055341055341,2.6268146805890713,2.0267838182643527,-0.42428589167099645,3.2905910554587976
Barr Faughny,Australia,Fruit & Nut Bars,2022-06-30,15421.0,55,15421.0,0.9190836412920419,0.06949806949806948,2.2988542412222053,-0.8843694127673085,-2.250879031769398,1.000191814085964
Andria Kimpton,Australia,50% Dark Bites,2022-06-02,4438.0,227,4438.0,0.26420524293272596,0.2908622908622909,-0.3554200079806068,0.5026620435691064,0.6067556374652674,0.10411584184033473
Andria Kimpton,Australia,Drinking Coco,2022-06-28,1603.0,48,1603.0,0.0951639737577591,0.06048906048906049,-1.0405577204899368,-0.9408183673856509,0.07052637293118996,-1.4010444678177012
Marney O'Breen,Australia,Organic Choco Syrup,2022-05-16,273.0,174,273.0,0.015860662292959852,0.22265122265122264,-1.3619803510498694,0.07526281574451339,1.0162843894543294,-0.9098466946860654
Kelci Walkden,Canada,Baker's Choco Chips,2022-05-26,3073.0,302,3073.0,0.18281500221885302,0.38738738738738737,-0.6853011288184324,1.1074722716227756,1.267682228582846,0.2985200778982163
Karlen McCaffrey,India,Almond Choco,2022-07-06,6090.0,149,6090.0,0.36270830348900296,0.19047619047619047,0.04382073313594108,-0.12634059360670968,-0.12032222803542876,-0.058350352921447295
Oby Sorrel,India,99% Dark & Pure,2022-05-27,10255.0,11,10255.0,0.611052884128769,0.01287001287001287,1.0503810762052037,-1.2391914132254611,-1.6189722332945893,-0.13350906966513007
Wilone O'Kielt,Australia,Caramel Stuffed Bars,2022-04-14,2030.0,11,2030.0,0.1206245105964578,0.01287001287001287,-0.9373641390996427,-1.2391914132254611,-0.2134241122814285,-1.5390571906783108
Van Tuxwell,Australia,Organic Choco Syrup,2022-08-10,19453.0,14,16778.052499999998,1.0000000000000002,0.01673101673101673,2.6268146805890713,-1.2149990041033143,-2.716572508501255,0.9983044386285713
Camilla Castle,India,50% Dark Bites,2022-07-04,9275.0,411,9275.0,0.5526188651547064,0.5276705276705276,0.8135433484242007,1.9864631363941083,0.8293795358614233,1.9799035727813283
Oby Sorrel,India,Organic Choco Syrup,2022-07-08,5191.445,56,5191.445,0.3091305688775347,0.07078507078507078,-0.17333408776840503,-0.8763052763932596,-0.4970756944554077,-0.7422071121990454
Jan Morforth,USA,Peanut Butter Cubes,2022-07-22,9037.0,102,9037.0,0.5384277462610054,0.12998712998712997,0.7560256145345285,-0.5053550031870091,-0.8919307884481743,0.17725088912801482
Gigi Bohling,USA,Choco Coated Almonds,2022-03-02,12313.0,103,12313.0,0.7337643239743005,0.13127413127413126,1.54774030454531,-0.49729086681296014,-1.4460554090052962,0.7427799207141511
Gigi Bohling,UK,Almond Choco,2022-01-10,5642.0,9,5642.0,0.33599560910086,0.010296010296010296,-0.06444794242108885,-1.255319685973559,-0.8420734853894055,-0.9332166396283367
Jehu Rudeforth,New Zealand,White Choc,2022-03-11,2800.0,241,2800.0,0.16653695407607844,0.3088803088803089,-0.7512773529859975,0.6155599528057912,0.9664999277041236,-0.09596669399243925
Andria Kimpton,New Zealand,Peanut Butter Cubes,2022-06-20,959.0,265,959.0,0.05676447557480368,0.33976833976833976,-1.1961939416031673,0.8090992257829654,1.4179563969257827,-0.27371729851795434
Van Tuxwell,UK,Organic Choco Syrup,2022-08-26,2002.0,214,2002.0,0.11895496719719888,0.27413127413127414,-0.944130931321957,0.3978282707064703,0.9489084518299861,-0.38629431590147045
Roddy Speechley,Canada,Milk Bars,2022-07-13,609.0,32,609.0,0.035895183084067035,0.039897039897039896,-1.2807788443820969,-1.0698445493704338,0.14915307038753853,-1.6621417417381512
Camilla Castle,USA,Spicy Special Slims,2022-02-11,1274.0,244,1274.0,0.07554683881646665,0.3127413127413127,-1.1200675291021307,0.639752361927938,1.2443805786143298,-0.33963411181563063
Marney O'Breen,USA,Orange Choco,2022-01-27,7595.0,181,7595.0,0.45244626119917053,0.23166023166023164,0.4075358150853385,0.13171177036285586,-0.19503705243756653,0.3813056244088919
Van Tuxwell,UK,99% Dark & Pure,2022-01-31,4725.0,137,4725.0,0.28131806277513,0.17503217503217502,-0.28606038770188447,-0.22311023009529676,0.0445124833203773,-0.3600379966253309
Camilla Castle,USA,White Choc,2022-08-18,9681.0,24,9681.0,0.5768272444439608,0.029601029601029602,0.9116618356477592,-1.134357640362825,-1.4467542459268319,-0.15746971365580795
Andria Kimpton,USA,Raspberry Choco,2022-06-30,14504.0,21,14504.0,0.8644060949663118,0.02574002574002574,2.0772417959414096,-1.1585500494849719,-2.2880503564091224,0.6496131637394756
Dotty Strutley,Australia,Fruit & Nut Bars,2022-08-23,280.0,311,280.0,0.016278048142774587,0.398970398970399,-1.3602886529942908,1.1800494989892159,1.7962903337744387,-0.127448328032328
Brien Boise,New Zealand,Mint Chip Choco,2022-08-01,63.0,181,63.0,0.003339086798517863,0.23166023166023164,-1.4127312927172273,0.13171177036285586,1.0920861630604428,-0.905817591089136
Roddy Speechley,New Zealand,After Nines,2022-05-25,8001.0,10,8001.0,0.47665464048842504,0.011583011583011582,0.5056543023088969,-1.2472555495995101,-1.2394944430931454,-0.5243912708955855
Roddy Speechley,Canada,Organic Choco Syrup,2022-01-10,5191.445,82,5191.445,0.3091305688775347,0.10424710424710423,-0.17333408776840503,-0.6666377306679876,-0.3488183510783263,-0.5939497688219662
Dennison Crosswaite,Australia,70% Dark Bites,2022-02-07,5859.0,108,5859.0,0.3489345704451168,0.1377091377091377,-0.012005302698152481,-0.4569701849427156,-0.31463768562500666,-0.3316157475211234
Karlen McCaffrey,USA,Orange Choco,2022-05-12,11095.0,401,11095.0,0.6611391861065369,0.5148005148005147,1.2533848428746348,1.905821772653619,0.4613425773432668,2.233896421009427
Madelene Upcott,Australia,Spicy Special Slims,2022-03-07,7182.0,408,7182.0,0.42782049606010125,0.5238095238095237,0.30772562980620155,1.9622707272719615,1.1699400581970072,1.60512981735872
Dennison Crosswaite,Australia,85% Dark Bars,2022-04-05,6881.0,420,6881.0,0.40987290451806774,0.5392535392535392,0.23498261341632204,2.0590403637605483,1.2898036045442924,1.6221192033595084
Andria Kimpton,Canada,Caramel Stuffed Bars,2022-01-03,7154.0,348,7154.0,0.42615095266084235,0.4465894465894466,0.30095883758388714,1.478422544829026,0.832592571994098,1.258212641821258
Dennison Crosswaite,UK,Eclairs,2022-03-24,6188.0,270,6188.0,0.3685517053864092,0.3462033462033462,0.06750450591404138,0.8494199076532101,0.552897682883974,0.6483634706688979
Madelene Upcott,India,Raspberry Choco,2022-07-07,4221.0,9,4221.0,0.25126628158846925,0.010296010296010296,-0.4078626477035432,-1.255319685973559,-0.5992426185250043,-1.1760475064927418
Van Tuxwell,USA,After Nines,2022-07-26,630.0,264,630.0,0.03714734063351123,0.3384813384813385,-1.2757037502153612,0.8010350894089164,1.468476116251806,-0.3356414288729847
Wilone O'Kielt,Australia,Organic Choco Syrup,2022-07-07,1743.0,111,1743.0,0.10351169075405377,0.14157014157014156,-1.006723759378365,-0.43277777582056876,0.40584109700849275,-1.0178812970676145
Karlen McCaffrey,Canada,50% Dark Bites,2022-07-15,2919.0,65,2919.0,0.17363251352292888,0.08236808236808237,-0.7225184860411614,-0.8037280490268193,-0.057423832684362575,-1.0792192747090406
Roddy Speechley,New Zealand,Orange Choco,2022-04-01,49.0,97,49.0,0.0025043150988883975,0.12355212355212354,-1.4161146888283844,-0.5456756850572537,0.6154933221758192,-1.3871952766410316
Beverie Moffet,Australia,Eclairs,2022-06-20,1827.0,6,1827.0,0.10852032095183056,0.0064350064350064354,-0.9864233827114218,-1.2795120950957057,-0.20724501601617246,-1.6022583420885983
Kelci Walkden,UK,Fruit & Nut Bars,2022-06-29,13006.0,482,13006.0,0.775085523105959,0.619047619047619,1.7152184120475906,2.559016818951582,0.5966555754762397,3.0223407162259606
Marney O'Breen,USA,50% Dark Bites,2022-06-15,1064.0,106,1064.0,0.06302526332202467,0.13513513513513511,-1.1708184707694884,-0.4730984576908134,0.4933625526174891,-1.1624248078216433
Husein Augar,USA,After Nines,2022-04-08,11571.0,180,11571.0,0.6895214238939388,0.23037323037323035,1.3684203106539792,0.12364763398880693,-0.8801872007056657,1.0550513616479946
Dennison Crosswaite,Australia,Raspberry Choco,2022-03-14,5740.0,31,5740.0,0.3418390109982663,0.03861003861003861,-0.040764169642988554,-1.0779086857444826,-0.7333719204058127,-0.7910211619737937
Andria Kimpton,USA,Fruit & Nut Bars,2022-07-15,1456.0,359,1456.0,0.08639887091164972,0.46074646074646075,-1.0760833796570872,1.5671280449435643,1.8690327224448773,0.34722101268953287
Kelci Walkden,India,Eclairs,2022-04-19,5334.0,80,5334.0,0.3176306317090118,0.10167310167310166,-0.13888265686654694,-0.6827660034160854,-0.38458360251961604,-0.5809933394386884
Marney O'Breen,USA,99% Dark & Pure,2022-03-28,4151.0,296,4151.0,0.2470924230903219,0.37966537966537967,-0.4247796282593291,1.059087453378482,1.0492524758055912,0.4485233645014361
Brien Boise,Canada,Spicy Special Slims,2022-03-04,8106.0,101,8106.0,0.48291542823564604,0.1287001287001287,0.5310297731425757,-0.513419139561058,-0.7385369087756558,0.012452598426488042
Karlen McCaffrey,New Zealand,70% Dark Bites,2022-08-02,126.0,40,126.0,0.00709555944685046,0.05019305019305019,-1.3975060102170198,-1.0053314583780424,0.27730928501412366,-1.6990626681326884
Husein Augar,UK,Spicy Special Slims,2022-08-25,4697.0,42,4697.0,0.2796485193758711,0.05276705276705276,-0.2928271799241989,-0.9892031856299445,-0.49241219589014124,-0.9065323651703995
Marney O'Breen,USA,Almond Choco,2022-02-25,7798.0,167,7798.0,0.46455045084379776,0.21364221364221364,0.4565950586971177,0.018813861126170926,-0.30955805347838194,0.3361648710436213
Kelci Walkden,India,Orange Choco,2022-06-07,9408.0,138,9408.0,0.5605491963011863,0.17631917631917632,0.845685611480194,-0.21504609372124786,-0.7500505817675065,0.44592947949157036
Jan Morforth,India,Spicy Special Slims,2022-04-12,1939.0,520,1939.0,0.11519849454886628,0.667953667953668,-0.9593562138221644,2.865454001165441,2.704549239769322,1.3478146710350853
Ches Bonnell,India,Spicy Special Slims,2022-07-06,10906.0,94,10906.0,0.6498697681615392,0.11969111969111967,1.2077089953740128,-0.5698680941794004,-1.2569368141050625,0.45102162655285816
Kelci Walkden,UK,Smooth Sliky Salty,2022-01-19,5929.0,175,5929.0,0.3531084289432641,0.22393822393822393,0.004911677857633446,0.08332695211856231,0.055447972178505986,0.06239413361877823
Madelene Upcott,Australia,Fruit & Nut Bars,2022-01-05,5579.0,92,5579.0,0.33223913645252745,0.1171171171171171,-0.07967322492129619,-0.5859963669274983,-0.35802452718426825,-0.47069948242596127
Madelene Upcott,Canada,70% Dark Bites,2022-01-24,10927.0,141,10927.0,0.6511219257109834,0.18018018018018017,1.2127840895407487,-0.19085368459910107,-0.9925217884238743,0.7226139192349607
Wilone O'Kielt,Australia,Drinking Coco,2022-04-06,623.0,283,623.0,0.0367299547836965,0.36293436293436293,-1.2773954482709398,0.954253680515846,1.5780142321941852,-0.22849573526424663
Gunar Cockshoot,Australia,Fruit & Nut Bars,2022-06-15,6013.0,21,6013.0,0.35811705914104086,0.02574002574002574,0.025212054524576557,-1.1585500494849719,-0.8370462110568127,-0.8013909816128547
Gigi Bohling,Canada,Baker's Choco Chips,2022-01-28,1505.0,47,1505.0,0.08932057186035285,0.0592020592020592,-1.064241493268037,-0.9488825037596998,0.08157112375216267,-1.4234936296676803
Kelci Walkden,India,Caramel Stuffed Bars,2022-03-16,476.0,125,476.0,0.027964851937587108,0.15958815958815958,-1.3129211074380902,-0.31987986658388384,0.7021861954059045,-1.1545646410589427
Rafaelita Blaksland,Australia,Drinking Coco,2022-02-21,11550.0,396,11550.0,0.6882692663444946,0.5083655083655083,1.3633452164872433,1.8655010907833744,0.35507782392746956,2.283139119280194
Kelci Walkden,USA,Manuka Honey Choco,2022-02-16,17318.0,87,16778.052499999998,1.0000000000000002,0.11068211068211067,2.6268146805890713,-0.626317048797743,-2.3003115059425268,1.4145654411872939
Jehu Rudeforth,Canada,Spicy Special Slims,2022-01-13,1848.0,27,1848.0,0.10977247850127475,0.03346203346203346,-0.981348288544686,-1.1101652312406785,-0.09108733371206579,-1.478923392783575
Kelci Walkden,Australia,Eclairs,2022-03-23,7273.0,547,7273.0,0.4332465121076928,0.7027027027027026,0.32971770452872323,3.083185683264762,1.9469958795442868,2.4132871290433013
Curtice Advani,Canada,Spicy Special Slims,2022-06-16,854.0,118,854.0,0.05050368782758269,0.15057915057915056,-1.2215694124368461,-0.3763288212022263,0.5976753537961181,-1.1298846766521988
Oby Sorrel,India,Raspberry Choco,2022-04-14,6832.0,46,6832.0,0.40695120356936465,0.05791505791505791,0.2231407270272719,-0.9569466401337487,-0.8344477797121406,-0.5188791372323701
Kelci Walkden,UK,Eclairs,2022-01-25,5191.445,57,5191.445,0.3091305688775347,0.07207207207207206,-0.17333408776840503,-0.8682411400192106,-0.49137348894090455,-0.7365049066845423
Jan Morforth,India,Almond Choco,2022-03-11,4466.0,22,4466.0,0.2658747863319849,0.027027027027027025,-0.34865321575829245,-1.1504859131109229,-0.5669813376751535,-1.0600514439655115
Dotty Strutley,UK,Almond Choco,2022-07-28,16114.0,96,16114.0,0.9604048404237004,0.12226512226512226,2.4663323487244857,-0.5537398214313026,-2.135513511189921,1.3524071456957418
Marney O'Breen,New Zealand,After Nines,2022-03-09,1561.0,44,1561.0,0.0926596586588707,0.05534105534105534,-1.0507079088234084,-0.9730749128818467,0.05489481787409549,-1.431030556876632
Husein Augar,Australia,Orange Choco,2022-06-28,8897.0,188,8897.0,0.5300800292647108,0.24066924066924064,0.7221916534229568,0.18816072498119832,-0.3776168908645108,0.6437163400388827
Marney O'Breen,Australia,Milk Bars,2022-07-28,2464.0,387,2464.0,0.14650243328497126,0.4967824967824968,-0.8324788596537699,1.792923863416934,1.8564400688289266,0.679137175117659
Kelci Walkden,Canada,99% Dark & Pure,2022-08-15,4830.0,50,4830.0,0.287578850522351,0.06306306306306306,-0.2606849168682056,-0.9246900946375531,-0.46952256394369074,-0.8381867088848005
Kaine Padly,Australia,Manuka Honey Choco,2022-01-12,2765.0,264,2765.0,0.16445002482700477,0.3384813384813385,-0.7597358432638904,0.8010350894089164,1.103631710371794,0.029202977007032407
Beverie Moffet,New Zealand,White Choc,2022-03-24,7126.0,7,7126.0,0.4244814092615834,0.007722007722007722,0.2941920453615728,-1.2714479587216567,-1.1070746637841906,-0.6910242832915605
Van Tuxwell,UK,Milk Bars,2022-07-25,4263.0,90,4263.0,0.25377059668735763,0.11454311454311453,-0.3977124593700716,-0.6021246396755962,-0.1445412388511689,-0.7069915928170764
Oby Sorrel,Canada,99% Dark & Pure,2022-08-01,3605.0,403,3605.0,0.21453632680477272,0.5173745173745173,-0.5567320765944593,1.9219500454017169,1.752692936869364,0.9653548835413238
Van Tuxwell,India,Organic Choco Syrup,2022-05-16,5191.445,174,5191.445,0.3091305688775347,0.22265122265122264,-0.17333408776840503,0.07526281574451339,0.17578455625596176,-0.06934686148768555
Roddy Speechley,India,Smooth Sliky Salty,2022-08-10,5103.0,140,5103.0,0.3038568986651256,0.17889317889317888,-0.19470869270064048,-0.19891782097315,-0.00297630314437767,-0.27833597707355645
Jan Morforth,India,Eclairs,2022-01-05,2541.0,27,2541.0,0.15109367763293333,0.03346203346203346,-0.8138701810424054,-1.1101652312406785,-0.20951223922721735,-1.360498487268422
Ches Bonnell,UK,Smooth Sliky Salty,2022-07-11,5663.0,110,5663.0,0.3372477666503042,0.14028314028314026,-0.05937284825435308,-0.4408419121946177,-0.2697393619250485,-0.35370524916306967
Wilone O'Kielt,USA,After Nines,2022-04-25,392.0,30,392.0,0.022956221739810313,0.03732303732303732,-1.3332214841050334,-1.0859728221185316,0.17483120552994344,-1.710628698938569
Gigi Bohling,New Zealand,Fruit & Nut Bars,2022-04-04,10976.0,121,10976.0,0.6540436266596865,0.15444015444015444,1.2246259759297988,-0.35213641208007956,-1.114939376881675,0.6169432871126378
Barr Faughny,USA,Raspberry Choco,2022-04-12,9282.0,101,9282.0,0.5530362510045211,0.1287001287001287,0.8152350464797793,-0.513419139561058,-0.9395003848013672,0.21341607445220237
Wilone O'Kielt,New Zealand,85% Dark Bars,2022-08-02,1827.0,117,1827.0,0.10852032095183056,0.1492921492921493,-0.9864233827114218,-0.38439295757627523,0.42569979609367525,-0.9693135299787594
Gigi Bohling,New Zealand,Manuka Honey Choco,2022-06-28,8267.0,272,8267.0,0.4925153027813849,0.3487773487773488,0.5699388284208834,0.8655481804013079,0.20902737736752616,1.0150425982433633
Ches Bonnell,Australia,Eclairs,2022-07-05,4116.0,128,4116.0,0.24500549384124823,0.16344916344916344,-0.43323811853722205,-0.2956874574617371,0.09726300520316403,-0.5154282177691747
Rafaelita Blaksland,New Zealand,Choco Coated Almonds,2022-06-07,2093.0,45,2093.0,0.12438098324479041,0.056628056628056624,-0.9221388565994353,-0.9650107765077978,-0.0303150252896993,-1.3344163026838294
Brien Boise,New Zealand,Smooth Sliky Salty,2022-01-18,1015.0,27,1015.0,0.06010356237332154,0.03346203346203346,-1.1826603571585386,-1.1101652312406785,0.05126179513947966,-1.6212725216351227
Brien Boise,Australia,Baker's Choco Chips,2022-01-04,12516.0,212,12516.0,0.7458685136189277,0.27155727155727155,1.5967995481570891,0.38169999795837245,-0.8592051317622265,1.3990104456327555
Dennison Crosswaite,Australia,99% Dark & Pure,2022-01-31,2758.0,18,2758.0,0.16403263897719003,0.021879021879021878,-0.761427541319469,-1.1827424586071187,-0.29791463502915666,-1.374735790727538
Kelci Walkden,India,Almond Choco,2022-03-14,5191.445,149,5191.445,0.3091305688775347,0.19047619047619047,-0.17333408776840503,-0.12634059360670968,0.03322941839338348,-0.2119019993502618
Camilla Castle,Australia,70% Dark Bites,2022-04-29,6048.0,477,6048.0,0.3602039883901145,0.6126126126126126,0.03367054480246952,2.518696137081337,1.7571784477225165,1.8047957888346349
Oby Sorrel,India,Smooth Sliky Salty,2022-02-07,10101.0,108,10101.0,0.6018703954328448,0.1377091377091377,1.0131637189824747,-0.4569701849427156,-1.039541652717752,0.39328821957163207
Kaine Padly,UK,Organic Choco Syrup,2022-03-31,2282.0,178,2282.0,0.1356504011897882,0.2277992277992278,-0.8764630090988134,0.10751936124070909,0.695780606635085,-0.5437252677507911
Marney O'Breen,India,Caramel Stuffed Bars,2022-03-16,4361.0,81,4361.0,0.2596139985847639,0.10296010296010295,-0.3740286865919713,-0.6747018670420365,-0.21260804481717305,-0.7415644861121277
Karlen McCaffrey,UK,Eclairs,2022-01-25,7798.0,196,7798.0,0.46455045084379776,0.25096525096525096,0.4565950586971177,0.2526738159735897,-0.14419409355779117,0.5015288309642097
Van Tuxwell,India,Baker's Choco Chips,2022-06-20,3052.0,447,3052.0,0.1815628446694088,0.5740025740025739,-0.6903762229851681,2.2767720458598695,2.098090661686259,1.1217512440006996
Gigi Bohling,UK,After Nines,2022-03-29,8029.0,175,8029.0,0.47832418388768394,0.22393822393822393,0.5124210945312112,0.08332695211856231,-0.3034153778674073,0.4212574836646967
Curtice Advani,Australia,Orange Choco,2022-07-12,854.0,136,854.0,0.05050368782758269,0.17374517374517373,-1.2215694124368461,-0.2311743664693457,0.7003150530571745,-1.0272449773911438
Jehu Rudeforth,Canada,Smooth Sliky Salty,2022-07-11,5460.0,138,5460.0,0.325143577005677,0.17631917631917632,-0.10843209186613226,-0.21504609372124786,-0.07538748368118924,-0.2287336185947564
Karlen McCaffrey,Canada,Smooth Sliky Salty,2022-01-19,3017.0,184,3017.0,0.17947591542033514,0.2355212355212355,-0.6988347132630611,0.15590417948500263,0.6043916672060341,-0.3839098621477014
Andria Kimpton,USA,85% Dark Bars,2022-04-05,8911.0,82,8911.0,0.5309148009643403,0.10424710424710423,0.7255750495341139,-0.6666377306679876,-0.9844430977354822,0.04167497783519879
Jehu Rudeforth,Canada,Milk Bars,2022-02-21,7203.0,12,7203.0,0.4290726536095455,0.014157014157014158,0.3128007239729373,-1.231127276851412,-1.0917219590466918,-0.6493549328840282
Rafaelita Blaksland,New Zealand,Caramel Stuffed Bars,2022-05-20,13083.0,14,13083.0,0.7796767674539211,0.01673101673101673,1.7338270906589552,-1.2149990041033143,-2.0851349281462435,0.3668668582735495
Mallorie Waber,Australia,Milk Bars,2022-07-29,5191.445,104,5191.445,0.3091305688775347,0.13256113256113256,-0.17333408776840503,-0.48922673043891124,-0.2233698297592574,-0.46850124750289907
Barr Faughny,USA,Fruit & Nut Bars,2022-01-28,9058.0,46,9058.0,0.5396799038104496,0.05791505791505791,0.7611007087012643,-0.9569466401337487,-1.2148429307608088,-0.13848398618369648
Marney O'Breen,UK,Caramel Stuffed Bars,2022-07-19,3549.0,112,3549.0,0.21119724000625487,0.14285714285714285,-0.570265661039088,-0.42471363944651985,0.10292082148351055,-0.7035566105136216
Mallorie Waber,New Zealand,Manuka Honey Choco,2022-04-13,9436.0,11,9436.0,0.5622187397004452,0.01287001287001287,0.8524524037025084,-1.2391914132254611,-1.4790155267766827,-0.27346577618303797
Roddy Speechley,India,Peanut Butter Cubes,2022-02-11,10283.0,21,10283.0,0.6127224275280279,0.02574002574002574,1.0571478684275182,-1.1585500494849719,-1.566735022816837,-0.07170216985282035
Roddy Speechley,New Zealand,Milk Bars,2022-03-02,5446.0,116,5446.0,0.3243088053060475,0.148005148005148,-0.11181548797728945,-0.3924570939503242,-0.19844358266661868,-0.3565745622474629
Ches Bonnell,Australia,White Choc,2022-03-02,1043.0,202,1043.0,0.061773105772580474,0.2586872586872587,-1.1758935649362243,0.30105863421788326,1.044362915510249,-0.6186017119298098
Van Tuxwell,USA,99% Dark & Pure,2022-07-28,12586.0,6,12586.0,0.750042372117075,0.0064350064350064354,1.613716528712875,-1.2795120950957057,-2.0458215794180687,0.2363182213133246
Kelci Walkden,India,After Nines,2022-01-07,1687.0,520,1687.0,0.1001726039555359,0.667953667953668,-1.0202573438229938,2.865454001165441,2.747612841774831,1.3047510690295747
Brien Boise,UK,White Choc,2022-04-12,5299.0,167,5299.0,0.3155437024599381,0.21364221364221364,-0.14734114714443988,0.018813861126170926,0.11748933307625493,-0.09088251551102172
Van Tuxwell,Canada,Almond Choco,2022-06-27,3213.0,72,3213.0,0.1911627192151477,0.09137709137709137,-0.6514671677068605,-0.7472790944084768,-0.06774926308926857,-0.9890629671010907
Jehu Rudeforth,Australia,50% Dark Bites,2022-01-14,5194.0,418,5194.0,0.3092829147127171,0.5366795366795366,-0.1727166179781188,2.0429120910124507,1.5666860847188366,1.3224279011269477
Karlen McCaffrey,UK,Baker's Choco Chips,2022-02-07,5191.445,389,5191.445,0.3091305688775347,0.49935649935649934,-0.17333408776840503,1.8090521361650318,1.4017587418741346,1.1566273241304699
Jehu Rudeforth,Australia,Orange Choco,2022-03-23,13706.0,26,13706.0,0.8168241080874323,0.032175032175032175,1.8843882176054498,-1.1182293676147272,-2.12317125581916,0.5417561182945423
Marney O'Breen,India,Peanut Butter Cubes,2022-01-10,6489.0,146,6489.0,0.3864992969284427,0.1866151866151866,0.14024752230392085,-0.15053300272885647,-0.2056128810876617,-0.0072729329562319445
Oby Sorrel,UK,Choco Coated Almonds,2022-03-17,9324.0,41,9324.0,0.5555405661034095,0.05148005148005148,0.8253852348132509,-0.9972673220039934,-1.2888099826724735,-0.1215389894170624
Gigi Bohling,USA,Spicy Special Slims,2022-01-21,10829.0,54,10829.0,0.6452785238135771,0.0682110682110682,1.1891003167626484,-0.8924335491413574,-1.471866711850171,0.20977508313771914
Barr Faughny,Australia,White Choc,2022-07-04,8113.0,370,8113.0,0.48333281408546075,0.4749034749034749,0.5327214711981544,1.6558335450581023,0.7941601634588666,1.5475420929946282
Kaine Padly,Canada,Peanut Butter Cubes,2022-07-04,3269.0,176,3269.0,0.19450180601366554,0.2252252252252252,-0.6379335832622318,0.09139108849261124,0.5157104210844994,-0.38646390425821564
Dotty Strutley,USA,Manuka Honey Choco,2022-08-10,273.0,210,273.0,0.015860662292959852,0.268983268983269,-1.3619803510498694,0.36557172521027465,1.2215637879764423,-0.7045672961639556
Dennison Crosswaite,Australia,50% Dark Bites,2022-04-01,7287.0,12,7287.0,0.43408128380732225,0.014157014157014158,0.3331011006398804,-1.231127276851412,-1.1060764930485283,-0.6350003988821917
Gigi Bohling,India,Raspberry Choco,2022-02-22,2583.0,159,2583.0,0.1535979927318217,0.20334620334620332,-0.8037199927089339,-0.045699229866220464,0.536001621686278,-0.6006300923531008
Camilla Castle,UK,White Choc,2022-01-03,9982.0,187,9982.0,0.5947748359859943,0.23938223938223938,0.9844048520376386,0.1800965886071494,-0.5687318272360693,0.8234268653814376
Karlen McCaffrey,India,Drinking Coco,2022-05-31,4795.0,233,4795.0,0.2854919212732773,0.2985842985842986,-0.2691434071460986,0.5510468618133999,0.5799621010444809,0.19933584443515912
Dotty Strutley,UK,99% Dark & Pure,2022-01-03,9310.0,282,9310.0,0.55470579440378,0.36164736164736166,0.8220018387020938,0.9461895441417971,0.08781396865642047,1.2503001172445334
Husein Augar,New Zealand,Caramel Stuffed Bars,2022-01-27,497.0,475,497.0,0.029217009487031306,0.6100386100386099,-1.3078460132713545,2.502567864333239,2.6943694919815413,0.8447959225175843
Barr Faughny,UK,50% Dark Bites,2022-01-28,581.0,65,581.0,0.0342256396848081,0.08236808236808237,-1.2875456366044113,-0.8037280490268193,0.34211069703342095,-1.4787538044268298
Curtice Advani,Australia,Organic Choco Syrup,2022-06-28,3472.0,311,3472.0,0.2066059956582928,0.398970398970399,-0.5888743396504525,1.1800494989892159,1.2508180417046502,0.4180239640374681
Husein Augar,UK,Choco Coated Almonds,2022-03-02,4333.0,43,4333.0,0.25794445518550496,0.05405405405405405,-0.38079547881428566,-0.9811390492558956,-0.42450700970101307,-0.9630331403305223
Wilone O'Kielt,Australia,After Nines,2022-05-27,3325.0,26,3325.0,0.1978408928121834,0.032175032175032175,-0.624399998817603,-1.1182293676147272,-0.3491900954255281,-1.2322250420991152
Dennison Crosswaite,USA,Almond Choco,2022-06-30,11718.0,84,11718.0,0.6982865267400482,0.1068211068211068,1.4039459698211296,-0.6505094579198897,-1.4527193646011802,0.5327600667589163
Barr Faughny,Canada,Peanut Butter Cubes,2022-06-07,2100.0,78,2100.0,0.12479836909460515,0.09909909909909909,-0.9204471585438567,-0.6988942761641832,0.1566615455220843,-1.145047309538409
Kaine Padly,USA,70% Dark Bites,2022-05-12,4018.0,100,4018.0,0.23916209194384197,0.1274131274131274,-0.45692189131532235,-0.5214832759351069,-0.04565179286744767,-0.6918369285107364
Barr Faughny,New Zealand,Raspberry Choco,2022-07-29,6468.0,66,6468.0,0.3852471393789985,0.08365508365508365,0.13517242813718508,-0.7956639126527704,-0.6582006887474531,-0.46703800761693515
Dennison Crosswaite,UK,White Choc,2022-08-03,7238.0,265,7238.0,0.43115958285861916,0.33976833976833976,0.32125921425083026,0.8090992257829654,0.3449549802885018,0.799284118119342
Barr Faughny,India,Baker's Choco Chips,2022-08-18,6454.0,141,6454.0,0.38441236767936904,0.18018018018018017,0.1317890320260279,-0.19085368459910107,-0.22814285282607882,-0.041765016362845825
Van Tuxwell,New Zealand,Smooth Sliky Salty,2022-06-14,3115.0,42,3115.0,0.18531931731774143,0.05276705276705276,-0.6751509404849608,-0.9892031856299445,-0.22206847218888642,-1.176876088871658
Beverie Moffet,UK,White Choc,2022-06-30,6475.0,76,6475.0,0.3856645252288132,0.09652509652509651,0.13686412619276367,-0.7150225489122811,-0.6023748447692416,-0.40881974130508497
Camilla Castle,New Zealand,Mint Chip Choco,2022-06-13,1162.0,190,1162.0,0.06886866521943093,0.24324324324324323,-1.1471346979913881,0.20428899772929615,0.9556008595002761,-0.6666925882679109
Ches Bonnell,UK,Orange Choco,2022-04-27,14238.0,54,14238.0,0.848545432673352,0.0682110682110682,2.012957269829423,-0.8924335491413574,-2.05442155009137,0.7923299213789267
Jan Morforth,Australia,White Choc,2022-07-27,3472.0,32,3472.0,0.2066059956582928,0.039897039897039896,-0.5888743396504525,-1.0698445493704338,-0.34009729684172324,-1.1728913745088827
Mallorie Waber,Canada,85% Dark Bars,2022-04-20,5191.445,424,5191.445,0.3091305688775347,0.5444015444015443,-0.17333408776840503,2.0912969092567444,1.6013359348817444,1.3562045171380768
Rafaelita Blaksland,India,Spicy Special Slims,2022-01-04,8064.0,134,8064.0,0.4804111131367576,0.17117117117117117,0.5208795848091042,-0.24730263921744355,-0.5431868597961342,0.19344811340417029
Ches Bonnell,Australia,Mint Chip Choco,2022-02-21,9660.0,92,9660.0,0.5755750868945166,0.1171171171171171,0.9065867414810234,-0.5859963669274983,-1.05541563744016,0.22669162782994023
Karlen McCaffrey,Australia,White Choc,2022-01-05,7357.0,48,7357.0,0.4382551423054696,0.06048906048906049,0.35001808119566635,-0.9408183673856509,-0.9127592061946126,-0.4177588886918843
Beverie Moffet,India,Drinking Coco,2022-07-15,6055.0,46,6055.0,0.3606213742399293,0.05791505791505791,0.035362242858048114,-0.9569466401337487,-0.7016683401951526,-0.6516585767493599
Brien Boise,Australia,Choco Coated Almonds,2022-05-25,5124.0,62,5124.0,0.3051090562145698,0.0785070785070785,-0.1896335985339047,-0.827920458148966,-0.451336966776081,-0.719519373704335
Karlen McCaffrey,Canada,Eclairs,2022-04-20,3479.0,358,3479.0,0.20702338150810753,0.4594594594594595,-0.587182641594874,1.5590639085695153,1.5176254897194779,0.6872238343859312
Gigi Bohling,USA,99% Dark & Pure,2022-06-02,784.0,249,784.0,0.04632982932943536,0.31917631917631917,-1.2384863929926322,0.6800730437981827,1.3566263878642255,-0.3948578659204964
Marney O'Breen,UK,Smooth Sliky Salty,2022-05-13,18991.0,88,16778.052499999998,1.0000000000000002,0.11196911196911195,2.6268146805890713,-0.6182529124236941,-2.2946093004280232,1.4202676467017972
Beverie Moffet,New Zealand,Baker's Choco Chips,2022-08-03,1372.0,144,1372.0,0.08139024071387292,0.18404118404118402,-1.0963837563240304,-0.1666612754769543,0.657413070828541,-0.8931077069304594
Beverie Moffet,Australia,Milk Bars,2022-05-25,735.0,390,735.0,0.04340812838073223,0.5006435006435006,-1.2503282793816823,1.8171162725390808,2.169010843576905,0.4007796334566954
Van Tuxwell,UK,Raspberry Choco,2022-03-16,6538.0,79,6538.0,0.38942099787714585,0.10038610038610038,0.152089408692971,-0.6908301397901343,-0.5960341287271094,-0.3809472242601981
Jan Morforth,Australia,Orange Choco,2022-07-04,3199.0,122,3199.0,0.1903279475155182,0.1557271557271557,-0.6548505638180177,-0.3440722757060306,0.21975343496952746,-0.7063451137095774
Jehu Rudeforth,India,50% Dark Bites,2022-07-05,3472.0,135,3472.0,0.2066059956582928,0.17245817245817244,-0.5888743396504525,-0.23923850284339462,0.24722987115209946,-0.5855642065150685
Madelene Upcott,USA,After Nines,2022-03-15,4571.0,430,4571.0,0.2721355740792059,0.552123552123552,-0.32327774492461353,2.1396817275010376,1.7415753447398281,1.2843915734540285
Barr Faughny,UK,Raspberry Choco,2022-08-22,5481.0,69,5481.0,0.32639573455512116,0.08751608751608751,-0.10335699769939649,-0.7714715035306235,-0.4724282976823643,-0.6185971655950075
Ches Bonnell,Australia,70% Dark Bites,2022-01-12,3136.0,125,3136.0,0.18657147486718562,0.15958815958815958,-0.670075846318225,-0.31987986658388384,0.2476259520144143,-0.7000043976674459
Marney O'Breen,UK,Baker's Choco Chips,2022-06-10,252.0,154,252.0,0.014608504743515651,0.1969111969111969,-1.3670554452166053,-0.08601991173646507,0.9058289126647261,-1.0274794384765857
Kaine Padly,Australia,Peanut Butter Cubes,2022-03-25,5460.0,286,5460.0,0.325143577005677,0.3667953667953668,-0.10843209186613226,0.9784460896379928,0.7685389324652742,0.6151927975516949
Rafaelita Blaksland,India,Almond Choco,2022-07-27,3395.0,99,3395.0,0.20201475131033073,0.12612612612612611,-0.607483018261817,-0.5295474123091558,0.055108795465003524,-0.8040019278721952
Husein Augar,UK,Caramel Stuffed Bars,2022-04-15,14938.0,433,14938.0,0.8902840176548253,0.555984555984556,2.182127075387282,2.1638741366231846,-0.01290677677665437,3.0730869280575552
Roddy Speechley,India,Orange Choco,2022-06-27,4053.0,19,4053.0,0.24124902119291564,0.023166023166023165,-0.4484634010374294,-1.1746783222330697,-0.5135114953763,-1.1477345193513848
Jehu Rudeforth,UK,70% Dark Bites,2022-04-14,5191.445,258,5191.445,0.3091305688775347,0.3307593307593308,-0.17333408776840503,0.7526502711646229,0.6547698194742247,0.40963840173057064
Husein Augar,Australia,Manuka Honey Choco,2022-03-15,7161.0,92,7161.0,0.42656833851065706,0.1171171171171171,0.30265053563946576,-0.5859963669274983,-0.6283682508855231,-0.2003557587247027
Madelene Upcott,USA,Eclairs,2022-03-18,8883.0,200,8883.0,0.5292452575650813,0.25611325611325614,0.7188082573117995,0.2849303614697854,-0.3067980023568338,0.7097503838792799
Brien Boise,India,Eclairs,2022-04-29,1351.0,61,1351.0,0.08013808316442872,0.0772200772200772,-1.101458850490766,-0.835984594523015,0.18771864662524,-1.3699793981346717
Mallorie Waber,New Zealand,White Choc,2022-02-25,3171.0,246,3171.0,0.18865840411625928,0.3153153153153153,-0.6616173560403321,0.6558806346760359,0.9316117634351947,-0.00405647457847833
Husein Augar,USA,Milk Bars,2022-03-02,854.0,56,854.0,0.05050368782758269,0.07078507078507078,-1.2215694124368461,-0.8763052763932596,0.24413861189692398,-1.4834214185513879
Van Tuxwell,Australia,Milk Bars,2022-06-20,7910.0,87,7910.0,0.4712286244408335,0.11068211068211067,0.48366222758637517,-0.626317048797743,-0.7848738733077478,-0.10087219144750707
Beverie Moffet,Canada,White Choc,2022-07-15,9275.0,173,9275.0,0.5526188651547064,0.22136422136422135,0.8135433484242007,0.06719867937046446,-0.5277453765903222,0.6227786603296023
Dotty Strutley,Australia,50% Dark Bites,2022-05-12,3108.0,252,3108.0,0.1849019314679267,0.323037323037323,-0.6768426385405394,0.7042654529203294,0.9765908970235905,0.019390858007162393
Mallorie Waber,New Zealand,Organic Choco Syrup,2022-07-01,5075.0,256,5075.0,0.30218735526586665,0.3281853281853282,-0.20147548492295486,0.7365219984165251,0.6632643812052643,0.3783350179415183
Husein Augar,USA,85% Dark Bars,2022-08-08,378.0,54,378.0,0.022121450040180846,0.0682110682110682,-1.3366048802161905,-0.8924335491413574,0.31407656021165814,-1.5761681889241352
Madelene Upcott,Australia,50% Dark Bites,2022-07-25,7350.0,6,7350.0,0.43783775645565487,0.0064350064350064354,0.34832638314008774,-1.2795120950957057,-1.1510556266369247,-0.6584477314678324
Wilone O'Kielt,UK,Drinking Coco,2022-05-18,5191.445,55,5191.445,0.3091305688775347,0.06949806949806948,-0.17333408776840503,-0.8843694127673085,-0.502777899969911,-0.7479093177135485
Camilla Castle,India,Peanut Butter Cubes,2022-07-15,11837.0,277,11837.0,0.7053820861868986,0.3552123552123552,1.4327048367659656,0.9058688622715525,-0.37252929013801095,1.6536213208939403
Curtice Advani,India,70% Dark Bites,2022-07-05,2282.0,44,2282.0,0.1356504011897882,0.05534105534105534,-0.8764630090988134,-0.9730749128818467,-0.06831493230833449,-1.3078208066941999
Mallorie Waber,USA,Manuka Honey Choco,2022-07-04,5425.0,96,5425.0,0.3230566477566033,0.12226512226512226,-0.11689058214402523,-0.5537398214313026,-0.3088990594562222,-0.47420730603798317
Dotty Strutley,UK,70% Dark Bites,2022-06-20,1267.0,216,1267.0,0.07512945296665192,0.2767052767052767,-1.1217592271577093,0.41395654345456817,1.085915035375062,-0.5004920773885357
Gunar Cockshoot,Australia,Almond Choco,2022-01-25,3752.0,424,3752.0,0.22330142965088212,0.5444015444015443,-0.5212064174273089,2.0912969092567444,1.847318818170716,1.1102216338491022
Kaine Padly,New Zealand,Spicy Special Slims,2022-07-01,7728.0,37,7728.0,0.4603765923456504,0.04633204633204633,0.43967807814133175,-1.0295238675001892,-1.038882658695592,-0.4170839575099727
Gigi Bohling,USA,50% Dark Bites,2022-04-13,2296.0,59,2296.0,0.13648517288941767,0.07464607464607463,-0.8730796129876561,-0.8521128672711128,0.014825728075572987,-1.2198953016430145
Beverie Moffet,UK,Smooth Sliky Salty,2022-05-04,4403.0,76,4403.0,0.2621183136836523,0.09652509652509651,-0.36387849825849977,-0.7150225489122811,-0.24829633939060688,-0.7628982466837245
Beverie Moffet,Australia,Baker's Choco Chips,2022-08-04,3192.0,109,3192.0,0.18991056166570347,0.138996138996139,-0.6565422618735963,-0.4489060485686666,0.14682097444780653,-0.781669996564937
Beverie Moffet,India,70% Dark Bites,2022-06-01,448.0,146,448.0,0.026295308538328177,0.1866151866151866,-1.3196878996604047,-0.15053300272885647,0.826717355877749,-1.0396031699216575
Jehu Rudeforth,UK,Choco Coated Almonds,2022-04-22,4270.0,185,4270.0,0.2541879825371724,0.2368082368082368,-0.39602076131449304,0.16396831585905156,0.3959720738598088,-0.16408585777246687
Kaine Padly,USA,50% Dark Bites,2022-08-03,70.0,27,70.0,0.0037564726483325967,0.03346203346203346,-1.4110395946616485,-1.1101652312406785,0.21275030266014072,-1.782761029155786
Ches Bonnell,USA,Orange Choco,2022-06-10,1743.0,69,1743.0,0.10351169075405377,0.08751608751608751,-1.006723759378365,-0.7714715035306235,0.16634846539936127,-1.2573739286767422
Gunar Cockshoot,UK,Manuka Honey Choco,2022-06-27,6762.0,46,6762.0,0.4027773450712173,0.05791505791505791,0.20622374647148597,-0.9569466401337487,-0.8224856680439434,-0.5308412489005673
Marney O'Breen,Australia,Smooth Sliky Salty,2022-01-03,3745.0,170,3745.0,0.22288404380106738,0.2175032175032175,-0.5228981154828874,0.04300627024831769,0.40015482865374025,-0.33933477800149237
Marney O'Breen,India,After Nines,2022-07-11,2639.0,179,2639.0,0.15693707953033958,0.22908622908622908,-0.7901864082643051,0.115583497614758,0.6404760426417827,-0.4770162927284819
Ches Bonnell,New Zealand,Milk Bars,2022-08-17,4389.0,126,4389.0,0.2612835419840228,0.16087516087516085,-0.36726189436965695,-0.31181573020983494,0.03920635866818906,-0.4801803932922115
Rafaelita Blaksland,USA,Fruit & Nut Bars,2022-01-18,2604.0,65,2604.0,0.15485015028126592,0.08236808236808237,-0.7986448985421981,-0.8037280490268193,-0.003594330177475476,-1.1330487772159283
Ches Bonnell,India,Organic Choco Syrup,2022-03-08,16569.0,99,16569.0,0.987534920661658,0.12612612612612611,2.576292722337094,-0.5295474123091558,-2.1961606204896924,1.4472674880825331
Mallorie Waber,Australia,Orange Choco,2022-03-07,14658.0,275,14658.0,0.873588583662236,0.35263835263835264,2.1144591531641383,0.8897405895234547,-0.8660068013953606,2.124290010093284
Husein Augar,India,70% Dark Bites,2022-05-09,6454.0,157,6454.0,0.38441236767936904,0.20077220077220076,0.1317890320260279,-0.06182750261431831,-0.13690756459402872,0.04947027186920296
Barr Faughny,New Zealand,85% Dark Bars,2022-05-23,2100.0,157,2100.0,0.12479836909460515,0.20077220077220076,-0.9204471585438567,-0.06182750261431831,0.6071357811678316,-0.6945730738926681
Madelene Upcott,UK,Caramel Stuffed Bars,2022-04-15,161.0,145,161.0,0.009182488695924125,0.18532818532818532,-1.389047519939127,-0.15859713910290538,0.8700598082028542,-1.0943500332757696
Gigi Bohling,Australia,Drinking Coco,2022-07-27,2807.0,139,2807.0,0.16695433992589317,0.17760617760617758,-0.7495856549304188,-0.20698195734719893,0.38367875405798446,-0.6763954453049306
Marney O'Breen,Canada,Choco Coated Almonds,2022-08-22,2639.0,406,2639.0,0.15693707953033958,0.5212355212355212,-0.7901864082643051,1.9461424545238637,1.934876694433993,0.8173843590637102
Ches Bonnell,USA,70% Dark Bites,2022-05-11,4571.0,122,4571.0,0.2721355740792059,0.1557271557271557,-0.32327774492461353,-0.3440722757060306,-0.014703953727135975,-0.47188772501291076
Madelene Upcott,India,Organic Choco Syrup,2022-01-26,4781.0,38,4781.0,0.2846571495736479,0.047619047619047616,-0.27252680325725576,-1.0214597311261402,-0.5295755519499906,-0.9149866532265752
Barr Faughny,USA,50% Dark Bites,2022-04-14,13034.0,117,13034.0,0.776755066505218,0.1492921492921493,1.721985204269905,-0.38439295757627523,-1.4894342819846824,0.9458205480996257
Dennison Crosswaite,New Zealand,Mint Chip Choco,2022-04-05,6454.0,417,6454.0,0.38441236767936904,0.5353925353925354,0.1317890320260279,2.0348479546384017,1.3456658691767855,1.532043705639996
Marney O'Breen,New Zealand,Smooth Sliky Salty,2022-06-14,8484.0,57,8484.0,0.5054542641256415,0.07207207207207206,0.6223814681438198,-0.8682411400192106,-1.054029354422058,-0.17384904120338066
Brien Boise,Canada,Almond Choco,2022-04-13,5191.445,125,5191.445,0.3091305688775347,0.15958815958815958,-0.17333408776840503,-0.31987986658388384,-0.10362351395469163,-0.348754931698335
Beverie Moffet,Australia,White Choc,2022-06-27,2240.0,166,2240.0,0.1331460860908998,0.21235521235521235,-0.8866131974322848,0.010749724752122002,0.6345314074619656,-0.619329000925746
Dotty Strutley,Australia,Eclairs,2022-01-26,6979.0,3,6979.0,0.415716306415474,0.0025740025740025744,0.25866638619442234,-1.3037045042178526,-1.1047630513389892,-0.7389535398527871
Barr Faughny,UK,White Choc,2022-07-05,1652.0,72,1652.0,0.09808567470646223,0.09137709137709137,-1.0287158341008866,-0.7472790944084768,0.19900582711152695,-1.2558180573018898
Beverie Moffet,Canada,Baker's Choco Chips,2022-01-11,13447.0,95,13447.0,0.8013808316442872,0.12097812097812097,1.821795389549042,-0.5618039578053515,-1.6854592621461144,0.8909484856229227
Kelci Walkden,USA,White Choc,2022-03-07,9422.0,22,9422.0,0.5613839680008158,0.027027027027027025,0.8490690075913512,-1.1504859131109229,-1.413898843783509,-0.213133937857144
Kaine Padly,Canada,50% Dark Bites,2022-03-04,8687.0,100,8687.0,0.5175584537702688,0.1274131274131274,0.6714407117555989,-0.5214832759351069,-0.8435246411361951,0.10603591975802247
Karlen McCaffrey,Canada,Organic Choco Syrup,2022-07-15,2415.0,312,2415.0,0.1435807323362681,0.40025740025740025,-0.84432074604282,1.1881136353632649,1.43714813340893,0.2430982833621923
Kaine Padly,UK,Peanut Butter Cubes,2022-05-11,6272.0,86,6272.0,0.373560335584186,0.10939510939510938,0.08780488258098448,-0.6343811851717919,-0.5106626657864386,-0.3864878099978265
Karlen McCaffrey,USA,Milk Bars,2022-01-27,4389.0,7,4389.0,0.2612835419840228,0.007722007722007722,-0.36726189436965695,-1.2714479587216567,-0.6393560975576835,-1.1587428495180743
Karlen McCaffrey,India,Orange Choco,2022-06-27,3122.0,149,3122.0,0.18573670316755614,0.19047619047619047,-0.6734592424293823,-0.12634059360670968,0.38687130669612885,-0.5655438876530122
Ches Bonnell,India,Smooth Sliky Salty,2022-08-03,5191.445,18,5191.445,0.3091305688775347,0.021879021879021878,-0.17333408776840503,-1.1827424586071187,-0.7137595040065269,-0.9588909217501614
Wilone O'Kielt,New Zealand,Mint Chip Choco,2022-08-19,11662.0,242,11662.0,0.6949474399415303,0.3101673101673102,1.390412385376501,0.6236240891798401,-0.5422012039751278,1.42413884871584
Wilone O'Kielt,Australia,Fruit & Nut Bars,2022-06-15,392.0,102,392.0,0.022956221739810313,0.12998712998712997,-1.3332214841050334,-0.5053550031870091,0.585390002574169,-1.3000699018943493
Dennison Crosswaite,UK,Peanut Butter Cubes,2022-02-07,8925.0,158,8925.0,0.5317495726639697,0.20205920205920205,0.7289584456452711,-0.05376336624026939,-0.5534679009668836,0.47743501927107
Karlen McCaffrey,Australia,Almond Choco,2022-07-08,7294.0,128,7294.0,0.434498669657137,0.16344916344916344,0.334792798695459,-0.2956874574617371,-0.44581686453298486,0.02765165196698192
Dennison Crosswaite,India,Milk Bars,2022-04-21,1526.0,96,1526.0,0.09057272940979703,0.12226512226512226,-1.0591663991013014,-0.5537398214313026,0.357390560462357,-1.140496925956572
Ches Bonnell,UK,Mint Chip Choco,2022-04-08,5191.445,209,5191.445,0.3091305688775347,0.2676962676962677,-0.17333408776840503,0.3575075888362257,0.37536174926357135,0.13023033151992117
Husein Augar,Australia,50% Dark Bites,2022-08-19,14889.0,52,14889.0,0.8873623167061222,0.06563706563706563,2.170285188998232,-0.9085618218894552,-2.177073599634609,0.8921731488641552
Jan Morforth,India,Fruit & Nut Bars,2022-05-04,2912.0,55,2912.0,0.17321512767311417,0.06949806949806948,-0.72421018409674,-0.8843694127673085,-0.11324967666257427,-1.1374375410208908
Mallorie Waber,USA,85% Dark Bars,2022-05-11,2632.0,108,2632.0,0.15651969368052485,0.1377091377091377,-0.7918781063198838,-0.4569701849427156,0.23681566227888026,-0.8830690954250182
Mallorie Waber,USA,Eclairs,2022-03-22,6328.0,51,6328.0,0.37689942238270385,0.06435006435006434,0.10133846702561322,-0.9166259582635042,-0.7198095481286059,-0.5764953136708755
Dennison Crosswaite,Canada,Spicy Special Slims,2022-08-10,2527.0,216,2527.0,0.15025890593330385,0.2767052767052767,-0.8172535771535626,0.41395654345456817,0.870597025347514,-0.2851740673609848
Dennison Crosswaite,USA,Fruit & Nut Bars,2022-05-04,1414.0,318,1414.0,0.08389455581276131,0.40797940797940796,-1.0862335679905588,1.2364984536075583,1.6424195633511673,0.1062533195939895
Kelci Walkden,USA,99% Dark & Pure,2022-08-18,7714.0,238,7714.0,0.459541820646021,0.305019305019305,0.4362946820301746,0.5913675436836445,0.10965307205317686,0.7266669285715012
Dotty Strutley,Canada,Raspberry Choco,2022-08-03,4347.0,238,4347.0,0.25877922688513444,0.305019305019305,-0.3774120827031285,0.5913675436836445,0.6850306432934581,0.15128935733121185
Marney O'Breen,New Zealand,Milk Bars,2022-01-14,7490.0,315,7490.0,0.44618547345194953,0.4041184041184041,0.3821603442516596,1.2123060444854117,0.5870016540081487,1.1274579958500046
Madelene Upcott,Australia,Choco Coated Almonds,2022-04-08,2058.0,72,2058.0,0.12229405399571674,0.09137709137709137,-0.9305973468773283,-0.7472790944084768,0.1296255794359838,-1.186437809626346
Kelci Walkden,UK,Orange Choco,2022-08-01,3640.0,3,3640.0,0.21662325605384639,0.0025740025740025744,-0.5482735863165663,-1.3037045042178526,-0.5341703247659869,-1.3095462664257975
Dennison Crosswaite,Canada,Eclairs,2022-03-15,455.0,45,455.0,0.02671269438814291,0.056628056628056624,-1.3179962016048261,-0.9650107765077978,0.2495983877461133,-1.6143297157196457
Karlen McCaffrey,India,Mint Chip Choco,2022-07-15,10990.0,184,10990.0,0.6548783983593159,0.2355212355212355,1.228009372040956,0.15590417948500263,-0.758092851801617,0.9785746568599691
Barr Faughny,New Zealand,Almond Choco,2022-01-13,5558.0,127,5558.0,0.33098697890308326,0.16216216216216214,-0.08474831908803196,-0.303751593835786,-0.15485870067619958,-0.2747109229188137
Mallorie Waber,Australia,85% Dark Bars,2022-08-26,2541.0,53,2541.0,0.15109367763293333,0.06692406692406691,-0.8138701810424054,-0.9004976855154063,-0.061254895850135736,-1.2122411438913425
Ches Bonnell,Canada,Eclairs,2022-01-10,1876.0,172,1876.0,0.11144202190053369,0.22007722007722005,-0.9745814963223717,0.05913454299641554,0.7309476212236095,-0.6473187485133537
Gigi Bohling,Australia,White Choc,2022-05-11,5523.0,87,5523.0,0.3289000496540096,0.11068211068211067,-0.09320680936592493,-0.626317048797743,-0.37696586542222627,-0.5087801993330344
Beverie Moffet,New Zealand,85% Dark Bars,2022-08-30,11200.0,22,11200.0,0.6673999738537579,0.027027027027027025,1.2787603137083137,-1.1504859131109229,-1.7177364801557156,0.09070369851506703
Kaine Padly,USA,Caramel Stuffed Bars,2022-07-21,5593.0,122,5593.0,0.3330739081521569,0.1557271557271557,-0.076289828810139,-0.3440722757060306,-0.18935078408281383,-0.29724089465723036
Mallorie Waber,Australia,Almond Choco,2022-08-01,7882.0,125,7882.0,0.46955908104157457,0.15958815958815958,0.4768954353640608,-0.31987986658388384,-0.5634052190893499,0.11102677343633001
Brien Boise,Canada,85% Dark Bars,2022-02-17,10241.0,259,10241.0,0.6102181124291395,0.33204633204633205,1.0469976800940466,0.7607144075386719,-0.2024328433641732,1.2782454755979873
Brien Boise,Australia,Drinking Coco,2022-07-27,6832.0,156,6832.0,0.40695120356936465,0.19948519948519947,0.2231407270272719,-0.06989163898836723,-0.20720517311679626,0.10836346936296527
Dotty Strutley,USA,Orange Choco,2022-02-23,1379.0,107,1379.0,0.08180762656368765,0.1364221364221364,-1.0946920582684518,-0.4650343213167645,0.44523525562510535,-1.1028930998002526
Rafaelita Blaksland,Australia,50% Dark Bites,2022-03-22,3010.0,40,3010.0,0.17905852957052043,0.05019305019305019,-0.7005264113186397,-1.0053314583780424,-0.21552971571559718,-1.2062236674029603
Dennison Crosswaite,India,99% Dark & Pure,2022-06-23,6888.0,311,6888.0,0.4102902903678825,0.398970398970399,0.23667431147190063,1.1800494989892159,0.6670669922966312,1.0017750134454957
Curtice Advani,UK,White Choc,2022-02-01,1540.0,73,1540.0,0.09140750110942651,0.09266409266409266,-1.055783002990144,-0.7392149580344278,0.22384741129514543,-1.2692552304565021
Kelci Walkden,Australia,After Nines,2022-03-02,6916.0,288,6916.0,0.4119598337671414,0.36936936936936937,0.243441103694215,0.9945743623860906,0.5311314207957806,0.8754091312792046
Gigi Bohling,UK,Fruit & Nut Bars,2022-04-06,1232.0,86,1232.0,0.07304252371757826,0.10939510939510938,-1.1302177174356023,-0.6343811851717919,0.3506093743237536,-1.247759850108031
Gunar Cockshoot,Australia,Raspberry Choco,2022-03-17,602.0,72,602.0,0.035477797234252303,0.09137709137709137,-1.2824705424376757,-0.7472790944084768,0.3784375021344836,-1.4352497323248492
Curtice Advani,UK,Fruit & Nut Bars,2022-06-24,10927.0,136,10927.0,0.6511219257109834,0.17374517374517373,1.2127840895407487,-0.2311743664693457,-1.02103281599639,0.6941028916624453
Barr Faughny,Canada,50% Dark Bites,2022-07-19,10185.0,303,10185.0,0.6068790256306217,0.3886743886743887,1.0334640956494179,1.1155364079968244,0.05803388860852209,1.5195728289015635
Curtice Advani,USA,Spicy Special Slims,2022-07-11,1603.0,264,1603.0,0.0951639737577591,0.3384813384813385,-1.0405577204899368,0.8010350894089164,1.3022027640638663,-0.16936807668504247
Brien Boise,India,Almond Choco,2022-01-13,2170.0,218,2170.0,0.12897222759275248,0.2792792792792793,-0.9035301779880708,0.43008481620266603,0.9430082058843257,-0.33477642583978473
Oby Sorrel,New Zealand,Smooth Sliky Salty,2022-07-07,8673.0,60,8673.0,0.5167236820706393,0.07593307593307592,0.6680573156444418,-0.8440487308970639,-1.069220439382681,-0.124444723155739
Jan Morforth,India,85% Dark Bars,2022-05-25,4760.0,418,4760.0,0.28340499202420366,0.5366795366795366,-0.27760189742399155,2.0429120910124507,1.640851177061659,1.248262808784125
Marney O'Breen,India,Fruit & Nut Bars,2022-04-13,4753.0,151,4753.0,0.28298760617438895,0.19305019305019303,-0.2792935954795701,-0.11021232085861185,0.11955851585614233,-0.2754222747550093
Andria Kimpton,New Zealand,50% Dark Bites,2022-03-02,3374.0,202,3374.0,0.20076259376088654,0.2586872586872587,-0.6125581124285528,0.30105863421788326,0.6460245969592853,-0.22026339337884035
Gunar Cockshoot,Canada,Raspberry Choco,2022-06-23,2058.0,126,2058.0,0.12229405399571674,0.16087516087516085,-0.9305973468773283,-0.31181573020983494,0.43754467721915297,-0.878518711843181
Kelci Walkden,USA,Drinking Coco,2022-07-26,6454.0,160,6454.0,0.38441236767936904,0.2046332046332046,0.1317890320260279,-0.03763509349217154,-0.11980094805051933,0.06657688841271212
Van Tuxwell,Canada,White Choc,2022-03-22,420.0,3,420.0,0.024625765139069243,0.0025740025740025744,-1.326454691882719,-1.3037045042178526,0.016086811971079962,-1.8598034031628725
Rafaelita Blaksland,USA,Baker's Choco Chips,2022-06-09,2863.0,58,2863.0,0.17029342672441103,0.07335907335907335,-0.7360520704857901,-0.8601770036451617,-0.0877695819513268,-1.1287044026451196
Van Tuxwell,Australia,Caramel Stuffed Bars,2022-05-17,5936.0,59,5936.0,0.3535258147930788,0.07464607464607463,0.006603375913212038,-0.8521128672711128,-0.6072040786706769,-0.5978654948967559
Ches Bonnell,New Zealand,Peanut Butter Cubes,2022-03-04,889.0,273,889.0,0.05259061707665635,0.35006435006435005,-1.2131109221589533,0.8736123167753568,1.4755361527100046,-0.24006176607012736
Kelci Walkden,Canada,Milk Bars,2022-07-07,16016.0,28,16016.0,0.9545614385262942,0.03474903474903475,2.4426485759463854,-1.1021010948666294,-2.506516529840658,0.9479102143740583
Dennison Crosswaite,Canada,Choco Coated Almonds,2022-01-13,10479.0,118,10479.0,0.6244092313228404,0.15057915057915056,1.1045154139837188,-0.3763288212022263,-1.047115000580985,0.5149056777249281
Curtice Advani,Australia,Almond Choco,2022-07-13,2912.0,75,2912.0,0.17321512767311417,0.09523809523809523,-0.72421018409674,-0.72308668528633,0.0007944336274883083,-1.0233934307308297
Madelene Upcott,Australia,85% Dark Bars,2022-06-16,1575.0,329,1575.0,0.09349443035850018,0.42213642213642216,-1.0473245127122512,1.3252039537220965,1.6776309671738483,0.19649043709037678
Gigi Bohling,UK,50% Dark Bites,2022-07-18,8197.0,69,8197.0,0.48834144428323756,0.08751608751608751,0.5530218478650974,-0.7714715035306235,-0.9365582304084124,-0.154467232868953
Ches Bonnell,UK,Manuka Honey Choco,2022-05-30,4221.0,395,4221.0,0.25126628158846925,0.507078507078507,-0.4078626477035432,1.8574369544093254,1.6018087100732046,1.0250038221054356
Gigi Bohling,UK,70% Dark Bites,2022-06-21,840.0,81,840.0,0.04966891612795322,0.10296010296010295,-1.2249528085480035,-0.6747018670420365,0.3890861720931417,-1.343258703022451
Jehu Rudeforth,Australia,Peanut Butter Cubes,2022-06-24,5691.0,38,5691.0,0.33891731004956316,0.047619047619047616,-0.0526060560320387,-1.0214597311261402,-0.6850830036365528,-0.7594792015400104
Marney O'Breen,India,Eclairs,2022-01-13,3472.0,96,3472.0,0.2066059956582928,0.12226512226512226,-0.5888743396504525,-0.5537398214313026,0.024843856086477305,-0.8079502215806874
Curtice Advani,Canada,Fruit & Nut Bars,2022-04-04,4193.0,195,4193.0,0.24959673818921027,0.24967824967824967,-0.41462943992585755,0.24460967959954077,0.466152451839857,-0.12022212546245348
Kaine Padly,UK,Smooth Sliky Salty,2022-06-08,9016.0,554,9016.0,0.5371755887115612,0.7117117117117117,0.7509505203677929,3.139634637883104,1.6890547376077,2.7510591481829345
Karlen McCaffrey,Canada,Spicy Special Slims,2022-08-02,6328.0,47,6328.0,0.37689942238270385,0.0592020592020592,0.10133846702561322,-0.9488825037596998,-0.7426183701866182,-0.5993041357288876
Kelci Walkden,USA,Organic Choco Syrup,2022-07-21,9870.0,152,9870.0,0.5880966623889586,0.19433719433719432,0.9573376831483811,-0.10214818448456292,-0.7491696415745634,0.6047102937047151
Curtice Advani,India,Spicy Special Slims,2022-06-20,161.0,134,161.0,0.009182488695924125,0.17117117117117117,-1.389047519939127,-0.24730263921744355,0.8073355475433198,-1.1570742939353031
Roddy Speechley,India,After Nines,2022-06-22,2576.0,112,2576.0,0.153180606882007,0.14285714285714285,-0.8054116907645125,-0.42471363944651985,0.26919417367145043,-0.8698299627015638
Camilla Castle,Australia,Caramel Stuffed Bars,2022-05-02,3178.0,16,3178.0,0.18907578996607402,0.019305019305019305,-0.6599256579847534,-1.1988707313552165,-0.3810917160673453,-1.31436753174736
Curtice Advani,Australia,99% Dark & Pure,2022-01-07,4676.0,84,4676.0,0.2783963618264269,0.1068211068211068,-0.2979022740909346,-0.6505094579198897,-0.24933093078055063,-0.6706283670617307
Mallorie Waber,UK,50% Dark Bites,2022-02-21,5502.0,99,5502.0,0.32764789210456535,0.12612612612612611,-0.09828190353266071,-0.5295474123091558,-0.3049507657477296,-0.443942366659457
Ches Bonnell,Canada,Baker's Choco Chips,2022-03-21,7462.0,371,7462.0,0.4445159300526906,0.4761904761904762,0.37539355202934527,1.6638976814321513,0.9111100074876028,1.4419966599948966
Van Tuxwell,UK,Drinking Coco,2022-04-04,5803.0,136,5803.0,0.34559548364659887,0.17374517374517373,-0.025538887142781224,-0.2311743664693457,-0.14540624188436133,-0.18152368244959582
Gunar Cockshoot,Canada,Fruit & Nut Bars,2022-03-24,13888.0,203,13888.0,0.8276761401826154,0.25997425997426,1.9283723670504933,0.30912277059193216,-1.144982370089418,1.5821479846988948
Gunar Cockshoot,New Zealand,Spicy Special Slims,2022-06-28,6867.0,183,6867.0,0.4090381328184383,0.23423423423423423,0.23159921730516486,0.1478400431109537,-0.05922668005931025,0.2683040740886462
Gunar Cockshoot,Australia,Drinking Coco,2022-01-14,2317.0,195,2317.0,0.13773733043886185,0.24967824967824967,-0.8680045188209203,0.24460967959954077,0.7867370445475397,-0.4408067181701406
Karlen McCaffrey,New Zealand,Fruit & Nut Bars,2022-02-07,1218.0,135,1218.0,0.0722077520179488,0.17245817245817244,-1.1336011135467594,-0.23923850284339462,0.6324098668680463,-0.9707442022310211
Dennison Crosswaite,New Zealand,Drinking Coco,2022-01-11,4109.0,197,4109.0,0.2445881079914335,0.2522522522522523,-0.43492981659280067,0.26073795234763864,0.4919113968706998,-0.12317224843528408
Jehu Rudeforth,India,99% Dark & Pure,2022-02-25,1953.0,242,1953.0,0.11603326624849575,0.3101673101673102,-0.9559728177110072,0.6236240891798401,1.116943684403812,-0.23500603966312328
Dotty Strutley,Australia,Mint Chip Choco,2022-08-01,6790.0,25,6790.0,0.4044468884704762,0.03088803088803089,0.21299053869380036,-1.1262935039887763,-0.9470168285157882,-0.6458027200378527
Roddy Speechley,Australia,Mint Chip Choco,2022-05-05,6797.0,252,6797.0,0.404864274320291,0.323037323037323,0.21468223674937895,0.7042654529203294,0.34618761210960286,0.6497941429211594
Madelene Upcott,New Zealand,Raspberry Choco,2022-05-18,9226.0,415,9226.0,0.5496971642060032,0.5328185328185328,0.8017014620351506,2.0187196818903037,0.8605618360871734,1.9943389166716021
Dotty Strutley,New Zealand,Choco Coated Almonds,2022-01-04,5733.0,348,5733.0,0.34142162514845154,0.4465894465894466,-0.04245586769856715,1.478422544829026,1.0754234388584993,1.0153817749568532
Roddy Speechley,New Zealand,50% Dark Bites,2022-05-09,4312.0,211,4312.0,0.2566922976360608,0.2702702702702703,-0.38587057298102145,0.37363586158432355,0.537052150235972,-0.008651247394469248
Rafaelita Blaksland,India,Smooth Sliky Salty,2022-05-06,1638.0,81,1638.0,0.09725090300683277,0.10296010296010295,-1.0320992302120438,-0.6747018670420365,0.25271809907569454,-1.2068906300050017
Husein Augar,UK,White Choc,2022-01-13,10815.0,145,10815.0,0.6444437521139477,0.18532818532818532,1.185716920651491,-0.15859713910290538,-0.9505735876967463,0.7262833626238571
Roddy Speechley,Australia,Almond Choco,2022-06-24,4466.0,74,4466.0,0.2658747863319849,0.09395109395109394,-0.34865321575829245,-0.7311508216603789,-0.2704666509209906,-0.763536757211353
Van Tuxwell,USA,Caramel Stuffed Bars,2022-02-14,987.0,21,987.0,0.05843401897406261,0.02574002574002574,-1.189427149380853,-1.1585500494849719,0.021833406719739896,-1.6602705993894198
Camilla Castle,Australia,99% Dark & Pure,2022-01-18,4669.0,101,4669.0,0.27797897597661214,0.1287001287001287,-0.29959397214651323,-0.513419139561058,-0.15119722586717768,-0.5748870844819985
Kaine Padly,India,Milk Bars,2022-05-02,2905.0,91,2905.0,0.17279774182329943,0.11583011583011582,-0.7259018821523185,-0.5940605033015472,0.09322593302635827,-0.9333543536656008
Ches Bonnell,Australia,Smooth Sliky Salty,2022-05-16,7490.0,54,7490.0,0.44618547345194953,0.0682110682110682,0.3821603442516596,-0.8924335491413574,-0.9012739852771684,-0.3608176434352913
Mallorie Waber,USA,Almond Choco,2022-01-28,6986.0,368,6986.0,0.41613369226528873,0.4723294723294723,0.26035808425000095,1.6397052723100045,0.9753457502878339,1.343547684107646
Kaine Padly,Canada,99% Dark & Pure,2022-06-24,1288.0,409,1288.0,0.07638161051609613,0.525096525096525,-1.1166841329909736,1.9703348636460103,2.1828520661737074,0.6036222204110117
Oby Sorrel,UK,After Nines,2022-07-18,2345.0,104,2345.0,0.13940687383812078,0.13256113256113256,-0.861237726598606,-0.48922673043891124,0.2630514980604758,-0.9549225753226391
Gunar Cockshoot,UK,Eclairs,2022-04-13,3619.0,164,3619.0,0.2153710985044022,0.20978120978120976,-0.5533486804833021,-0.005378547995975845,0.38747339656947627,-0.3950798120912657
Dotty Strutley,USA,Caramel Stuffed Bars,2022-04-15,16982.0,76,16778.052499999998,1.0000000000000002,0.09652509652509651,2.6268146805890713,-0.7150225489122811,-2.363035766602061,1.3518411805277606
Jan Morforth,India,Peanut Butter Cubes,2022-01-04,8092.0,178,8092.0,0.48208065653601656,0.2277992277992278,0.5276463770314186,0.10751936124070909,-0.29707466182527537,0.4491300007095835
Husein Augar,Australia,Eclairs,2022-07-04,6993.0,31,6993.0,0.4165510781151035,0.03861003861003861,0.2620497823055795,-1.0779086857444826,-0.9474937192665409,-0.5768993631130623
Beverie Moffet,USA,Smooth Sliky Salty,2022-03-24,2317.0,352,2317.0,0.13773733043886185,0.4517374517374517,-0.8680045188209203,1.5106790903252219,1.6819833103245312,0.45443954760683813
Camilla Castle,Australia,Manuka Honey Choco,2022-03-17,637.0,169,637.0,0.03756472648332596,0.2162162162162162,-1.2740120521597826,0.03494213387426877,0.9255703812071889,-0.8761547415839548
Oby Sorrel,Australia,Almond Choco,2022-02-15,6034.0,223,6034.0,0.35936921669048505,0.2857142857142857,0.030287148691312337,0.47040549807291065,0.3112106693723607,0.3540431658172206
Jan Morforth,USA,Orange Choco,2022-06-29,980.0,146,980.0,0.05801663312424788,0.1866151866151866,-1.1911188474364316,-0.15053300272885647,0.735805307199451,-0.9486911212433581
Gigi Bohling,USA,Fruit & Nut Bars,2022-05-24,2821.0,112,2821.0,0.16778911162552262,0.14285714285714285,-0.7462022588192617,-0.42471363944651985,0.22732678283276056,-0.8279625718628734
Mallorie Waber,UK,Milk Bars,2022-01-10,3563.0,284,3563.0,0.21203201170588432,0.36422136422136425,-0.5668822649279309,0.9623178168898949,1.0813077476444097,0.27961516031454237
Curtice Advani,USA,Raspberry Choco,2022-03-15,2996.0,139,2996.0,0.17822375787089095,0.17760617760617758,-0.7039098074297969,-0.20698195734719893,0.3513810525538524,-0.6440977438007979
Marney O'Breen,Canada,Milk Bars,2022-02-08,2436.0,309,2436.0,0.14483288988571233,0.3963963963963964,-0.8392456518760842,1.163921226241118,1.4164528833649614,0.22958030031914253
Brien Boise,India,Caramel Stuffed Bars,2022-02-25,1540.0,100,1540.0,0.09140750110942651,0.1274131274131274,-1.055783002990144,-0.5214832759351069,0.37780696018672993,-1.11529568156492
Gunar Cockshoot,USA,Eclairs,2022-05-03,6916.0,42,6916.0,0.4119598337671414,0.05276705276705276,0.243441103694215,-0.9892031856299445,-0.8716111357719898,-0.5273334252885458
Roddy Speechley,USA,Fruit & Nut Bars,2022-06-14,5509.0,24,5509.0,0.3280652779543801,0.029601029601029602,-0.09659020547708211,-1.134357640362825,-0.7338123905022842,-0.870411569080366
Gunar Cockshoot,India,50% Dark Bites,2022-08-09,12992.0,83,12992.0,0.7742507514063296,0.10553410553410553,1.7118350159364335,-0.6585735942939386,-1.6761320024768707,0.7447682936056037
Wilone O'Kielt,New Zealand,Manuka Honey Choco,2022-07-11,3724.0,234,3724.0,0.22163188625162317,0.2998712998712999,-0.5279732096496232,0.5591109981874488,0.7686846150823997,0.022017741426243707
Kaine Padly,UK,Manuka Honey Choco,2022-01-14,7133.0,118,7133.0,0.42489879511139816,0.15057915057915056,0.2958837434171514,-0.3763288212022263,-0.47532606284116286,-0.056883260014902355
Van Tuxwell,Canada,Manuka Honey Choco,2022-02-24,8617.0,46,8617.0,0.5133845952721214,0.05791505791505791,0.654523731199813,-0.9569466401337487,-1.139481627251167,-0.2138452896933394
Wilone O'Kielt,New Zealand,Almond Choco,2022-03-15,9198.0,144,9198.0,0.5480276208067443,0.18404118404118402,0.7949346698128362,-0.1666612754769543,-0.6799510136758963,0.44425637757399694
Oby Sorrel,New Zealand,Baker's Choco Chips,2022-04-25,11823.0,47,11823.0,0.7045473144872691,0.0592020592020592,1.4293214406548085,-0.9488825037596998,-1.6816441361400916,0.3397216302245994
Dennison Crosswaite,Australia,Organic Choco Syrup,2022-05-10,5775.0,41,5775.0,0.34392594024733997,0.05148005148005148,-0.032305679365095596,-0.9972673220039934,-0.68233092109488,-0.7280180509946645
Marney O'Breen,Australia,Spicy Special Slims,2022-06-23,13125.0,275,13125.0,0.7821810825528095,0.35263835263835264,1.7439772789924266,0.8897405895234547,-0.6040365558618439,1.8623197645597638
Beverie Moffet,Canada,Smooth Sliky Salty,2022-02-28,5191.445,370,5191.445,0.3091305688775347,0.4749034749034749,-0.17333408776840503,1.6558335450581023,1.2934168370985755,1.048285419354912
Brien Boise,USA,Organic Choco Syrup,2022-05-25,16233.0,138,16233.0,0.9675003998705509,0.17631917631917632,2.495091215669322,-0.21504609372124786,-1.9163564694167246,1.6122353671408054
Roddy Speechley,New Zealand,Baker's Choco Chips,2022-02-22,5313.0,215,5313.0,0.3163784741595676,0.2754182754182754,-0.1439577510332827,0.40589240708051927,0.38880277543876585,0.18521577151876414
Van Tuxwell,UK,85% Dark Bars,2022-07-11,3577.0,134,3577.0,0.2128667834055138,0.17117117117117117,-0.5634988688167737,-0.24730263921744355,0.22358449813530062,-0.5733232445272756
Marney O'Breen,Canada,Spicy Special Slims,2022-01-03,3528.0,336,3528.0,0.20994508245681065,0.43114543114543114,-0.5753407552058238,1.381652908340439,1.383803490232671,0.5701487912346022
Rafaelita Blaksland,New Zealand,70% Dark Bites,2022-08-24,679.0,280,679.0,0.04006904158221436,0.3590733590733591,-1.263861863826311,0.9300612713936992,1.5513379263161182,-0.23603266247319768
Beverie Moffet,USA,50% Dark Bites,2022-07-28,2450.0,352,2450.0,0.14566766158534178,0.4517374517374517,-0.8358622557649271,1.5106790903252219,1.6592552981549569,0.4771675597764131
Brien Boise,USA,Mint Chip Choco,2022-05-25,10577.0,150,10577.0,0.6302526332202467,0.19176319176319176,1.128199186761819,-0.11827645723266077,-0.8813913804523607,0.7141232105245017
Karlen McCaffrey,New Zealand,Eclairs,2022-05-06,2597.0,177,2597.0,0.15443276443145118,0.2265122265122265,-0.8003365965977767,0.09945522486666016,0.6362488986136947,-0.49559797075840634
Barr Faughny,India,Drinking Coco,2022-01-28,2219.0,142,2219.0,0.1318939285414556,0.18146718146718147,-0.8916882915990206,-0.18278954822505217,0.5012671086143496,-0.7597705667742786
Marney O'Breen,UK,Orange Choco,2022-06-06,11319.0,12,11319.0,0.6744955333006084,0.014157014157014158,1.3075191806531499,-1.231127276851412,-1.795094125136682,0.054017233205972376
Brien Boise,New Zealand,Baker's Choco Chips,2022-07-12,5978.0,24,5978.0,0.3560301298919672,0.029601029601029602,0.016753564246683596,-1.134357640362825,-0.813958538679205,-0.7902654209034444
Ches Bonnell,Canada,Spicy Special Slims,2022-08-05,5327.0,183,5327.0,0.317213245859197,0.23423423423423423,-0.14057435492212553,0.1478400431109537,0.20393977664102622,0.005137617388305981
Brien Boise,USA,Orange Choco,2022-01-28,6020.0,147,6020.0,0.3585344449908556,0.18790218790218788,0.02690375258015515,-0.14246886635480754,-0.11976452739623793,-0.08171687561865071
Kaine Padly,India,Spicy Special Slims,2022-08-31,5614.0,137,5614.0,0.3343260657016011,0.17503217503217502,-0.07121473464340322,-0.22311023009529676,-0.10740633486572598,-0.20811917843922542
Mallorie Waber,USA,50% Dark Bites,2022-04-19,1736.0,13,1736.0,0.10309430490423903,0.015444015444015444,-1.0084154574339437,-1.2230631404773633,-0.15177883224599437,-1.5778936486557331
Mallorie Waber,UK,Mint Chip Choco,2022-06-29,6384.0,2,6384.0,0.3802385091812217,0.001287001287001287,0.11487205147024197,-1.3117686405919013,-1.008787307673817,-0.846333694546967
Beverie Moffet,India,Choco Coated Almonds,2022-02-24,3577.0,261,3577.0,0.2128667834055138,0.33462033462033464,-0.5634988688167737,0.7768426802867697,0.9477645984771982,0.15085685581461167
Madelene Upcott,UK,Smooth Sliky Salty,2022-03-04,14539.0,84,14539.0,0.8664930242153855,0.1068211068211068,2.0857002862193026,-0.6505094579198897,-1.934792464829524,1.014833166987267
Gigi Bohling,India,Eclairs,2022-06-21,3493.0,68,3493.0,0.20785815320773698,0.08622908622908622,-0.5837992454837168,-0.7795356399046725,-0.13840653182006943,-0.9640233424863134
Rafaelita Blaksland,Australia,Organic Choco Syrup,2022-01-26,5191.445,105,5191.445,0.3091305688775347,0.13384813384813385,-0.17333408776840503,-0.48116259406486234,-0.2176676242447543,-0.46279904198839605
Oby Sorrel,New Zealand,White Choc,2022-06-10,4361.0,40,4361.0,0.2596139985847639,0.05019305019305019,-0.3740286865919713,-1.0053314583780424,-0.4463984709118014,-0.9753549122067527
Andria Kimpton,UK,Drinking Coco,2022-05-23,1554.0,65,1554.0,0.09224227280905598,0.08236808236808237,-1.052399606878987,-0.8037280490268193,0.17583734484548094,-1.3124804522388873
Kelci Walkden,India,Milk Bars,2022-04-15,966.0,107,966.0,0.05718186142461841,0.1364221364221364,-1.1945022435475887,-0.4650343213167645,0.5158117144674681,-1.1734695586426165
Karlen McCaffrey,New Zealand,Caramel Stuffed Bars,2022-01-31,5334.0,227,5334.0,0.3176306317090118,0.2908622908622909,-0.13888265686654694,0.5026620435691064,0.45364060811234425,0.25723087119325994
Andria Kimpton,New Zealand,Organic Choco Syrup,2022-03-04,4935.0,39,4935.0,0.293839638269572,0.0489060489060489,-0.23530944603452672,-1.0133955947520912,-0.5501899921055208,-0.882967802042038
Barr Faughny,New Zealand,After Nines,2022-04-19,10024.0,84,10024.0,0.5972791510848828,0.1068211068211068,0.9945550403711102,-0.6505094579198897,-1.16323626223081,0.24327696438854185
Beverie Moffet,UK,Almond Choco,2022-05-16,5191.445,100,5191.445,0.3091305688775347,0.1274131274131274,-0.17333408776840503,-0.5214832759351069,-0.24617865181726994,-0.4913100695609112
Oby Sorrel,Australia,Raspberry Choco,2022-02-17,5191.445,120,5191.445,0.3091305688775347,0.15315315315315314,-0.17333408776840503,-0.36020054845412847,-0.1321345415272073,-0.3772659592708502
Dennison Crosswaite,USA,Raspberry Choco,2022-01-18,6524.0,257,6524.0,0.38858622617751637,0.32947232947232946,0.14870601258181382,0.744586134790574,0.4213508751880872,0.6316529349877053
Roddy Speechley,Canada,Orange Choco,2022-02-09,8148.0,85,8148.0,0.4854197433345344,0.1081081081081081,0.5411799614760473,-0.6424453215458408,-0.8369494640086242,-0.07160542280464242
Mallorie Waber,Canada,Orange Choco,2022-03-23,3577.0,178,3577.0,0.2128667834055138,0.2277992277992278,-0.5634988688167737,0.10751936124070909,0.4744815407734384,-0.3224262018891414
Madelene Upcott,New Zealand,Caramel Stuffed Bars,2022-02-01,3374.0,151,3374.0,0.20076259376088654,0.19305019305019303,-0.6125581124285528,-0.11021232085861185,0.35521211571962547,-0.5110758746184959
Mallorie Waber,India,Drinking Coco,2022-03-07,3948.0,142,3948.0,0.23498823344569464,0.18146718146718147,-0.4738388718711083,-0.18278954822505217,0.2058029504098809,-0.46430640856980554
Ches Bonnell,UK,White Choc,2022-01-03,3269.0,226,3269.0,0.19450180601366554,0.2895752895752896,-0.6379335832622318,0.4945979071950574,0.8008206968096561,-0.10135362853306308
Ches Bonnell,USA,White Choc,2022-02-11,5271.0,341,5271.0,0.31387415906067917,0.4375804375804376,-0.15410793936675427,1.4219735902106836,1.1144579372670784,0.89651639934523
Dennison Crosswaite,New Zealand,Orange Choco,2022-03-16,4571.0,140,4571.0,0.2721355740792059,0.17889317889317888,-0.32327774492461353,-0.19891782097315,0.08793574553392038,-0.36924802575185584
Dotty Strutley,India,White Choc,2022-08-15,12327.0,330,12327.0,0.7345990956739299,0.42342342342342343,1.551123700656467,1.3332680900961453,-0.15404717954672514,2.039572994839982
Gigi Bohling,India,Manuka Honey Choco,2022-05-12,4935.0,73,4935.0,0.293839638269572,0.09266409266409266,-0.23530944603452672,-0.7392149580344278,-0.3563150046124144,-0.6890928145489342
Van Tuxwell,India,Spicy Special Slims,2022-04-11,6167.0,4,6167.0,0.367299547836965,0.003861003861003861,0.062429411747305597,-1.2956403678438035,-0.9603003504733998,-0.8720118296893726
Jan Morforth,New Zealand,Mint Chip Choco,2022-06-30,5191.445,285,5191.445,0.3091305688775347,0.3655083655083655,-0.17333408776840503,0.9703819532639438,0.8087293683658092,0.563597950622153
Dotty Strutley,New Zealand,White Choc,2022-06-15,7014.0,60,7014.0,0.4178032356645477,0.07593307593307592,0.2671248764723153,-0.8440487308970639,-0.7857183928464093,-0.40794676969201465
Rafaelita Blaksland,Canada,Caramel Stuffed Bars,2022-08-01,7119.0,101,7119.0,0.4240640234117687,0.1287001287001287,0.2925003473059942,-0.513419139561058,-0.5698711342540767,-0.1562131760950936
Kaine Padly,USA,Milk Bars,2022-06-15,15491.0,58,15491.0,0.9232574997901892,0.07335907335907335,2.315771221777991,-0.8601770036451617,-2.245734526894086,1.0292605422976702
Brien Boise,India,After Nines,2022-06-16,5747.0,45,5747.0,0.342256396848081,0.056628056628056624,-0.039072471587409965,-0.9650107765077978,-0.6547372543695887,-0.7099940736039313
Oby Sorrel,New Zealand,Raspberry Choco,2022-05-13,4550.0,281,4550.0,0.27088341652976167,0.36036036036036034,-0.3283528390913493,0.9381254077677482,0.8955353565793209,0.431174318292615
Dennison Crosswaite,USA,Drinking Coco,2022-05-10,2191.0,138,2191.0,0.13022438514219667,0.17631917631917632,-0.898455083821335,-0.21504609372124786,0.4832431312236159,-0.7873642334995696
Oby Sorrel,India,Eclairs,2022-08-25,5663.0,322,5663.0,0.3372477666503042,0.41312741312741313,-0.05937284825435308,1.268754999103754,0.9391282071496153,0.8551623199115769
Ches Bonnell,New Zealand,Organic Choco Syrup,2022-07-15,7623.0,85,7623.0,0.45411580459842943,0.1081081081081081,0.4143026073076529,-0.6424453215458408,-0.747233626497146,-0.16132126031612198
Gigi Bohling,UK,Baker's Choco Chips,2022-05-16,9023.0,409,9023.0,0.537592974561376,0.525096525096525,0.7526422184233714,1.9703348636460103,0.8610387268379261,1.9254355597468116
Jan Morforth,Australia,50% Dark Bites,2022-06-14,3402.0,182,3402.0,0.20243213716014546,0.23294723294723294,-0.6057913202062385,0.13977590673690476,0.5271956420019436,-0.32952265900162236
Beverie Moffet,Australia,Smooth Sliky Salty,2022-01-25,10507.0,467,10507.0,0.6260787747220994,0.5997425997425997,1.111282206206033,2.438054773340848,0.938169879313329,2.509760246953771
Ches Bonnell,USA,Organic Choco Syrup,2022-07-28,7721.0,14,7721.0,0.4599592064958357,0.01673101673101673,0.4379863800857532,-1.2149990041033143,-1.1688371743623442,-0.5494308955103624
Brien Boise,Canada,Mint Chip Choco,2022-01-28,5033.0,178,5033.0,0.2996830401669783,0.2277992277992278,-0.21162567325642642,0.10751936124070909,0.22566961807493843,-0.07361427919063786
Kaine Padly,UK,Orange Choco,2022-06-29,1960.0,191,1960.0,0.11645065209831049,0.24453024453024452,-0.9542811196554286,0.21235313410334508,0.8249349919973324,-0.5246223097359591
Karlen McCaffrey,Australia,70% Dark Bites,2022-06-24,238.0,317,238.0,0.013773733043886186,0.4066924066924067,-1.3704388413277624,1.2284343172335095,1.8376808338623758,-0.10041236194622788
Gunar Cockshoot,Canada,Mint Chip Choco,2022-07-01,5191.445,410,5191.445,0.3091305688775347,0.5263835263835264,-0.17333408776840503,1.9783990000200593,1.5215050576787006,1.276373639935034
Roddy Speechley,USA,Peanut Butter Cubes,2022-02-25,1736.0,137,1736.0,0.10309430490423903,0.17503217503217502,-1.0084154574339437,-0.22311023009529676,0.555294651552394,-0.8708201648573549
Curtice Advani,Canada,Smooth Sliky Salty,2022-08-01,2660.0,12,2660.0,0.15818923707978377,0.014157014157014158,-0.7851113140975693,-1.231127276851412,-0.31538091178069916,-1.425695980150032
Oby Sorrel,Australia,Milk Bars,2022-06-21,7672.0,254,7672.0,0.45703750554713257,0.3256113256113256,0.42614449369670304,0.7203937256684273,0.20806562728614522,0.8107249498026315
Camilla Castle,New Zealand,Spicy Special Slims,2022-01-25,11564.0,24,11564.0,0.689104038044124,0.029601029601029602,1.3667286125984006,-1.134357640362825,-1.7685350498013344,0.16431109021869905
Gigi Bohling,UK,Milk Bars,2022-05-17,1365.0,232,1365.0,0.08097285486405818,0.2972972972972973,-1.098075454379609,0.5429827254393509,1.1604033672716363,-0.3925098328210109
Andria Kimpton,Australia,85% Dark Bars,2022-08-23,4186.0,233,4186.0,0.24917935233939556,0.2985842985842986,-0.4163211379814361,0.5510468618133999,0.6840324725577956,0.09526547292184279
Camilla Castle,Australia,Smooth Sliky Salty,2022-03-03,7406.0,118,7406.0,0.4411768432541727,0.15057915057915056,0.3618599675847165,-0.3763288212022263,-0.5219782983471315,-0.010231024508932957
Roddy Speechley,India,Caramel Stuffed Bars,2022-05-30,8911.0,543,8911.0,0.5309148009643403,0.6975546975546975,0.7255750495341139,3.050929137768566,1.6442736444504613,2.670391720021105
Karlen McCaffrey,USA,Drinking Coco,2022-06-29,112.0,223,112.0,0.006260787747220995,0.2857142857142857,-1.4008894063281772,0.47040549807291065,1.3232053165018363,-0.6579514813122697
Andria Kimpton,Canada,Organic Choco Syrup,2022-01-04,8204.0,204,8204.0,0.48875883013305227,0.26126126126126126,0.554713545920676,0.31718690696598106,-0.16795669711730932,0.6165267227557782
Jehu Rudeforth,Australia,Drinking Coco,2022-01-14,2611.0,65,2611.0,0.15526753613108066,0.08236808236808237,-0.7969532004866194,-0.8037280490268193,-0.004790541344295272,-1.1318525660491086
Karlen McCaffrey,USA,Mint Chip Choco,2022-02-15,15652.0,53,15652.0,0.9328573743359281,0.06692406692406691,2.3546802770562985,-0.9004976855154063,-2.301758411303455,1.0282623715620087
Curtice Advani,New Zealand,Spicy Special Slims,2022-01-10,4074.0,469,4074.0,0.24250117874235982,0.6023166023166022,-0.44338830687069364,2.4541830460889456,2.0488923526496494,1.4218465956754467
Madelene Upcott,USA,White Choc,2022-05-04,12250.0,213,12250.0,0.7300078513259679,0.2728442728442729,1.5325150220451027,0.3897641343324214,-0.8080469019085742,1.359256626808109
Andria Kimpton,USA,Spicy Special Slims,2022-05-23,2366.0,5,2366.0,0.140659031387565,0.005148005148005148,-0.8561626324318702,-1.2875762314697548,-0.30505548137579336,-1.515852287757982
Barr Faughny,New Zealand,Fruit & Nut Bars,2022-04-26,1687.0,147,1687.0,0.1001726039555359,0.18790218790218788,-1.0202573438229938,-0.14246886635480754,0.6206901848651634,-0.8221715878800627
Oby Sorrel,Canada,Organic Choco Syrup,2022-07-05,1232.0,74,1232.0,0.07304252371757826,0.09395109395109394,-1.1302177174356023,-0.7311508216603789,0.282182908149716,-1.3161863162820675
Madelene Upcott,UK,Organic Choco Syrup,2022-07-21,6965.0,163,6965.0,0.41488153471584455,0.2084942084942085,0.25528299008326516,-0.013442684370024768,-0.19001774668484883,0.17100692013406144
Dotty Strutley,USA,Mint Chip Choco,2022-02-21,5292.0,248,5292.0,0.31512631661012336,0.3178893178893179,-0.1490328452000185,0.6720089074241337,0.5805641909178283,0.3697999199969056
Kelci Walkden,USA,Orange Choco,2022-02-03,1379.0,138,1379.0,0.08180762656368765,0.17631917631917632,-1.0946920582684518,-0.21504609372124786,0.6220036265747024,-0.926124728850658
Gigi Bohling,Australia,Caramel Stuffed Bars,2022-07-08,8001.0,151,8001.0,0.47665464048842504,0.19305019305019303,0.5056543023088969,-0.11021232085861185,-0.43548346554820366,0.27961970664934466
Mallorie Waber,India,50% Dark Bites,2022-05-31,588.0,139,588.0,0.03464302553462283,0.17760617760617758,-1.2858539385488328,-0.20698195734719893,0.762877693939833,-1.0555943851867844
Van Tuxwell,New Zealand,Mint Chip Choco,2022-06-27,4046.0,103,4046.0,0.2408316353431009,0.13127413127413126,-0.450155099093008,-0.49729086681296014,-0.033330020991217166,-0.6699454672999483
Van Tuxwell,India,50% Dark Bites,2022-05-13,5103.0,129,5103.0,0.3038568986651256,0.16473616473616473,-0.19470869270064048,-0.2876233210876882,-0.06570056380391213,-0.34106023773309
Van Tuxwell,USA,Manuka Honey Choco,2022-05-31,2317.0,102,2317.0,0.13773733043886185,0.12998712998712997,-0.8680045188209203,-0.5053550031870091,0.2564319316987484,-0.9711118310189243
Wilone O'Kielt,USA,Orange Choco,2022-02-28,7042.0,37,7042.0,0.4194727790638066,0.04633204633204633,0.27389166869462966,-1.0295238675001892,-0.9216539643472603,-0.534312651858306
Barr Faughny,New Zealand,Eclairs,2022-03-28,6713.0,31,6713.0,0.3998556441225142,0.03861003861003861,0.19438186008243583,-1.0779086857444826,-0.8996452725937527,-0.6247478097858514
Gigi Bohling,USA,After Nines,2022-01-14,1848.0,227,1848.0,0.10977247850127475,0.2908622908622909,-0.981348288544686,0.5026620435691064,1.0493537691885604,-0.33848228988296497
Barr Faughny,New Zealand,Mint Chip Choco,2022-02-21,6440.0,145,6440.0,0.38357759597973956,0.18532818532818532,0.1284056359148707,-0.15859713910290538,-0.20294160843442688,-0.0213486166384731
Dennison Crosswaite,Canada,85% Dark Bars,2022-08-01,10885.0,90,10885.0,0.6486176106120949,0.11454311454311453,1.202633901207277,-0.6021246396755962,-1.276157002662616,0.4246241709943867
Beverie Moffet,New Zealand,Smooth Sliky Salty,2022-05-19,2387.0,59,2387.0,0.1419111889370092,0.07464607464607463,-0.8510875382651344,-0.8521128672711128,-0.0007250170930834455,-1.2043445564743582
Husein Augar,USA,White Choc,2022-07-13,2030.0,60,2030.0,0.1206245105964578,0.07593307593307592,-0.9373641390996427,-0.8440487308970639,0.06598395792922512,-1.2596491204676612
Andria Kimpton,Australia,Peanut Butter Cubes,2022-04-20,6678.0,148,6678.0,0.3977687148734405,0.18918918918918917,0.18592336980454285,-0.1344047299807586,-0.22650617156278766,0.036429179576906834
Dennison Crosswaite,India,85% Dark Bars,2022-06-30,5191.445,22,5191.445,0.3091305688775347,0.027027027027027025,-0.17333408776840503,-1.1504859131109229,-0.6909506819485141,-0.936082099692149
Curtice Advani,UK,50% Dark Bites,2022-03-08,3374.0,142,3374.0,0.20076259376088654,0.18146718146718147,-0.6125581124285528,-0.18278954822505217,0.3038922660890973,-0.5623957242490233
Gunar Cockshoot,USA,Fruit & Nut Bars,2022-03-09,5852.0,93,5852.0,0.348517184595302,0.1184041184041184,-0.013697000753731073,-0.5779322305534494,-0.398974557175734,-0.41834504140548895
Oby Sorrel,Canada,Raspberry Choco,2022-06-16,1750.0,208,1750.0,0.10392907660386849,0.26640926640926643,-1.0050320613227863,0.3494434524621768,0.9577588207484768,-0.4635711509939988
Gigi Bohling,UK,Drinking Coco,2022-06-30,5782.0,42,5782.0,0.3443433260971547,0.05276705276705276,-0.030613981309517,-0.9892031856299445,-0.6778249267471966,-0.7211196343133419
Kelci Walkden,India,Mint Chip Choco,2022-07-28,2870.0,120,2870.0,0.17071081257422577,0.15315315315315314,-0.7343603724302116,-0.36020054845412847,0.2645709487810476,-0.7739714495791108
Karlen McCaffrey,Canada,Peanut Butter Cubes,2022-08-12,3094.0,159,3094.0,0.1840671597682972,0.20334620334620332,-0.6802260346516966,-0.045699229866220464,0.44867820650843904,-0.5133066771752607
Barr Faughny,UK,Mint Chip Choco,2022-07-07,3724.0,316,3724.0,0.22163188625162317,0.40540540540540543,-0.5279732096496232,1.2203701808594605,1.2362654672716564,0.4895985936154938
Barr Faughny,USA,85% Dark Bars,2022-08-25,12761.0,47,12761.0,0.7604770183624434,0.0592020592020592,1.6560089801023399,-0.9488825037596998,-1.8419364324939334,0.5000139265784427
Husein Augar,Canada,Eclairs,2022-01-17,3696.0,233,3696.0,0.21996234285236424,0.2985842985842986,-0.5347400018719376,0.5510468618133999,0.7677672542351754,0.011530691244461825
Jan Morforth,Australia,70% Dark Bites,2022-03-04,5222.0,384,5222.0,0.3109524581119761,0.49292149292149295,-0.16594982575580441,1.7687314542947874,1.368026252558451,1.133337758301123
Marney O'Breen,New Zealand,Fruit & Nut Bars,2022-08-25,8939.0,4,8939.0,0.5325843443635991,0.003861003861003861,0.7323418417564282,-1.2956403678438035,-1.4339999725340051,-0.3983122076287601
Ches Bonnell,UK,Peanut Butter Cubes,2022-04-15,2156.0,260,2156.0,0.128137455893123,0.33333333333333337,-0.906913574099228,0.7687785439127208,1.1848932598270967,-0.09767621656429624
Kaine Padly,USA,Organic Choco Syrup,2022-03-11,2380.0,22,2380.0,0.14149380308719445,0.027027027027027025,-0.8527792363207131,-1.1504859131109229,-0.2105104099628795,-1.416522371677791
Camilla Castle,USA,Raspberry Choco,2022-05-20,3339.0,18,3339.0,0.19867566451181287,0.021879021879021878,-0.6210166027064459,-1.1827424586071187,-0.3972001618751926,-1.2754502638815004
Brien Boise,New Zealand,Manuka Honey Choco,2022-06-14,14980.0,42,14980.0,0.8927883327537137,0.05276705276705276,2.192277263720754,-0.9892031856299445,-2.249646399948297,0.8507018388877814
Jehu Rudeforth,New Zealand,After Nines,2022-04-14,1512.0,73,1512.0,0.08973795771016757,0.09266409266409266,-1.0625497952124585,-0.7392149580344278,0.22863225596242437,-1.2740400751237815
Jehu Rudeforth,USA,Smooth Sliky Salty,2022-07-07,6657.0,154,6657.0,0.3965165573239963,0.1969111969111969,0.1808482756378071,-0.08601991173646507,-0.1887043049753097,0.06705377916346593
Madelene Upcott,India,Mint Chip Choco,2022-08-24,3836.0,71,3836.0,0.2283100598486589,0.09009009009009009,-0.5009060407603657,-0.7553432307825257,-0.17991426245072595,-0.8883023787686378
Jehu Rudeforth,India,Eclairs,2022-02-24,8771.0,127,8771.0,0.5225670839680456,0.16216216216216214,0.6917410884225421,-0.303751593835786,-0.703919626246447,0.2743500026514416
Karlen McCaffrey,Canada,Raspberry Choco,2022-05-09,651.0,224,651.0,0.03839949818295543,0.287001287001287,-1.2706286560486255,0.47846963444695956,1.2367992621712216,-0.5601410159526475
Kaine Padly,Australia,70% Dark Bites,2022-02-08,6706.0,223,6706.0,0.3994382582726994,0.2857142857142857,0.19269016202685724,0.47040549807291065,0.1963743973576683,0.46887943783191444
Roddy Speechley,UK,70% Dark Bites,2022-03-24,1421.0,284,1421.0,0.08431194166257605,0.36422136422136425,-1.0845418699349803,0.9623178168898949,1.4473483646912413,-0.08642545673229463
Rafaelita Blaksland,USA,Drinking Coco,2022-06-20,8526.0,73,8526.0,0.5079585792245299,0.09266409266409266,0.6325316564772914,-0.7392149580344278,-0.9699713331909262,-0.07543648597041357
Mallorie Waber,Canada,Manuka Honey Choco,2022-03-07,1435.0,112,1435.0,0.08514671336220551,0.14285714285714285,-1.0811584738238231,-0.42471363944651985,0.4641765938630634,-1.0648123828931797
Kaine Padly,Australia,Fruit & Nut Bars,2022-06-20,7434.0,85,7434.0,0.4428463866534317,0.1081081081081081,0.36862675980703086,-0.6424453215458408,-0.7149359249930137,-0.19361896182025468
Oby Sorrel,New Zealand,Organic Choco Syrup,2022-02-17,15316.0,270,15316.0,0.9128228535448208,0.3462033462033462,2.273478770388526,0.8494199076532101,-1.0069616786489293,2.2082228322018236
Madelene Upcott,UK,99% Dark & Pure,2022-01-26,10479.0,45,10479.0,0.6244092313228404,0.056628056628056624,1.1045154139837188,-0.9650107765077978,-1.4633760031397136,0.09864467516620552
Madelene Upcott,Australia,Mint Chip Choco,2022-05-02,2751.0,153,2751.0,0.1636152531273753,0.1956241956241956,-0.7631192393750477,-0.094084048110514,0.47307932059558605,-0.6061342574364457
Curtice Advani,Canada,99% Dark & Pure,2022-07-07,12586.0,7,12586.0,0.750042372117075,0.007722007722007722,1.613716528712875,-1.2714479587216567,-2.040119373903565,0.2420204268278278
Rafaelita Blaksland,Australia,Baker's Choco Chips,2022-08-22,2786.0,51,2786.0,0.16570218237644896,0.06435006435006434,-0.7546607490971546,-0.9166259582635042,-0.1145266977178318,-1.181778164081658
Karlen McCaffrey,Australia,After Nines,2022-08-11,2303.0,67,2303.0,0.1369025587392324,0.08494208494208494,-0.8713879149320776,-0.7875997762787214,0.059247161024778366,-1.1730814463601704
Marney O'Breen,UK,99% Dark & Pure,2022-01-13,8113.0,194,8113.0,0.48333281408546075,0.24839124839124838,0.5327214711981544,0.23654554322549184,-0.2094280070936844,0.5439539224420914
Gunar Cockshoot,Australia,50% Dark Bites,2022-03-02,12271.0,116,12271.0,0.7312600088754121,0.148005148005148,1.5375901162118384,-0.3924570939503242,-1.3647494703158372,0.8097313254017722
Marney O'Breen,Australia,Choco Coated Almonds,2022-07-27,5191.445,41,5191.445,0.3091305688775347,0.05148005148005148,-0.17333408776840503,-0.9972673220039934,-0.5826087771729547,-0.8277401949165912
Kelci Walkden,New Zealand,Drinking Coco,2022-03-10,15855.0,111,15855.0,0.9449615639805553,0.14157014157014156,2.403739520668078,-0.43277777582056876,-2.0057206153000444,1.3936804152409579
Beverie Moffet,USA,85% Dark Bars,2022-08-23,12404.0,334,12404.0,0.739190340021892,0.4285714285714286,1.5697323792678317,1.3655246355923412,-0.14439668032372918,2.075540139733012
Roddy Speechley,USA,Eclairs,2022-04-25,3990.0,155,3990.0,0.23749254854458304,0.19819819819819817,-0.4636886835376367,-0.07795577536241616,0.27275435509750334,-0.38300046988034747
Dennison Crosswaite,UK,Milk Bars,2022-03-07,10808.0,407,10808.0,0.6440263662641329,0.5225225225225225,1.1840252225959125,1.9542065908979125,0.5446004682698935,2.2190649962568365
Wilone O'Kielt,UK,Organic Choco Syrup,2022-07-12,4858.0,52,4858.0,0.28924839392160995,0.06563706563706563,-0.25391812464589125,-0.9085618218894552,-0.4629029975819633,-0.8219974531885152
Madelene Upcott,USA,Orange Choco,2022-05-16,7742.0,138,7742.0,0.4612113640452799,0.17631917631917632,0.44306147425248893,-0.21504609372124786,-0.46535232406441507,0.16123122178847504
Gunar Cockshoot,India,Smooth Sliky Salty,2022-03-02,3752.0,70,3752.0,0.22330142965088212,0.08880308880308879,-0.5212064174273089,-0.7634073671565746,-0.17126193396339265,-0.9083591182849777
Marney O'Breen,New Zealand,85% Dark Bars,2022-05-30,1218.0,149,1218.0,0.0722077520179488,0.19047619047619047,-1.1336011135467594,-0.12634059360670968,0.7122407440710903,-0.8909133250279784
Marney O'Breen,UK,Manuka Honey Choco,2022-06-10,10983.0,179,10983.0,0.6544610125095012,0.22908622908622908,1.2263176739853774,0.115583497614758,-0.7854076682073132,0.9488674181206345
Brien Boise,USA,99% Dark & Pure,2022-07-25,6769.0,353,6769.0,0.40319473092103203,0.45302445302445304,0.20791544452706456,1.5187432266992706,0.9268952137416978,1.2209320552186884
Beverie Moffet,New Zealand,Mint Chip Choco,2022-06-09,4361.0,97,4361.0,0.2596139985847639,0.12355212355212354,-0.3740286865919713,-0.5456756850572537,-0.12137275658512289,-0.6503291978800788
Dennison Crosswaite,USA,Milk Bars,2022-05-12,777.0,60,777.0,0.045912443479620625,0.07593307593307592,-1.2401780910482108,-0.8440487308970639,0.2801057567899534,-1.4737709193283925
Gunar Cockshoot,USA,Drinking Coco,2022-05-09,3843.0,5,3843.0,0.22872744569847364,0.005148005148005148,-0.49921434270478715,-1.2875762314697548,-0.5574560375747526,-1.2634517315590195
Brien Boise,Canada,Manuka Honey Choco,2022-08-09,6930.0,182,6930.0,0.4127946054667709,0.23294723294723294,0.2468244998053722,0.13977590673690476,-0.0756947860751908,0.27336776907552074
Van Tuxwell,India,Choco Coated Almonds,2022-04-13,5733.0,114,5733.0,0.34142162514845154,0.1454311454311454,-0.04245586769856715,-0.408585366698422,-0.25889265153523305,-0.3189343154368601
Andria Kimpton,USA,Caramel Stuffed Bars,2022-05-02,5191.445,46,5191.445,0.3091305688775347,0.05791505791505791,-0.17333408776840503,-0.9569466401337487,-0.5540977496004388,-0.7992291673440757
Dotty Strutley,USA,99% Dark & Pure,2022-08-09,3822.0,320,3822.0,0.22747528814902945,0.41055341055341055,-0.504289436871523,1.252626726355656,1.2423273329941928,0.529154372008982
Camilla Castle,Australia,Raspberry Choco,2022-08-23,6342.0,178,6342.0,0.37773419408233333,0.2277992277992278,0.10472186313677041,0.10751936124070909,0.001978129879652415,0.15007720900465135
Gunar Cockshoot,India,Spicy Special Slims,2022-05-13,6510.0,170,6510.0,0.3877514544778869,0.2175032175032175,0.14532261647065664,0.04300627024831769,-0.07234858224004571,0.13316863289230044
Karlen McCaffrey,USA,Manuka Honey Choco,2022-02-01,10171.0,67,10171.0,0.6060442539309921,0.08494208494208494,1.0300806995382605,-0.7875997762787214,-1.2852941904805772,0.1714599051452043
Camilla Castle,USA,50% Dark Bites,2022-06-23,5908.0,301,5908.0,0.35185627139381986,0.3861003861003861,-0.00016341630910233267,1.0994081352487266,0.7775145005063595,0.7772833949457031
Madelene Upcott,UK,Choco Coated Almonds,2022-05-24,10164.0,134,10164.0,0.6056268680811775,0.17117117117117117,1.028389001482682,-0.24730263921744355,-0.9020502098420478,0.5523114634500889
Jan Morforth,Canada,Mint Chip Choco,2022-04-01,1064.0,211,1064.0,0.06302526332202467,0.2702702702702703,-1.1708184707694884,0.37363586158432355,1.0920941316403179,-0.5636932287988231
Camilla Castle,Canada,70% Dark Bites,2022-07-27,9716.0,151,9716.0,0.5789141736930346,0.19305019305019303,0.9201203259256521,-0.11021232085861185,-0.7285552014190328,0.572691442520178
Ches Bonnell,India,Peanut Butter Cubes,2022-01-27,22050.0,208,16778.052499999998,1.0000000000000002,0.26640926640926643,2.6268146805890713,0.3494434524621768,-1.6103446386876479,2.104532308442163
Jan Morforth,India,Choco Coated Almonds,2022-08-12,2541.0,134,2541.0,0.15109367763293333,0.17117117117117117,-0.8138701810424054,-0.24730263921744355,0.4006237508246179,-0.7503624972165953
Gigi Bohling,Canada,Almond Choco,2022-02-01,9989.0,49,9989.0,0.5951922218358091,0.06177606177606177,0.9860965500932172,-0.932754231011602,-1.3568323994043212,0.037718715546836326
Rafaelita Blaksland,India,After Nines,2022-03-02,4739.0,204,4739.0,0.2821528344747595,0.26126126126126126,-0.2826769915907273,0.31718690696598106,0.42416783045844764,0.02440219518001286
Kelci Walkden,Australia,99% Dark & Pure,2022-06-30,3185.0,34,3185.0,0.18949317581588873,0.04247104247104247,-0.6582339599291749,-1.0537162766223358,-0.27964822797310857,-1.2105316213194854
Dotty Strutley,Australia,Spicy Special Slims,2022-01-17,8225.0,91,8225.0,0.49001098768249646,0.11583011583011582,0.5597886400874118,-0.5940605033015472,-0.8158945537566221,-0.024233866882607147
Brien Boise,USA,Milk Bars,2022-07-07,14301.0,130,14301.0,0.8523019053216846,0.16602316602316602,2.02818255232963,-0.2795591847136392,-1.6318198314905092,1.236463440982536
Mallorie Waber,New Zealand,Mint Chip Choco,2022-01-31,1316.0,107,1316.0,0.07805115391535505,0.1364221364221364,-1.109917340768659,-0.4650343213167645,0.45600115612648273,-1.1136590003016302
Beverie Moffet,UK,99% Dark & Pure,2022-08-10,3486.0,121,3486.0,0.20744076735792227,0.15444015444015444,-0.5854909435392954,-0.35213641208007956,0.16500657161541615,-0.6630026613844718
Beverie Moffet,USA,Peanut Butter Cubes,2022-08-18,13930.0,339,13930.0,0.8301804552815037,0.435006435006435,1.938522555383965,1.4058453174625858,-0.3766596871179105,2.364825201672228
Brien Boise,New Zealand,White Choc,2022-06-15,5509.0,321,5509.0,0.3280652779543801,0.41184041184041187,-0.09659020547708211,1.260690862729705,0.9597426473051457,0.8231434687270397
Marney O'Breen,USA,Baker's Choco Chips,2022-01-26,5191.445,9,5191.445,0.3091305688775347,0.010296010296010296,-0.17333408776840503,-1.255319685973559,-0.7650793536370549,-1.010210771380689
Kelci Walkden,USA,Spicy Special Slims,2022-04-29,77.0,69,77.0,0.00417385849814733,0.08751608751608751,-1.40934789660607,-0.7714715035306235,0.4510467231024527,-1.542072186379838
Mallorie Waber,Canada,White Choc,2022-03-03,3381.0,72,3381.0,0.20117997961070128,0.09137709137709137,-0.6108664143729743,-0.7472790944084768,-0.09645833109294163,-0.9603538990974171
Kaine Padly,Australia,Almond Choco,2022-02-22,4102.0,392,4102.0,0.24417072214161875,0.5032175032175031,-0.4366215146483792,1.8332445452871786,1.6050376833656297,0.9875616157259907
Oby Sorrel,USA,Smooth Sliky Salty,2022-03-04,3577.0,158,3577.0,0.2128667834055138,0.20205920205920205,-0.5634988688167737,-0.05376336624026939,0.3604374304833758,-0.4364703121792024
Dennison Crosswaite,India,Smooth Sliky Salty,2022-07-07,2975.0,9,2975.0,0.17697160032144676,0.010296010296010296,-0.7089849015965327,-1.255319685973559,-0.38631703083109553,-1.3889730941866536
Camilla Castle,New Zealand,Caramel Stuffed Bars,2022-06-17,4137.0,347,4137.0,0.24625765139069242,0.4453024453024453,-0.42816302437048626,1.4703584084549772,1.3424573793788905,0.7369434234074523
Jan Morforth,Canada,Caramel Stuffed Bars,2022-08-02,9541.0,114,9541.0,0.5684795274476662,0.1454311454311454,0.8778278745361873,-0.408585366698422,-0.9096315262851559,0.33180455931307207
Oby Sorrel,USA,Baker's Choco Chips,2022-08-12,8001.0,120,8001.0,0.47665464048842504,0.15315315315315314,0.5056543023088969,-0.36020054845412847,-0.6122518364978008,0.10285133569975008
Madelene Upcott,New Zealand,Peanut Butter Cubes,2022-01-28,5152.0,333,5152.0,0.30677859961382875,0.4272844272844273,-0.18286680631159033,1.3574604992182921,1.0891758829869882,0.83056316539327
Kelci Walkden,Australia,Orange Choco,2022-04-29,11116.0,432,11116.0,0.6623913436559812,0.5546975546975547,1.2584599370413707,2.1558100002491356,0.6345223147924047,2.414253425459481
Marney O'Breen,Australia,Manuka Honey Choco,2022-04-05,13076.0,236,13076.0,0.7792593816041063,0.30244530244530243,1.7321353926033765,0.5752392709355466,-0.8180490927597283,1.6315602713264068
Kaine Padly,Canada,Manuka Honey Choco,2022-01-18,10213.0,135,10213.0,0.6085485690298805,0.17245817245817244,1.0402308878717321,-0.23923850284339462,-0.9047214824952825,0.56638714713233
Jehu Rudeforth,UK,Baker's Choco Chips,2022-05-16,2485.0,97,2485.0,0.14775459083441544,0.12355212355212354,-0.8274037654870341,-0.5456756850572537,0.19921183612255966,-0.970913790587766
Kelci Walkden,Australia,White Choc,2022-08-24,8715.0,168,8715.0,0.5192279971695277,0.2149292149292149,0.6782075039779133,0.02687799750021985,-0.4605595108172609,0.4985707394115087
Curtice Advani,India,85% Dark Bars,2022-01-18,273.0,402,273.0,0.015860662292959852,0.516087516087516,-1.3619803510498694,1.9138859090276679,2.316387246761043,0.3902561626206296
Kaine Padly,USA,Eclairs,2022-08-22,7623.0,10,7623.0,0.45411580459842943,0.011583011583011582,0.4143026073076529,-1.2472555495995101,-1.1748990400848809,-0.588986673903851
Gunar Cockshoot,UK,99% Dark & Pure,2022-03-07,7.0,84,7.0,0.0,0.1068211068211068,-1.426264877161856,-0.6505094579198897,0.5485419174881968,-1.4685012153304895
Beverie Moffet,UK,Choco Coated Almonds,2022-03-04,3010.0,69,3010.0,0.17905852957052043,0.08751608751608751,-0.7005264113186397,-0.7714715035306235,-0.05016575579500635,-1.0408597074823718
Dotty Strutley,Canada,Manuka Honey Choco,2022-04-22,11550.0,111,11550.0,0.6882692663444946,0.14157014157014156,1.3633452164872433,-0.43277777582056876,-1.2700507477059226,0.6580105476468249
Kaine Padly,Australia,Milk Bars,2022-06-09,4046.0,89,4046.0,0.2408316353431009,0.11325611325611325,-0.450155099093008,-0.610188776049645,-0.11316089819426095,-0.7497763445029909
Jan Morforth,Canada,Fruit & Nut Bars,2022-07-25,8904.0,199,8904.0,0.5304974151145255,0.2548262548262548,0.7238833514785353,0.2768662250957365,-0.3160888413717962,0.707636811865236
Jan Morforth,India,Smooth Sliky Salty,2022-08-03,11298.0,89,11298.0,0.6732433757511642,0.11325611325611325,1.302444086486414,-0.610188776049645,-1.352435667019482,0.4894984243222476
Rafaelita Blaksland,Australia,Manuka Honey Choco,2022-08-03,4396.0,131,4396.0,0.2617009278338376,0.1673101673101673,-0.36557019631407833,-0.2714950483395903,0.06652117507388496,-0.45047315455287645
Jehu Rudeforth,UK,Milk Bars,2022-05-03,12068.0,227,12068.0,0.7191558192307848,0.2908622908622909,1.4885308726000592,0.5026620435691064,-0.6971145343682179,1.4079860136738385
Husein Augar,Canada,After Nines,2022-01-19,9772.0,301,9772.0,0.5822532604915523,0.3861003861003861,0.9336539103702808,1.0994081352487266,0.11720593642187899,1.4375919590301935
Roddy Speechley,USA,50% Dark Bites,2022-02-11,10458.0,316,10458.0,0.6231570737733962,0.40540540540540543,1.0994403198169829,1.2203701808594605,0.08551032479109404,1.6403537360960723
Van Tuxwell,India,Almond Choco,2022-06-14,6426.0,390,6426.0,0.38274282428011014,0.5006435006435006,0.12502223980371352,1.8171162725390808,1.1964911649524794,1.3732993120811345
Kelci Walkden,USA,50% Dark Bites,2022-03-23,6188.0,223,6188.0,0.3685517053864092,0.2857142857142857,0.06750450591404138,0.47040549807291065,0.28489402370232697,0.38035981148725456
Madelene Upcott,Canada,85% Dark Bars,2022-02-17,7504.0,101,7504.0,0.447020245151579,0.1287001287001287,0.3855437403628168,-0.513419139561058,-0.6356627484291607,-0.09042156192000858
Dennison Crosswaite,Canada,Smooth Sliky Salty,2022-03-17,1750.0,479,1750.0,0.10392907660386849,0.6151866151866151,-1.0050320613227863,2.534824409829435,2.5030565151788253,1.0817265434363277
Mallorie Waber,Australia,Spicy Special Slims,2022-06-29,5439.0,287,5439.0,0.3238914194562328,0.3680823680823681,-0.11350718603286804,0.9865102260120417,0.7778297714802365,0.6173063695657389
Ches Bonnell,Canada,Choco Coated Almonds,2022-08-24,15547.0,269,15547.0,0.926596586588707,0.34491634491634493,2.32930480622262,0.8413557712791611,-1.052138852668483,2.241995595192372
Gigi Bohling,Canada,Spicy Special Slims,2022-07-04,11956.0,277,11956.0,0.712477645633749,0.3552123552123552,1.4614637037108018,0.9058688622715525,-0.3928648799739462,1.6739569107298755
Roddy Speechley,New Zealand,Almond Choco,2022-03-28,2723.0,67,2723.0,0.16194570972811637,0.08494208494208494,-0.769886031597362,-0.7875997762787214,-0.012525508984404347,-1.101308776350987
Curtice Advani,India,Smooth Sliky Salty,2022-04-19,5191.445,135,5191.445,0.3091305688775347,0.17245817245817244,-0.17333408776840503,-0.23923850284339462,-0.046601458809660344,-0.2917328765533045
Ches Bonnell,New Zealand,Mint Chip Choco,2022-01-18,9058.0,229,9058.0,0.5396799038104496,0.29343629343629346,0.7611007087012643,0.5187903163172042,-0.1713393216067358,0.9050196229703615
Van Tuxwell,New Zealand,Fruit & Nut Bars,2022-01-17,2996.0,88,2996.0,0.17822375787089095,0.11196911196911195,-0.7039098074297969,-0.6182529124236941,0.06056857131419261,-0.9349102250404534
Andria Kimpton,New Zealand,Mint Chip Choco,2022-02-15,8848.0,211,8848.0,0.5271583283160076,0.2702702702702703,0.7103497670339066,0.37363586158432355,-0.23809268586320084,0.7664935887047147
Andria Kimpton,UK,Milk Bars,2022-02-11,14336.0,293,14336.0,0.8543888345707583,0.3758043758043758,2.036641042607523,1.0348950442563352,-0.7083413884605978,2.1719039956806316
Camilla Castle,USA,Manuka Honey Choco,2022-03-21,5191.445,179,5191.445,0.3091305688775347,0.22908622908622908,-0.17333408776840503,0.115583497614758,0.2042955838284774,-0.040835833915170316
Gunar Cockshoot,New Zealand,Almond Choco,2022-01-05,5173.0,129,5173.0,0.30803075716327294,0.16473616473616473,-0.17779171214485456,-0.2876233210876882,-0.07766267547210923,-0.32909812606489275
Brien Boise,India,Raspberry Choco,2022-05-30,6328.0,164,6328.0,0.37689942238270385,0.20978120978120976,0.10133846702561322,-0.005378547995975845,-0.07546032498975198,0.06785390946796918
Jehu Rudeforth,USA,99% Dark & Pure,2022-01-04,2534.0,219,2534.0,0.1506762917831186,0.2805662805662806,-0.8155618790979839,0.43814895257671493,0.8865074307242038,-0.2668712396506559
Beverie Moffet,Australia,Fruit & Nut Bars,2022-04-22,1435.0,258,1435.0,0.08514671336220551,0.3307593307593308,-1.0811584738238231,0.7526502711646229,1.2966985989805204,-0.2322903777757343
Gigi Bohling,Canada,Milk Bars,2022-02-10,3052.0,116,3052.0,0.1815628446694088,0.148005148005148,-0.6903762229851681,-0.3924570939503242,0.2106606363857225,-0.76567878129981
Dotty Strutley,India,Spicy Special Slims,2022-08-12,910.0,204,910.0,0.05384277462610055,0.26126126126126126,-1.2080358279922174,0.31718690696598106,1.0784953387088296,-0.6299253130703786
Gunar Cockshoot,USA,Organic Choco Syrup,2022-08-10,2331.0,321,2331.0,0.13857210213849133,0.41184041184041187,-0.8646211227097632,1.260690862729705,1.5028225170412945,0.28006359899088284
Kelci Walkden,Australia,Raspberry Choco,2022-06-07,679.0,56,679.0,0.04006904158221436,0.07078507078507078,-1.263861863826311,-0.8763052763932596,0.2740438910674167,-1.5133266977218809
Jehu Rudeforth,India,Baker's Choco Chips,2022-06-06,2086.0,74,2086.0,0.12396359739497567,0.09395109395109394,-0.923830554655014,-0.7311508216603789,0.13624514579771133,-1.1702485539300607
Karlen McCaffrey,New Zealand,Baker's Choco Chips,2022-04-05,5012.0,189,5012.0,0.2984308826175341,0.24195624195624194,-0.2167007674231622,0.19622486135524725,0.291982512234932,-0.014478652031563479
Wilone O'Kielt,USA,50% Dark Bites,2022-04-18,4501.0,131,4501.0,0.2679617155810586,0.1673101673101673,-0.3401947254803995,-0.2714950483395903,0.048578007571589345,-0.4325299870505805
Andria Kimpton,India,50% Dark Bites,2022-01-31,13482.0,15,13482.0,0.8034677608933608,0.018018018018018018,1.830253879826935,-1.2069348677292655,-2.1476167591404636,0.44075310029677706
Madelene Upcott,USA,Baker's Choco Chips,2022-08-22,5621.0,140,5621.0,0.3347434515514158,0.17889317889317888,-0.06952303658782463,-0.19891782097315,-0.09149592948903629,-0.18981635072889655
Jehu Rudeforth,Australia,99% Dark & Pure,2022-02-25,10486.0,198,10486.0,0.6248266171726552,0.25353925353925355,1.1062071120392973,0.26880208872168754,-0.592134770587554,0.9722783300519915
Jan Morforth,Australia,Mint Chip Choco,2022-02-22,17626.0,103,16778.052499999998,1.0000000000000002,0.13127413127413126,2.6268146805890713,-0.49729086681296014,-2.209076217710477,1.5058007294193427
Oby Sorrel,New Zealand,Milk Bars,2022-01-12,4494.0,187,4494.0,0.2675443297312438,0.23938223938223938,-0.34188642353597803,0.1800965886071494,0.36909772755058434,-0.11440268940522949
Brien Boise,UK,Almond Choco,2022-05-25,105.0,125,105.0,0.005843401897406261,0.15958815958815958,-1.4025811043837557,-0.31987986658388384,0.7655853872473493,-1.2179638329003881
Kelci Walkden,India,Smooth Sliky Salty,2022-02-01,2464.0,8,2464.0,0.14650243328497126,0.009009009009009009,-0.8324788596537699,-1.263383822347608,-0.30469582116775984,-1.4819987148789966
Rafaelita Blaksland,UK,Eclairs,2022-04-27,1379.0,70,1379.0,0.08180762656368765,0.08880308880308879,-1.0946920582684518,-0.7634073671565746,0.23425365158848951,-1.3138747038368654
Gigi Bohling,USA,Smooth Sliky Salty,2022-07-22,2583.0,126,2583.0,0.1535979927318217,0.16087516087516085,-0.8037199927089339,-0.31181573020983494,0.34782883970767464,-0.7888028743317015
Curtice Advani,New Zealand,Mint Chip Choco,2022-01-26,3220.0,265,3220.0,0.1915801050649624,0.33976833976833976,-0.649775469651282,0.8090992257829654,1.0315801900430162,0.11265890836481776
Curtice Advani,USA,Mint Chip Choco,2022-08-24,4802.0,296,4802.0,0.2859093071230921,0.37966537966537967,-0.26745170909051996,1.059087453378482,0.9380048372913581,0.5597710030156707
Madelene Upcott,New Zealand,Fruit & Nut Bars,2022-01-18,5677.0,21,5677.0,0.3380825383499337,0.02574002574002574,-0.05598945214319589,-1.1585500494849719,-0.7796280750494667,-0.8588091176202017
Karlen McCaffrey,India,85% Dark Bars,2022-03-30,945.0,83,945.0,0.055929703875174215,0.10553410553410553,-1.1995773377143246,-0.6585735942939386,0.38254741561985256,-1.313911124491149
Ches Bonnell,Australia,Caramel Stuffed Bars,2022-01-17,5191.445,162,5191.445,0.3091305688775347,0.2072072072072072,-0.17333408776840503,-0.02150682074407369,0.10735809008192419,-0.13777332766172215
Kelci Walkden,USA,Fruit & Nut Bars,2022-02-17,4816.0,145,4816.0,0.28674407882272157,0.18532818532818532,-0.2640683129793628,-0.15859713910290538,0.07457938226774613,-0.2988696073406501
Kelci Walkden,Canada,Peanut Butter Cubes,2022-04-08,7532.0,44,7532.0,0.4486897885508379,0.05534105534105534,0.39231053258513116,-0.9730749128818467,-0.965473307423118,-0.41066243157940346
Gigi Bohling,Canada,Drinking Coco,2022-07-06,3549.0,82,3549.0,0.21119724000625487,0.10424710424710423,-0.570265661039088,-0.6666377306679876,-0.0681453439515834,-0.8746227759487131
Husein Augar,India,Fruit & Nut Bars,2022-04-04,4340.0,226,4340.0,0.25836184103531973,0.2895752895752896,-0.3791037807587071,0.4945979071950574,0.6178003882862402,0.08166667999035547
Jan Morforth,New Zealand,Organic Choco Syrup,2022-03-02,1799.0,207,1799.0,0.10685077755257162,0.2651222651222651,-0.9931901749337362,0.3413793160881279,0.9436831370662357,-0.4608998783407639
Gigi Bohling,New Zealand,Raspberry Choco,2022-08-09,1127.0,176,1127.0,0.06678173597035726,0.2252252252252252,-1.1555931882692811,0.09139108849261124,0.8817510381313312,-0.7525045213050525
Dennison Crosswaite,Australia,Milk Bars,2022-06-09,10038.0,286,10038.0,0.5981139227845123,0.3667953667953668,0.9979384364822673,0.9784460896379928,-0.013783170634816828,1.3975149006517973
Ches Bonnell,UK,Caramel Stuffed Bars,2022-06-02,2926.0,300,2926.0,0.17404989937274362,0.38481338481338484,-0.7208267879855829,1.0913439988746778,1.2813982520570535,0.2619952323659958
Van Tuxwell,USA,Fruit & Nut Bars,2022-07-05,6279.0,235,6279.0,0.3739777214340007,0.30115830115830117,0.08949658063656307,0.5671751345614977,0.3377697447077083,0.46433702282994765
Andria Kimpton,Canada,Eclairs,2022-08-11,308.0,125,308.0,0.017947591542033518,0.15958815958815958,-1.3535218607719766,-0.31987986658388384,0.7308952634095776,-1.1832737090626162
Madelene Upcott,India,Choco Coated Almonds,2022-02-11,3500.0,145,3500.0,0.20827553905755172,0.18532818532818532,-0.5821075474281382,-0.15859713910290538,0.29946708162985186,-0.523757306702759
Kelci Walkden,New Zealand,Spicy Special Slims,2022-08-11,658.0,65,658.0,0.038816884032770164,0.08236808236808237,-1.2689369579930467,-0.8037280490268193,0.328952374198404,-1.4655954815918126
Roddy Speechley,Australia,Drinking Coco,2022-05-12,5191.445,102,5191.445,0.3091305688775347,0.12998712998712997,-0.17333408776840503,-0.5053550031870091,-0.23477424078826373,-0.47990565853190514
Wilone O'Kielt,USA,Milk Bars,2022-07-15,5012.0,93,5012.0,0.2984308826175341,0.1184041184041184,-0.2167007674231622,-0.5779322305534494,-0.25542921715736855,-0.5618903814238563
Andria Kimpton,India,Organic Choco Syrup,2022-01-18,5191.445,134,5191.445,0.3091305688775347,0.17117117117117117,-0.17333408776840503,-0.24730263921744355,-0.052303664324163494,-0.29743508206780755
Madelene Upcott,UK,Fruit & Nut Bars,2022-01-05,8512.0,189,8512.0,0.5071238075249005,0.24195624195624194,0.6291482603661341,0.19622486135524725,-0.3061230711749236,0.5836269313783007
Curtice Advani,Australia,50% Dark Bites,2022-06-29,504.0,232,504.0,0.029634395336846038,0.2972972972972973,-1.306154315215776,0.5429827254393509,1.307537340790461,-0.5396438063398374
Brien Boise,Canada,Raspberry Choco,2022-06-14,2800.0,45,2800.0,0.16653695407607844,0.056628056628056624,-0.7512773529859975,-0.9650107765077978,-0.15113235313848997,-1.2135989748350369
Gunar Cockshoot,India,Mint Chip Choco,2022-08-08,4256.0,67,4256.0,0.2533532108375429,0.08494208494208494,-0.3994041574256502,-0.7875997762787214,-0.274495754517921,-0.8393385308174662
Dennison Crosswaite,India,Mint Chip Choco,2022-03-23,13573.0,138,13573.0,0.8088937769409524,0.17631917631917632,1.8522459545494567,-0.21504609372124786,-1.4617962260252344,1.1576751237493088
Barr Faughny,India,Caramel Stuffed Bars,2022-01-04,6566.0,99,6566.0,0.3910905412764048,0.12612612612612611,0.15885620091528538,-0.5295474123091558,-0.48677486310432566,-0.26211826930285825
Brien Boise,India,Milk Bars,2022-02-22,13503.0,251,13503.0,0.8047199184428051,0.32175032175032175,1.8353289739936707,0.6962013165462805,-0.8054848912181838,1.7900622352199564
Beverie Moffet,UK,Spicy Special Slims,2022-02-17,5191.445,252,5191.445,0.3091305688775347,0.323037323037323,-0.17333408776840503,0.7042654529203294,0.6205565863872059,0.3754251686435523
Barr Faughny,USA,Almond Choco,2022-02-03,385.0,78,385.0,0.02253883588999558,0.09909909909909909,-1.334913182160612,-0.6988942761641832,0.4497332813929136,-1.4381190454092425
Van Tuxwell,Canada,Raspberry Choco,2022-03-17,1267.0,130,1267.0,0.07512945296665192,0.16602316602316602,-1.1217592271577093,-0.2795591847136392,0.5955253611277926,-0.9908817516357981
Wilone O'Kielt,Australia,Baker's Choco Chips,2022-01-25,2961.0,154,2961.0,0.1761368286218173,0.1969111969111969,-0.7123682977076898,-0.08601991173646507,0.4428951911054978,-0.5645457169173507
Brien Boise,Australia,Milk Bars,2022-07-27,5191.445,52,5191.445,0.3091305688775347,0.06563706563706563,-0.17333408776840503,-0.9085618218894552,-0.5198845165134202,-0.7650159342570576
Husein Augar,Australia,Fruit & Nut Bars,2022-01-28,7959.0,53,7959.0,0.4741503253895366,0.06692406692406691,0.4955041139754253,-0.9004976855154063,-0.9871223389685923,-0.28637370077287255
Madelene Upcott,Australia,Organic Choco Syrup,2022-07-05,10794.0,50,10794.0,0.6431915945645034,0.06306306306306306,1.1806418264847554,-0.9246900946375531,-1.4886944780740847,0.18098520524560816
Van Tuxwell,India,White Choc,2022-03-15,5191.445,44,5191.445,0.3091305688775347,0.05534105534105534,-0.17333408776840503,-0.9730749128818467,-0.5655021606294451,-0.810633578373082
Gunar Cockshoot,Canada,After Nines,2022-08-04,2744.0,200,2744.0,0.16319786727756058,0.25611325611325614,-0.7648109374306262,0.2849303614697854,0.7422791909440529,-0.33932680942162197
Jan Morforth,USA,Fruit & Nut Bars,2022-06-27,4382.0,361,4382.0,0.2608661561342081,0.46332046332046334,-0.3689535924252355,1.583256317691662,1.3804208657432442,0.8586416914491853
Jan Morforth,Canada,After Nines,2022-07-13,4515.0,172,4515.0,0.268796487280688,0.22007722007722005,-0.3368113293692423,0.05913454299641554,0.2799760113325782,-0.19634713862231604
Barr Faughny,New Zealand,Manuka Honey Choco,2022-02-24,5474.0,239,5474.0,0.32597834870530645,0.30630630630630634,-0.10504869575497508,0.5994316800576934,0.4981428509499876,0.34958156070369106
Karlen McCaffrey,New Zealand,85% Dark Bars,2022-06-28,6069.0,55,6069.0,0.3614561459395587,0.06949806949806948,0.0387456389692053,-0.8843694127673085,-0.652740912898264,-0.5979463047851932
Oby Sorrel,Australia,85% Dark Bars,2022-06-30,6944.0,27,6944.0,0.41362937716640036,0.03346203346203346,0.25020789591652937,-1.1101652312406785,-0.9619290631568156,-0.6080816633388126
Curtice Advani,Canada,Choco Coated Almonds,2022-08-18,5859.0,7,5859.0,0.3489345704451168,0.007722007722007722,-0.012005302698152481,-1.2714479587216567,-0.8905604425898229,-0.9075385044859314
Kaine Padly,India,70% Dark Bites,2022-01-24,12173.0,301,12173.0,0.7254166069780058,0.3861003861003861,1.513906343433738,1.0994081352487266,-0.293094493797282,1.84789238924936
Beverie Moffet,USA,White Choc,2022-03-11,5292.0,134,5292.0,0.31512631661012336,0.17117117117117117,-0.1490328452000185,-0.24730263921744355,-0.06948723773552865,-0.28025150865644216
Ches Bonnell,New Zealand,After Nines,2022-06-23,5705.0,350,5705.0,0.33975208174919264,0.4491634491634492,-0.04922265992088152,1.4945508175771238,1.0916126945547844,1.0220013413185804
Husein Augar,India,Spicy Special Slims,2022-08-22,2492.0,33,2492.0,0.14817197668423018,0.04118404118404118,-0.8257120674314555,-1.0617804129963848,-0.16692552797246038,-1.3346587323491415
Gunar Cockshoot,Canada,50% Dark Bites,2022-01-04,3024.0,23,3024.0,0.17989330127014988,0.028314028314028312,-0.6971430152074826,-1.142421776736874,-0.3148596317957898,-1.3007687388158728
Curtice Advani,India,Milk Bars,2022-04-05,3437.0,201,3437.0,0.20451906640921913,0.2574002574002574,-0.5973328299283456,0.2929944978438343,0.6295564909434046,-0.2151996983919658
Beverie Moffet,India,Milk Bars,2022-04-15,1869.0,323,1869.0,0.11102463605071895,0.4144144144144144,-0.9762731943779503,1.276819135477803,1.5931768650804021,0.21251807300978687
Husein Augar,Australia,White Choc,2022-05-11,3171.0,220,3171.0,0.18865840411625928,0.28185328185328185,-0.6616173560403321,0.44621308895076384,0.7833544200581133,-0.15231381795555762
Andria Kimpton,Canada,Manuka Honey Choco,2022-07-21,4858.0,488,4858.0,0.28924839392160995,0.6267696267696267,-0.25391812464589125,2.6074016371958755,2.023258606741402,1.6641641511348146
Jan Morforth,New Zealand,Orange Choco,2022-02-11,1225.0,84,1225.0,0.07262513786776352,0.1068211068211068,-1.1319094154911808,-0.6505094579198897,0.34040117446156704,-1.2603604723038566
Andria Kimpton,Canada,Smooth Sliky Salty,2022-07-08,1155.0,79,1155.0,0.06845127936961619,0.10038610038610038,-1.1488263960469667,-0.6908301397901343,0.3238522585572483,-1.3008336115445691
Gunar Cockshoot,UK,Raspberry Choco,2022-08-11,6811.0,344,6811.0,0.4056990460199204,0.44144144144144143,0.21806563286053612,1.4461659993328304,0.8683980971102515,1.1767894725890795
Husein Augar,New Zealand,After Nines,2022-08-04,6433.0,7,6433.0,0.38316021012992485,0.007722007722007722,0.1267139378592921,-1.2714479587216567,-0.9886497582690393,-0.8094491888067138
Andria Kimpton,New Zealand,Orange Choco,2022-06-14,8169.0,88,8169.0,0.4866719008839786,0.11196911196911195,0.5462550556427831,-0.6182529124236941,-0.823431480965574,-0.05091017276067408
Dennison Crosswaite,UK,Baker's Choco Chips,2022-01-17,2275.0,275,2275.0,0.13523301533997345,0.35263835263835264,-0.8781547071543919,0.8897405895234547,1.2500907527087084,0.008192455989184996
Jehu Rudeforth,Canada,Orange Choco,2022-06-23,3857.0,512,3857.0,0.22956221739810312,0.6576576576576576,-0.49583094659363,2.8009409101730496,2.331169735944696,1.6299588866276664
Jehu Rudeforth,UK,Smooth Sliky Salty,2022-08-24,1463.0,113,1463.0,0.08681625676146444,0.14414414414414414,-1.0743916816015087,-0.41664950307247095,0.4650939547102876,-1.0543253327113975
Andria Kimpton,UK,Caramel Stuffed Bars,2022-06-07,7924.0,275,7924.0,0.47206339614046294,0.35263835263835264,0.48704562369753235,0.8897405895234547,0.2847483410852014,0.973534867612706
Jan Morforth,UK,White Choc,2022-06-22,8799.0,47,8799.0,0.5242366273673045,0.0592020592020592,0.6985078806448565,-0.9488825037596998,-1.1648809120739763,-0.17704159384152357
Dotty Strutley,USA,Fruit & Nut Bars,2022-07-13,2898.0,276,2898.0,0.1723803559734847,0.35392535392535396,-0.7275935802078972,0.8978047258975036,1.1493301643762572,0.1203574553506437
Kelci Walkden,UK,Choco Coated Almonds,2022-05-24,9506.0,212,9506.0,0.5663925981985926,0.27155727155727155,0.8693693842582944,0.38169999795837245,-0.34483433002975067,0.8846396439002723
Gunar Cockshoot,New Zealand,After Nines,2022-08-09,7175.0,145,7175.0,0.42740311021028654,0.18532818532818532,0.30603393175062293,-0.15859713910290538,-0.3285437809504966,0.1042535558775984
Kaine Padly,Canada,85% Dark Bars,2022-04-06,1729.0,31,1729.0,0.10267691905442429,0.03861003861003861,-1.0101071554895222,-1.0779086857444826,-0.04794292181811807,-1.4764501605614981
Jan Morforth,New Zealand,Manuka Honey Choco,2022-07-28,1589.0,271,1589.0,0.09432920205812964,0.3474903474903475,-1.043941116601094,0.857484044027259,1.3445106249990275,-0.13184506041716046
Gunar Cockshoot,New Zealand,Raspberry Choco,2022-08-24,630.0,52,630.0,0.03714734063351123,0.06563706563706563,-1.2757037502153612,-0.9085618218894552,0.2596085471771423,-1.5445089979476312
Van Tuxwell,Australia,99% Dark & Pure,2022-01-17,5191.445,128,5191.445,0.3091305688775347,0.16344916344916344,-0.17333408776840503,-0.2956874574617371,-0.08651689741118226,-0.33164831515482585
Curtice Advani,USA,Drinking Coco,2022-02-07,5187.0,142,5187.0,0.3088655288629024,0.18146718146718147,-0.17440831603369739,-0.18278954822505217,-0.005926426117207937,-0.25257703204271365
Brien Boise,Australia,Spicy Special Slims,2022-05-09,6223.0,256,6223.0,0.37063863463548286,0.3281853281853282,0.07596299619193433,0.7365219984165251,0.46708574984683177,0.5745136492999539
Mallorie Waber,New Zealand,85% Dark Bars,2022-06-06,7714.0,106,7714.0,0.459541820646021,0.13513513513513511,0.4362946820301746,-0.4730984576908134,-0.6430380558612365,-0.02602419934290145
Wilone O'Kielt,USA,Choco Coated Almonds,2022-06-06,9457.0,6,9457.0,0.5634708972498894,0.0064350064350064354,0.8575274978692442,-1.2795120950957057,-1.5111151878496578,-0.29838817025509434
Beverie Moffet,New Zealand,Organic Choco Syrup,2022-05-24,6678.0,226,6678.0,0.3977687148734405,0.2895752895752896,0.18592336980454285,0.4945979071950574,0.21826585856845648,0.4812012097081447
Gunar Cockshoot,UK,50% Dark Bites,2022-01-13,2107.0,121,2107.0,0.12521575494441986,0.15444015444015444,-0.9187554604882782,-0.35213641208007956,0.4006601714788993,-0.8986562612479582
Marney O'Breen,USA,Raspberry Choco,2022-05-23,6069.0,151,6069.0,0.3614561459395587,0.19305019305019303,0.0387456389692053,-0.11021232085861185,-0.10532918350596338,-0.05053457539290041
Jehu Rudeforth,UK,White Choc,2022-06-29,1862.0,284,1862.0,0.11060725020090421,0.36422136422136425,-0.9779648924335289,0.9623178168898949,1.3719870611815994,-0.011064153222651684
Jehu Rudeforth,New Zealand,85% Dark Bars,2022-03-11,6972.0,89,6972.0,0.4152989205656593,0.11325611325611325,0.2569746881388438,-0.610188776049645,-0.6131771659249002,-0.24976007677234444
Dotty Strutley,USA,85% Dark Bars,2022-04-25,10220.0,508,10220.0,0.6089659548796953,0.6525096525096524,1.0419225859273107,2.768684364676854,1.2210049632475657,2.694506015208787
Rafaelita Blaksland,Australia,Smooth Sliky Salty,2022-05-30,3969.0,243,3969.0,0.23624039099513883,0.31145431145431146,-0.4687637777043725,0.6316882255538891,0.778137073874238,0.11520498189546172
Curtice Advani,India,Manuka Honey Choco,2022-05-23,1547.0,170,1547.0,0.09182488695924124,0.2175032175032175,-1.0540913049345655,0.04300627024831769,0.7757651350351293,-0.7149450843828868
Mallorie Waber,USA,Peanut Butter Cubes,2022-05-23,1162.0,18,1162.0,0.06886866521943093,0.021879021879021878,-1.1471346979913881,-1.1827424586071187,-0.02517848899426247,-1.6474719367624355
Van Tuxwell,Canada,Peanut Butter Cubes,2022-06-24,6342.0,282,6342.0,0.37773419408233333,0.36164736164736166,0.10472186313677041,0.9461895441417971,0.595007503387978,0.7431065825129686
Kelci Walkden,New Zealand,Smooth Sliky Salty,2022-03-11,10633.0,277,10633.0,0.6335917200187645,0.3552123552123552,1.1417327712064478,0.9058688622715525,-0.16678096944502074,1.4478730002009468
Rafaelita Blaksland,USA,Smooth Sliky Salty,2022-07-27,15057.0,212,15057.0,0.8973795771016758,0.27155727155727155,2.2108859423321183,0.38169999795837245,-1.2934297853177812,1.8332350991883166
Rafaelita Blaksland,USA,White Choc,2022-08-16,4704.0,126,4704.0,0.2800659052256858,0.16087516087516085,-0.29113548186862026,-0.31181573020983494,-0.014623143838697969,-0.4263508907853237
Roddy Speechley,Canada,Smooth Sliky Salty,2022-03-07,9338.0,11,9338.0,0.5563753378030389,0.01287001287001287,0.8287686309244081,-1.2391914132254611,-1.462268570441207,-0.2902127325185143
Curtice Advani,New Zealand,After Nines,2022-04-05,7959.0,30,7959.0,0.4741503253895366,0.03732303732303732,0.4955041139754253,-1.0859728221185316,-1.1182730658021642,-0.41752442760644287
Camilla Castle,India,85% Dark Bars,2022-05-04,9023.0,51,9023.0,0.537592974561376,0.06435006435006434,0.7526422184233714,-0.9166259582635042,-1.1803508473541946,-0.11595401444528002
Ches Bonnell,USA,Choco Coated Almonds,2022-01-04,14525.0,92,14525.0,0.865658252515756,0.1171171171171171,2.082316890108145,-0.5859963669274983,-1.886782398379859,1.0580583887696513
Marney O'Breen,Australia,Baker's Choco Chips,2022-01-13,5810.0,101,5810.0,0.34601286949641363,0.1287001287001287,-0.02384718908720263,-0.513419139561058,-0.34617964605879065,-0.3799046642903829
Wilone O'Kielt,New Zealand,Fruit & Nut Bars,2022-07-11,6426.0,98,6426.0,0.38274282428011014,0.12483912483912482,0.12502223980371352,-0.5376115486832048,-0.4685528452824347,-0.2917446981537559
Kaine Padly,Australia,Mint Chip Choco,2022-05-17,4403.0,159,4403.0,0.2621183136836523,0.20334620334620332,-0.36387849825849977,-0.045699229866220464,0.22498671831315295,-0.2896151889799714
Camilla Castle,New Zealand,Peanut Butter Cubes,2022-07-21,1582.0,62,1582.0,0.0939118162083149,0.0785070785070785,-1.0456328146566727,-0.827920458148966,0.1539458836346928,-1.3248022241151178
Curtice Advani,Canada,Organic Choco Syrup,2022-02-22,791.0,22,791.0,0.04674721517925009,0.027027027027027025,-1.2367946949370536,-1.1504859131109229,0.061029524905194844,-1.688062306545869
Jan Morforth,India,99% Dark & Pure,2022-05-23,9100.0,187,9100.0,0.542184218909338,0.23938223938223938,0.7712508970347359,0.1800965886071494,-0.41800922021678566,0.6727042583621518
Rafaelita Blaksland,Canada,Drinking Coco,2022-07-12,9884.0,200,9884.0,0.5889314340885882,0.25611325611325614,0.9607210792595383,0.2849303614697854,-0.47785619921205263,0.8808085807345011
Jan Morforth,UK,Orange Choco,2022-06-15,3780.0,201,3780.0,0.22497097305014105,0.2574002574002574,-0.5144396252049945,0.2929944978438343,0.5709421437692387,-0.1565853512177992
Barr Faughny,New Zealand,50% Dark Bites,2022-06-23,4557.0,308,4557.0,0.27130080237957643,0.39510939510939513,-0.3266611410357707,1.155857089867069,1.0482986943040857,0.5863300783510169
Curtice Advani,Australia,Eclairs,2022-03-25,5796.0,55,5796.0,0.34517809779678416,0.06949806949806948,-0.027230585198359816,-0.8843694127673085,-0.6060886773922952,-0.6445985402911626
Jan Morforth,India,Caramel Stuffed Bars,2022-07-04,84.0,153,84.0,0.004591244347962062,0.1956241956241956,-1.4076561985504914,-0.094084048110514,0.928835775153896,-1.0618907119947623
Andria Kimpton,UK,White Choc,2022-05-12,9037.0,101,9037.0,0.5384277462610054,0.1287001287001287,0.7560256145345285,-0.513419139561058,-0.8976329939626775,0.1715486836135118
Camilla Castle,New Zealand,Raspberry Choco,2022-04-04,4746.0,137,4746.0,0.28257022032457424,0.17503217503217502,-0.28098529353514873,-0.22311023009529676,0.04092384981991822,-0.35644936312487174
Madelene Upcott,Australia,Orange Choco,2022-04-15,6713.0,398,6713.0,0.3998556441225142,0.5109395109395108,0.19438186008243583,1.8816293635314723,1.1930641512288964,1.4679616140367677
Roddy Speechley,Canada,Eclairs,2022-03-08,6237.0,88,6237.0,0.37147340633511233,0.11196911196911195,0.07934639230309153,-0.6182529124236941,-0.4932771989233338,-0.3810644548029191
Karlen McCaffrey,India,White Choc,2022-01-17,7483.0,232,7483.0,0.44576808760213477,0.2972972972972973,0.380468646196081,0.5429827254393509,0.11491480747120855,0.6529787269794317
Wilone O'Kielt,India,Mint Chip Choco,2022-08-22,1309.0,51,1309.0,0.07763376806554032,0.06435006435006434,-1.1116090388242377,-0.9166259582635042,0.1378738584811272,-1.4341787202806207
Andria Kimpton,UK,99% Dark & Pure,2022-07-25,1155.0,66,1155.0,0.06845127936961619,0.08365508365508365,-1.1488263960469667,-0.7956639126527704,0.24972358686870752,-1.3749622832331088
Marney O'Breen,UK,50% Dark Bites,2022-06-14,5191.445,124,5191.445,0.3091305688775347,0.1583011583011583,-0.17333408776840503,-0.3279440029579328,-0.10932571946919478,-0.354457137212838
Ches Bonnell,India,Choco Coated Almonds,2022-04-05,9625.0,78,9625.0,0.573488157645443,0.09909909909909909,0.8981282512031303,-0.6988942761641832,-1.129265458809105,0.14087969479279888
Madelene Upcott,UK,Raspberry Choco,2022-08-26,7357.0,341,7357.0,0.4382551423054696,0.4375804375804376,0.35001808119566635,1.4219735902106836,0.7579870095548046,1.252987327057509
Wilone O'Kielt,Australia,50% Dark Bites,2022-08-03,5191.445,114,5191.445,0.3091305688775347,0.1454311454311454,-0.17333408776840503,-0.408585366698422,-0.16634777461422612,-0.41147919235786856
Gigi Bohling,Canada,White Choc,2022-07-11,6587.0,4,6587.0,0.392342698825849,0.003861003861003861,0.16393129508202114,-1.2956403678438035,-1.0320730204825823,-0.8002391596801888
Wilone O'Kielt,New Zealand,Eclairs,2022-03-11,3311.0,22,3311.0,0.19700612111255394,0.027027027027027025,-0.6277833949287602,-1.1504859131109229,-0.369606495149901,-1.2574262864907668
Brien Boise,UK,Peanut Butter Cubes,2022-01-10,15330.0,30,15330.0,0.9136576252444504,0.03732303732303732,2.2768621664996833,-1.0859728221185316,-2.3778834244633202,0.8420859310547311
Roddy Speechley,UK,Baker's Choco Chips,2022-04-04,14028.0,351,14028.0,0.83602385717891,0.45045045045045046,1.9622063281620652,1.5026149539511728,-0.32498017727934897,2.4499986241817404
Karlen McCaffrey,Australia,50% Dark Bites,2022-01-17,6678.0,708,6678.0,0.3977687148734405,0.9099099099099098,0.18592336980454285,4.3815116394866385,2.9667289165589663,3.229664267698615
Marney O'Breen,New Zealand,Organic Choco Syrup,2022-07-08,8624.0,50,8624.0,0.5138019811219362,0.06306306306306306,0.6562154292553917,-0.9246900946375531,-1.1178690163599743,-0.1898402564685074
Jan Morforth,UK,Organic Choco Syrup,2022-04-12,1197.0,356,1197.0,0.0709555944685046,0.4568854568854569,-1.138676207713495,1.5429356358214175,1.8961859190736974,0.28585458297369404
Rafaelita Blaksland,Canada,Fruit & Nut Bars,2022-08-24,483.0,185,483.0,0.02838223778740184,0.2368082368082368,-1.3112294093825116,0.16396831585905156,1.0431223151092726,-0.8112360990219398
Ches Bonnell,UK,Choco Coated Almonds,2022-06-07,1687.0,236,1687.0,0.1001726039555359,0.30244530244530243,-1.0202573438229938,0.5752392709355466,1.1281864756559419,-0.31467529708929126
Gunar Cockshoot,Canada,Almond Choco,2022-07-28,1309.0,30,1309.0,0.07763376806554032,0.03732303732303732,-1.1116090388242377,-1.0859728221185316,0.018127542676561425,-1.5539250360851846
Husein Augar,USA,99% Dark & Pure,2022-02-21,9534.0,111,9534.0,0.5680621415978515,0.14157014157014156,0.8761361764806087,-0.43277777582056876,-0.9255419316618456,0.3135017316027432
Dennison Crosswaite,Canada,Mint Chip Choco,2022-04-08,1694.0,289,1694.0,0.10058998980535062,0.3706563706563707,-1.018565645767415,1.0026384987601396,1.4292071567577882,-0.011262193653809774
Brien Boise,UK,Manuka Honey Choco,2022-06-28,70.0,103,70.0,0.0037564726483325967,0.13127413127413126,-1.4110395946616485,-0.49729086681296014,0.6461179217623788,-1.349393410053554
Van Tuxwell,UK,Baker's Choco Chips,2022-03-24,2443.0,20,2443.0,0.14525027573552704,0.02445302445302445,-0.8375539538205057,-1.1666141858590209,-0.23268072149326324,-1.4171608822054191
Barr Faughny,Australia,Caramel Stuffed Bars,2022-07-29,5191.445,55,5191.445,0.3091305688775347,0.06949806949806948,-0.17333408776840503,-0.8843694127673085,-0.502777899969911,-0.7479093177135485
Dennison Crosswaite,USA,Eclairs,2022-05-25,2044.0,90,2044.0,0.12145928229608728,0.11454311454311453,-0.9339807429884854,-0.6021246396755962,0.2346577010306796,-1.0861905326989303
Gigi Bohling,Australia,Raspberry Choco,2022-03-30,6524.0,303,6524.0,0.38858622617751637,0.3886743886743887,0.14870601258181382,1.1155364079968244,0.683652328855231,0.8939543886548452
Dennison Crosswaite,USA,Organic Choco Syrup,2022-07-18,5191.445,126,5191.445,0.3091305688775347,0.16087516087516085,-0.17333408776840503,-0.31181573020983494,-0.09792130844018856,-0.343052726183832
Beverie Moffet,Canada,Orange Choco,2022-05-10,8722.0,109,8722.0,0.5196453830193425,0.138996138996139,0.679899202033492,-0.4489060485686666,-0.7981858473397655,0.1633368252226486
Mallorie Waber,Australia,Choco Coated Almonds,2022-03-18,15750.0,92,15750.0,0.9387007762333344,0.1171171171171171,2.3783640498343988,-0.5859963669274983,-2.0961193525733086,1.2673953429631037
Ches Bonnell,India,Caramel Stuffed Bars,2022-06-15,6839.0,56,6839.0,0.40736858941917936,0.07078507078507078,0.22483242508285048,-0.8763052763932596,-0.7786219357339292,-0.4606608709205201
Van Tuxwell,Canada,50% Dark Bites,2022-05-12,13685.0,58,13685.0,0.8155719505379881,0.07335907335907335,1.8793131234387142,-0.8601770036451617,-1.9371120458546005,0.7206380612581808
Kelci Walkden,New Zealand,Baker's Choco Chips,2022-06-23,2912.0,110,2912.0,0.17321512767311417,0.14028314028314026,-0.72421018409674,-0.4408419121946177,0.200371626635098,-0.8238162377232229
Beverie Moffet,India,Spicy Special Slims,2022-04-21,3339.0,171,3339.0,0.19867566451181287,0.2187902187902188,-0.6210166027064459,0.051070406622366615,0.47523728184378666,-0.4030128201625336
Gigi Bohling,Australia,Almond Choco,2022-08-17,910.0,117,910.0,0.05384277462610055,0.1492921492921493,-1.2080358279922174,-0.38439295757627523,0.5824034589470573,-1.1260171928321439
Rafaelita Blaksland,New Zealand,Eclairs,2022-02-07,19481.0,51,16778.052499999998,1.0000000000000002,0.06435006435006434,2.6268146805890713,-0.9166259582635042,-2.5055909044646394,1.2092860426651841
Kelci Walkden,Canada,Smooth Sliky Salty,2022-03-17,8099.0,118,8099.0,0.48249804238583127,0.15057915057915056,0.5293380750869972,-0.3763288212022263,-0.640403203862283,0.10819388100622018
Jan Morforth,India,Baker's Choco Chips,2022-08-01,13727.0,79,13727.0,0.8180762656368765,0.10038610038610038,1.8894633117721857,-0.6908301397901343,-1.8245429970509528,0.8475616440636627
Jehu Rudeforth,Australia,Milk Bars,2022-03-18,8659.0,29,8659.0,0.5158889103710098,0.036036036036036036,0.6646739195332846,-1.0940369584925804,-1.2435963879986385,-0.30360551643897316
Gigi Bohling,Canada,Fruit & Nut Bars,2022-06-14,5782.0,103,5782.0,0.3443433260971547,0.13127413127413126,-0.030613981309517,-0.49729086681296014,-0.3299903903625055,-0.37328509792865566
Beverie Moffet,UK,Eclairs,2022-04-22,8463.0,155,8463.0,0.5042021065761974,0.19819819819819817,0.617306373977084,-0.07795577536241616,-0.49162458050029206,0.38137846571745887
Marney O'Breen,New Zealand,Eclairs,2022-01-18,4914.0,31,4914.0,0.2925874807201278,0.03861003861003861,-0.2403845402012625,-1.0779086857444826,-0.5922190027210867,-0.9321740796585214
Husein Augar,Australia,99% Dark & Pure,2022-08-26,5191.445,128,5191.445,0.3091305688775347,0.16344916344916344,-0.17333408776840503,-0.2956874574617371,-0.08651689741118226,-0.33164831515482585
Gunar Cockshoot,New Zealand,Fruit & Nut Bars,2022-06-10,9205.0,419,9205.0,0.548445006656559,0.5379665379665379,0.7966263678684148,2.0509762273864998,0.8869592916456455,2.0135591052291555
Curtice Advani,Canada,70% Dark Bites,2022-01-31,2303.0,7,2303.0,0.1369025587392324,0.007722007722007722,-0.8713879149320776,-1.2714479587216567,-0.2828851698454097,-1.5152137772303536
Kelci Walkden,New Zealand,Manuka Honey Choco,2022-04-08,1358.0,106,1358.0,0.08055546901424344,0.13513513513513511,-1.0997671524351875,-0.4730984576908134,0.4431216836110612,-1.1121839388152146
Dotty Strutley,Australia,Baker's Choco Chips,2022-06-07,5191.445,68,5191.445,0.3091305688775347,0.08622908622908622,-0.17333408776840503,-0.7795356399046725,-0.42864922828137014,-0.6737806460250089
Barr Faughny,Australia,85% Dark Bars,2022-02-10,8498.0,44,8498.0,0.506289035825271,0.05534105534105534,0.6257648642549769,-0.9730749128818467,-1.1305504484442381,-0.24558529055828118
Beverie Moffet,Australia,50% Dark Bites,2022-05-16,700.0,457,700.0,0.04132119913165856,0.5868725868725868,-1.2587867696595754,2.3574134096003587,2.5570396688827133,0.7768463470943011
Gunar Cockshoot,India,Baker's Choco Chips,2022-03-18,5191.445,524,5191.445,0.3091305688775347,0.673101673101673,-0.17333408776840503,2.8977105466616364,2.1715564863320576,1.9264250685883817
Van Tuxwell,Australia,50% Dark Bites,2022-07-13,644.0,137,644.0,0.0379821123331407,0.17503217503217502,-1.272320354104204,-0.22311023009529676,0.7419035935762689,-1.0574291068812327
Oby Sorrel,USA,Manuka Honey Choco,2022-07-25,5191.445,86,5191.445,0.3091305688775347,0.10939510939510938,-0.17333408776840503,-0.6343811851717919,-0.3260095290203138,-0.5711409467639539
Van Tuxwell,Canada,Choco Coated Almonds,2022-08-19,2282.0,296,2282.0,0.1356504011897882,0.37966537966537967,-0.8764630090988134,1.059087453378482,1.3686408573464544,0.12913498296056852
Karlen McCaffrey,Canada,70% Dark Bites,2022-06-24,7714.0,597,7714.0,0.459541820646021,0.767052767052767,0.4362946820301746,3.4863925019672077,2.1567448517598007,2.773758708278096
Kelci Walkden,Canada,Fruit & Nut Bars,2022-06-20,826.0,149,826.0,0.048834144428323754,0.19047619047619047,-1.2283362046591606,-0.12634059360670968,0.779228569412994,-0.957901150369883
Camilla Castle,India,99% Dark & Pure,2022-08-02,203.0,207,203.0,0.011686803794812522,0.2651222651222651,-1.3788973316056554,0.3413793160881279,1.2164192831011298,-0.733636024375662
Madelene Upcott,New Zealand,70% Dark Bites,2022-02-22,13356.0,93,13356.0,0.7959548155966957,0.1184041184041184,1.7998033148265202,-0.5779322305534494,-1.6813129280064643,0.8639933294252599
Mallorie Waber,New Zealand,Orange Choco,2022-02-01,6510.0,23,6510.0,0.3877514544778869,0.028314028314028312,0.14532261647065664,-1.142421776736874,-0.910572792872006,-0.705055577739648
Jan Morforth,Canada,70% Dark Bites,2022-02-14,5191.445,305,5191.445,0.3091305688775347,0.3912483912483913,-0.17333408776840503,1.1316646807449224,0.922773478655872,0.677642060912214
Kelci Walkden,Australia,Milk Bars,2022-02-24,7910.0,125,7910.0,0.4712286244408335,0.15958815958815958,0.48366222758637517,-0.31987986658388384,-0.5681900637566287,0.1158116181036089
Dennison Crosswaite,India,Orange Choco,2022-03-18,784.0,129,784.0,0.04632982932943536,0.16473616473616473,-1.2384863929926322,-0.2876233210876882,0.6723617261238497,-1.0791225276608623
Husein Augar,UK,Eclairs,2022-08-30,1750.0,252,1750.0,0.10392907660386849,0.323037323037323,-1.0050320613227863,0.7042654529203294,1.2086558633866145,-0.21267410835586473
Gigi Bohling,USA,Peanut Butter Cubes,2022-05-09,280.0,75,280.0,0.016278048142774587,0.09523809523809523,-1.3602886529942908,-0.72308668528633,0.4505698323516999,-1.4731688294550476
Wilone O'Kielt,USA,Smooth Sliky Salty,2022-01-18,504.0,87,504.0,0.029634395336846038,0.11068211068211067,-1.306154315215776,-0.626317048797743,0.48071754118750665,-1.3664636059427797
Curtice Advani,India,White Choc,2022-07-04,7154.0,342,7154.0,0.42615095266084235,0.4388674388674389,0.30095883758388714,1.4300377265847326,0.7983793389070795,1.22399940873424
Oby Sorrel,New Zealand,Spicy Special Slims,2022-06-03,1617.0,13,1617.0,0.09599874545738857,0.015444015444015444,-1.0371743243787797,-1.2230631404773633,-0.13144324241005925,-1.5982292384916688
Beverie Moffet,New Zealand,Peanut Butter Cubes,2022-02-23,10822.0,30,10822.0,0.6448611379637623,0.03732303732303732,1.1874086187070698,-1.0859728221185316,-1.6075234330314263,0.07172593962282622
Dotty Strutley,New Zealand,99% Dark & Pure,2022-05-09,10724.0,203,10724.0,0.639017736066356,0.25997425997426,1.1637248459289695,0.30912277059193216,-0.6042949226869085,1.0414605372963777
Kelci Walkden,India,70% Dark Bites,2022-06-06,3640.0,106,3640.0,0.21662325605384639,0.13513513513513511,-0.5482735863165663,-0.4730984576908134,0.05315684322783558,-0.7222190984319834
Kelci Walkden,India,Drinking Coco,2022-07-04,7532.0,234,7532.0,0.4486897885508379,0.2998712998712999,0.39231053258513116,0.5591109981874488,0.11794574033247682,0.6727566161761759
Brien Boise,New Zealand,Drinking Coco,2022-06-06,1582.0,100,1582.0,0.0939118162083149,0.1274131274131274,-1.0456328146566727,-0.5214832759351069,0.37062969318581185,-1.1081184145640017
Dotty Strutley,Australia,Almond Choco,2022-05-13,1456.0,91,1456.0,0.08639887091164972,0.11583011583011582,-1.0760833796570872,-0.5940605033015472,0.34084164455803834,-1.180970065197284
Wilone O'Kielt,New Zealand,Organic Choco Syrup,2022-01-31,2016.0,277,2016.0,0.11978973889682834,0.3552123552123552,-0.9407475352107999,0.9058688622715525,1.305754976910044,-0.024662946154138863
Ches Bonnell,New Zealand,Caramel Stuffed Bars,2022-06-30,7588.0,42,7588.0,0.45202887534935576,0.05276705276705276,0.4058441170297599,-0.9892031856299445,-0.9864474077866819,-0.4124971532738517
Barr Faughny,Canada,Manuka Honey Choco,2022-08-25,3402.0,249,3402.0,0.20243213716014546,0.31917631917631917,-0.6057913202062385,0.6800730437981827,0.9092434114736535,0.052525110470082015
Gigi Bohling,New Zealand,Smooth Sliky Salty,2022-01-10,700.0,97,700.0,0.04132119913165856,0.12355212355212354,-1.2587867696595754,-0.5456756850572537,0.5042456836615862,-1.275947638126797
Brien Boise,USA,Manuka Honey Choco,2022-08-22,1904.0,8,1904.0,0.11311156529979262,0.009009009009009009,-0.9678147041000573,-1.263383822347608,-0.20899892782218324,-1.577695608224575
Roddy Speechley,New Zealand,85% Dark Bars,2022-04-14,4844.0,275,4844.0,0.28841362222198047,0.35263835263835264,-0.25730152075704843,0.8897405895234547,0.8110812544858744,0.4472019542120253
Oby Sorrel,UK,Smooth Sliky Salty,2022-05-31,5191.445,313,5191.445,0.3091305688775347,0.4015444015444016,-0.17333408776840503,1.1961777717373137,0.9683911227718968,0.7232597050282382
Oby Sorrel,UK,Raspberry Choco,2022-04-08,4599.0,323,4599.0,0.2738051174784648,0.4144144144144144,-0.3165109527022992,1.276819135477803,1.1266545100207142,0.679040428069481
Roddy Speechley,USA,Drinking Coco,2022-02-21,5191.445,155,5191.445,0.3091305688775347,0.19819819819819817,-0.17333408776840503,-0.07795577536241616,0.06744265148040227,-0.17768876626324348
Andria Kimpton,Australia,Manuka Honey Choco,2022-03-30,9744.0,377,9744.0,0.5805837170922935,0.4839124839124839,0.9268871181479664,1.7122824996764447,0.5553584001913957,1.8661747334651462
Mallorie Waber,India,Raspberry Choco,2022-03-02,1400.0,2,1400.0,0.08305978411313185,0.001287001287001287,-1.089616964101716,-1.3117686405919013,-0.1570849568981827,-1.6980360453226138
Jehu Rudeforth,USA,Orange Choco,2022-07-28,364.0,170,364.0,0.021286678340551382,0.2175032175032175,-1.3399882763273476,0.04300627024831769,0.9779248222276606,-0.9171047715754211
Kaine Padly,New Zealand,70% Dark Bites,2022-03-24,7231.0,38,7231.0,0.4307421970088044,0.047619047619047616,0.3195675161952517,-1.0214597311261402,-0.9482494603368894,-0.4963127448396702
Curtice Advani,Australia,After Nines,2022-08-11,63.0,105,63.0,0.003339086798517863,0.13384813384813385,-1.4127312927172273,-0.48116259406486234,0.6587185439582047,-1.339185210191368
Husein Augar,UK,Almond Choco,2022-05-17,8309.0,166,8309.0,0.49501961788027327,0.21235521235521235,0.580089016754355,0.010749724752122002,-0.402583674170724,0.41778608070695844
Kaine Padly,Canada,Choco Coated Almonds,2022-05-18,3164.0,164,3164.0,0.18824101826644454,0.20978120978120976,-0.6633090540959107,-0.005378547995975845,0.4652271224127576,-0.47283353793454813
Roddy Speechley,UK,Peanut Butter Cubes,2022-08-17,5691.0,171,5691.0,0.33891731004956316,0.2187902187902188,-0.0526060560320387,0.051070406622366615,0.07331032979236364,-0.0010858681111047496
Ches Bonnell,New Zealand,Eclairs,2022-04-04,490.0,49,490.0,0.028799623637216575,0.06177606177606177,-1.309537711326933,-0.932754231011602,0.26642615397002684,-1.585539837827535
Brien Boise,India,85% Dark Bars,2022-08-09,18032.0,205,16778.052499999998,1.0000000000000002,0.2625482625482626,2.6268146805890713,0.32525104334003,-1.6274512552311573,2.0874256918986536
Brien Boise,New Zealand,Organic Choco Syrup,2022-01-17,637.0,313,637.0,0.03756472648332596,0.4015444015444016,-1.2740120521597826,1.1961777717373137,1.7466879752956397,-0.05503714749551566
Andria Kimpton,Canada,White Choc,2022-02-14,4067.0,29,4067.0,0.24208379289254509,0.036036036036036036,-0.4450800049262722,-1.0940369584925804,-0.458881862564908,-1.0883200418727148
Gigi Bohling,New Zealand,Orange Choco,2022-05-16,8204.0,307,8204.0,0.48875883013305227,0.3938223938223938,0.554713545920676,1.1477929534930202,0.41937047087651314,1.2038538907495924
Ches Bonnell,Canada,Smooth Sliky Salty,2022-03-16,5191.445,121,5191.445,0.3091305688775347,0.15444015444015444,-0.17333408776840503,-0.35213641208007956,-0.1264323360127042,-0.3715637537563472
Husein Augar,Canada,70% Dark Bites,2022-01-31,5191.445,285,5191.445,0.3091305688775347,0.3655083655083655,-0.17333408776840503,0.9703819532639438,0.8087293683658092,0.563597950622153
Barr Faughny,Canada,Organic Choco Syrup,2022-03-10,1141.0,205,1141.0,0.06761650766998673,0.2625482625482626,-1.152209792158124,0.32525104334003,1.0447225757182823,-0.5847481390508246
Oby Sorrel,UK,Organic Choco Syrup,2022-06-30,7980.0,157,7980.0,0.47540248293898085,0.20077220077220076,0.5005792081421611,-0.06182750261431831,-0.3976815989607257,0.3102443062359037
Van Tuxwell,New Zealand,Eclairs,2022-03-01,5229.0,182,5229.0,0.3113698439617908,0.23294723294723294,-0.16425812770022583,0.13977590673690476,0.214984527461999,-0.01731154446167328
Mallorie Waber,UK,Drinking Coco,2022-05-27,3423.0,100,3423.0,0.20368429470958965,0.1274131274131274,-0.6007162260395027,-0.5214832759351069,0.056026156312227855,-0.7935148776904132
Oby Sorrel,UK,Milk Bars,2022-07-11,6468.0,223,6468.0,0.3852471393789985,0.2857142857142857,0.13517242813718508,0.47040549807291065,0.23704557702953846,0.4282082581600436
Karlen McCaffrey,New Zealand,Mint Chip Choco,2022-03-02,4326.0,61,4326.0,0.25752706933569025,0.0772200772200772,-0.3824871768698643,-0.835984594523015,-0.3206710992731372,-0.8615896522362874
Jehu Rudeforth,USA,Raspberry Choco,2022-03-04,7154.0,133,7154.0,0.42615095266084235,0.16988416988416988,0.30095883758388714,-0.25536677559149246,-0.3933816136240749,0.0322384562031026
Kelci Walkden,UK,85% Dark Bars,2022-06-23,3997.0,228,3997.0,0.23790993439439775,0.29214929214929214,-0.46199698548205814,0.5107261799431553,0.6878191464894123,0.03445674384519487
Kelci Walkden,USA,Almond Choco,2022-01-27,5180.0,233,5180.0,0.30844814301308765,0.2985842985842986,-0.17610001408927597,0.5510468618133999,0.5141704868693967,0.26512745861024417
Marney O'Breen,Canada,Orange Choco,2022-01-14,2723.0,425,2723.0,0.16194570972811637,0.5456885456885456,-0.769886031597362,2.099361045630793,2.028864065207717,0.9400807978411054
Dennison Crosswaite,India,Fruit & Nut Bars,2022-07-29,952.0,24,952.0,0.05634708972498895,0.029601029601029602,-1.1978856396587458,-1.134357640362825,0.04492107909734769,-1.649145038680009
Brien Boise,Canada,Smooth Sliky Salty,2022-05-13,5691.0,495,5691.0,0.33891731004956316,0.6357786357786357,-0.0526060560320387,2.6638505918142177,1.920824916491378,1.8464287185878834
Barr Faughny,Canada,Baker's Choco Chips,2022-02-03,10969.0,170,10969.0,0.6536262408098718,0.2175032175032175,1.2229342778742203,0.04300627024831769,-0.8343350955042018,0.8951551461564675
Brien Boise,India,Smooth Sliky Salty,2022-05-27,5191.445,26,5191.445,0.3091305688775347,0.032175032175032175,-0.17333408776840503,-1.1182293676147272,-0.6681418598905017,-0.913273277634137
Jan Morforth,Australia,Drinking Coco,2022-02-18,2821.0,24,2821.0,0.16778911162552262,0.029601029601029602,-0.7462022588192617,-1.134357640362825,-0.27446730244351514,-1.329756657139142
Brien Boise,India,Spicy Special Slims,2022-01-28,1302.0,33,1302.0,0.07721638221572559,0.04118404118404118,-1.1133007368798162,-1.0617804129963848,0.03643037038689028,-1.5380146307084954
Van Tuxwell,UK,Eclairs,2022-06-29,5474.0,109,5474.0,0.32597834870530645,0.138996138996139,-0.10504869575497508,-0.4489060485686666,-0.2431438659354194,-0.39170515618170537
Wilone O'Kielt,India,Caramel Stuffed Bars,2022-01-13,4179.0,276,4179.0,0.24876196648958082,0.35392535392535396,-0.4180128360370147,0.8978047258975036,0.9304235208482501,0.3392640988786542
Jehu Rudeforth,UK,After Nines,2022-06-27,1946.0,164,1946.0,0.11561588039868101,0.20978120978120976,-0.9576645157665857,-0.005378547995975845,0.6733678654393872,-0.6809742809611806
Barr Faughny,Canada,White Choc,2022-03-29,4291.0,1,4291.0,0.2554401400866166,0.0,-0.39094566714775725,-1.3198327769659504,-0.6568223743092264,-1.209703038940569
Gunar Cockshoot,India,Organic Choco Syrup,2022-06-03,7196.0,160,7196.0,0.42865526775973073,0.2046332046332046,0.31110902591735873,-0.03763509349217154,-0.24659933173340876,0.19337527209560335
Mallorie Waber,Canada,Smooth Sliky Salty,2022-03-21,1939.0,98,1939.0,0.11519849454886628,0.12483912483912482,-0.9593562138221644,-0.5376115486832048,0.2982185126490002,-1.0585160560852018
Mallorie Waber,India,Eclairs,2022-04-12,10437.0,46,10437.0,0.621904916223952,0.05791505791505791,1.0943652256502472,-0.9569466401337487,-1.450496530624292,0.09716961367978999
Rafaelita Blaksland,Australia,Raspberry Choco,2022-01-19,6916.0,259,6916.0,0.4119598337671414,0.33204633204633205,0.243441103694215,0.7607144075386719,0.3657674608751898,0.7100451713586162
Karlen McCaffrey,UK,50% Dark Bites,2022-04-06,3647.0,310,3647.0,0.21704064190366112,0.39768339768339767,-0.5465818882609877,1.171985362615167,1.2152105570196545,0.4422270376934584
Kaine Padly,Australia,50% Dark Bites,2022-08-02,8995.0,78,8995.0,0.535923431162117,0.09909909909909909,0.7458754262010571,-0.6988942761641832,-1.021606453795331,0.03322068977902345
Gigi Bohling,Australia,Eclairs,2022-04-12,7252.0,136,7252.0,0.4319943545582486,0.17374517374517373,0.32464261036198744,-0.2311743664693457,-0.3930219534160415,0.06609202908208794
Oby Sorrel,India,Drinking Coco,2022-07-21,16380.0,130,16380.0,0.9762655027166602,0.16602316602316602,2.5306168748364724,-0.2795591847136392,-1.9870945480359639,1.5917381575279954
Van Tuxwell,New Zealand,Baker's Choco Chips,2022-03-22,5191.445,24,5191.445,0.3091305688775347,0.029601029601029602,-0.17333408776840503,-1.134357640362825,-0.6795462709195079,-0.9246776886631429
Husein Augar,India,Peanut Butter Cubes,2022-05-09,4522.0,5,4522.0,0.26921387313050277,0.005148005148005148,-0.3351196313136637,-1.2875762314697548,-0.6734885207562644,-1.1474192483775056
Andria Kimpton,Australia,Baker's Choco Chips,2022-08-09,329.0,109,329.0,0.019199749091477716,0.138996138996139,-1.3484467666052407,-0.4489060485686666,0.6360713416770682,-1.2709203637942057
Madelene Upcott,Canada,Choco Coated Almonds,2022-07-20,3458.0,294,3458.0,0.20577122395866332,0.3770913770913771,-0.5922577357616098,1.0429591806303842,1.1562729702917365,0.31869404795727674
Brien Boise,India,70% Dark Bites,2022-04-14,4641.0,413,4641.0,0.27630943257735324,0.5302445302445302,-0.3063607643688276,2.002591409142206,1.6326757393250781,1.1994161913756742
Jehu Rudeforth,Canada,White Choc,2022-01-25,4627.0,136,4627.0,0.27547466087772376,0.17374517374517373,-0.30974416047998476,-0.2311743664693457,0.055557234141350165,-0.3824871584753102
Andria Kimpton,Australia,Almond Choco,2022-04-25,3192.0,175,3192.0,0.18991056166570347,0.22393822393822393,-0.6565422618735963,0.08332695211856231,0.5231665384050131,-0.40532443260773565
Dotty Strutley,Canada,After Nines,2022-01-17,252.0,237,252.0,0.014608504743515651,0.30373230373230375,-1.3670554452166053,0.5833034073095955,1.379111970368486,-0.5541963807728326
Karlen McCaffrey,USA,Eclairs,2022-08-15,868.0,125,868.0,0.05133845952721215,0.15958815958815958,-1.218186016325689,-0.31987986658388384,0.6351983700640006,-1.0875768157170378
Karlen McCaffrey,Canada,Fruit & Nut Bars,2022-06-02,210.0,16,210.0,0.012104189644627254,0.019305019305019305,-1.3772056335500769,-1.1988707313552165,0.1261018186642121,-1.8215610664789248
Gunar Cockshoot,USA,85% Dark Bars,2022-06-30,7007.0,135,7007.0,0.417385849814733,0.17245817245817244,0.2654331784167367,-0.23923850284339462,-0.35685676809185474,0.018522432728894412
Dotty Strutley,New Zealand,Raspberry Choco,2022-02-10,5845.0,91,5845.0,0.3480997987454873,0.11583011583011582,-0.015388698809309667,-0.5940605033015472,-0.4091827570379204,-0.43094566360131464
Marney O'Breen,Canada,Caramel Stuffed Bars,2022-02-23,1372.0,614,1372.0,0.08139024071387292,0.7889317889317888,-1.0963837563240304,3.6234828203260396,3.337449662645013,1.7869288848859746
Dennison Crosswaite,India,Organic Choco Syrup,2022-01-27,8428.0,216,8428.0,0.5021151773271236,0.2767052767052767,0.6088478836991911,0.41395654345456817,-0.13780898828150256,0.7232319462680463
Camilla Castle,UK,Mint Chip Choco,2022-05-26,4977.0,317,4977.0,0.2963439533684604,0.4066924066924067,-0.22515925770105516,1.2284343172335095,1.027845873925431,0.709422597990728
Brien Boise,USA,70% Dark Bites,2022-04-14,1694.0,21,1694.0,0.10058998980535062,0.02574002574002574,-1.018565645767415,-1.1585500494849719,-0.09898392112905098,-1.539453271540627
Madelene Upcott,Australia,99% Dark & Pure,2022-08-01,4326.0,154,4326.0,0.25752706933569025,0.1969111969111969,-0.3824871768698643,-0.08601991173646507,0.2096340135756541,-0.33128453938750363
Mallorie Waber,Australia,Eclairs,2022-08-22,9527.0,222,9527.0,0.5676447557480367,0.28442728442728443,0.87444447842503,0.4623413616988617,-0.2914009083851784,0.9452503325457621
Marney O'Breen,India,99% Dark & Pure,2022-07-22,10766.0,157,10766.0,0.6415220511652445,0.20077220077220076,1.1738750342624409,-0.06182750261431831,-0.8737736433549709,0.7863363506301556
Husein Augar,USA,Fruit & Nut Bars,2022-04-28,1288.0,27,1288.0,0.07638161051609613,0.03346203346203346,-1.1166841329909736,-1.1101652312406785,0.004609559633511297,-1.574620286129153
Kelci Walkden,Australia,Almond Choco,2022-05-30,4879.0,350,4879.0,0.29050055147105414,0.4491634491634492,-0.24884303047915546,1.4945508175771238,1.2327656122395105,0.8808484236338525
Ches Bonnell,USA,Milk Bars,2022-07-21,2408.0,157,2408.0,0.1431633464864534,0.20077220077220076,-0.8460124440983987,-0.06182750261431831,0.5545024898277645,-0.6419397825526002
Jan Morforth,UK,Caramel Stuffed Bars,2022-08-02,3094.0,468,3094.0,0.1840671597682972,0.601029601029601,-0.6802260346516966,2.446118909714897,2.2106597104899066,1.2486748268061816
Brien Boise,New Zealand,70% Dark Bites,2022-06-15,7231.0,130,7231.0,0.4307421970088044,0.16602316602316602,0.3195675161952517,-0.2795591847136392,-0.42364655300260123,0.028290162494610423
Oby Sorrel,India,85% Dark Bars,2022-07-05,8981.0,130,8981.0,0.5350886594624876,0.16602316602316602,0.7424920300898998,-0.2795591847136392,-0.722699344707529,0.3273429541995425
Kaine Padly,New Zealand,Smooth Sliky Salty,2022-04-12,7.0,518,7.0,0.0,0.6653796653796653,-1.426264877161856,2.849325728417343,3.0232991107825553,1.006255977963834
Gigi Bohling,Australia,70% Dark Bites,2022-08-18,1372.0,105,1372.0,0.08139024071387292,0.13384813384813385,-1.0963837563240304,-0.48116259406486234,0.4350270557629189,-1.1154937219960783
Jan Morforth,UK,50% Dark Bites,2022-01-12,5250.0,293,5250.0,0.312622001511235,0.3758043758043758,-0.15918303353349003,1.0348950442563352,0.8443407060713872,0.6192219011486243
Gunar Cockshoot,Canada,White Choc,2022-08-11,7560.0,15,7560.0,0.45035933195009686,0.018018018018018018,0.3990773248074455,-1.2069348677292655,-1.1356221120109875,-0.5712415468327131
Jehu Rudeforth,Australia,Spicy Special Slims,2022-01-13,5012.0,384,5012.0,0.2984308826175341,0.49292149292149295,-0.2167007674231622,1.7687314542947874,1.4039125875630427,1.0974514232965313
Husein Augar,UK,Baker's Choco Chips,2022-04-29,3038.0,135,3038.0,0.18072807296977936,0.17245817245817244,-0.6937596190963253,-0.23923850284339462,0.32139496349492147,-0.6597292988578918
Rafaelita Blaksland,New Zealand,After Nines,2022-07-07,5191.445,92,5191.445,0.3091305688775347,0.1171171171171171,-0.17333408776840503,-0.5859963669274983,-0.29179629593329504,-0.5369277136769357
Madelene Upcott,New Zealand,Mint Chip Choco,2022-03-11,7413.0,4,7413.0,0.44159422910398743,0.003861003861003861,0.3635516656402951,-1.2956403678438035,-1.1732259381673082,-0.6590862419954608
Madelene Upcott,UK,70% Dark Bites,2022-02-16,5397.0,239,5397.0,0.32138710435734436,0.30630630630630634,-0.1236573743663396,0.5994316800576934,0.5113011737850045,0.33642323786867406
Barr Faughny,Australia,Organic Choco Syrup,2022-01-07,2303.0,33,2303.0,0.1369025587392324,0.04118404118404118,-0.8713879149320776,-1.0617804129963848,-0.13462782646832822,-1.3669564338532743
Beverie Moffet,New Zealand,Drinking Coco,2022-01-12,1141.0,518,1141.0,0.06761650766998673,0.6653796653796653,-1.152209792158124,2.849325728417343,2.8295129017577625,1.20004218698863
Beverie Moffet,India,Eclairs,2022-06-09,10325.0,147,10325.0,0.6152267426269163,0.18790218790218788,1.0672980567609895,-0.14246886635480754,-0.8554343949903602,0.6539529919754822
Andria Kimpton,India,Eclairs,2022-05-16,2149.0,84,2149.0,0.12772007004330826,0.1068211068211068,-0.9086052721548066,-0.6505094579198897,0.18250130044136523,-1.1024605982836528
Gigi Bohling,UK,85% Dark Bars,2022-06-23,12362.0,94,12362.0,0.7366860249230036,0.11969111969111967,1.5595821909343601,-0.5698680941794004,-1.5057487368035622,0.6998335492513617
Roddy Speechley,UK,Raspberry Choco,2022-01-28,12635.0,194,12635.0,0.7529640730657782,0.24839124839124838,1.6255584151019251,0.23654554322549184,-0.9821804208592179,1.3167063362076359
Dotty Strutley,UK,Mint Chip Choco,2022-07-14,2443.0,216,2443.0,0.14525027573552704,0.2767052767052767,-0.8375539538205057,0.41395654345456817,0.8849515593493505,-0.29952860136282144
Barr Faughny,Canada,Drinking Coco,2022-04-18,6237.0,247,6237.0,0.37147340633511233,0.31660231660231664,0.07934639230309153,0.6639447710500848,0.4133734778826641,0.5255862220030658
Oby Sorrel,USA,Milk Bars,2022-06-14,1736.0,79,1736.0,0.10309430490423903,0.10038610038610038,-1.0084154574339437,-0.6908301397901343,0.22456673171121244,-1.2015480846985318
Oby Sorrel,UK,Orange Choco,2022-04-15,7315.0,237,7315.0,0.4357508272065812,0.30373230373230375,0.3398678928621948,0.5833034073095955,0.17213490304739723,0.6527806865482735
Curtice Advani,Canada,Peanut Butter Cubes,2022-05-19,4935.0,63,4935.0,0.293839638269572,0.07979407979407978,-0.23530944603452672,-0.8198563217749171,-0.4133370597574457,-0.7461148696939648
Gigi Bohling,India,White Choc,2022-04-13,1393.0,172,1393.0,0.08264239826331711,0.22007722007722005,-1.0913086621572945,0.05913454299641554,0.8134861917341694,-0.7298573190239148
Husein Augar,Canada,Choco Coated Almonds,2022-08-15,3381.0,408,3381.0,0.20117997961070128,0.5238095238095237,-0.6108664143729743,1.9622707272719615,1.8194827217801104,0.9555871537756078
Wilone O'Kielt,India,Choco Coated Almonds,2022-08-22,2933.0,233,2933.0,0.17446728522255836,0.2985842985842986,-0.7191350899300042,0.5510468618133999,0.898154271418524,-0.11885632593888859
Wilone O'Kielt,New Zealand,Baker's Choco Chips,2022-04-22,3836.0,59,3836.0,0.2283100598486589,0.07464607464607463,-0.5009060407603657,-0.8521128672711128,-0.24834072862476353,-0.9567288449426744
Kaine Padly,UK,Choco Coated Almonds,2022-08-03,8022.0,123,8022.0,0.47790679803786923,0.157014157014157,0.5107293964756326,-0.3360081393319817,-0.5987338534547505,0.1235465857437184
Dennison Crosswaite,New Zealand,Organic Choco Syrup,2022-01-04,371.0,229,371.0,0.021704064190366114,0.29343629343629346,-1.338296578271769,0.5187903163172042,1.3131587364165256,-0.5794784350529213
Kelci Walkden,Canada,After Nines,2022-01-13,16702.0,198,16702.0,0.995465251808138,0.25353925353925355,2.6084349853930875,0.26880208872168754,-1.654370286723457,2.03451384618791
Van Tuxwell,Australia,Baker's Choco Chips,2022-05-11,13258.0,32,13258.0,0.7901114136992894,0.039897039897039896,1.77611954204842,-1.0698445493704338,-2.0124005080556797,0.49941183670509764
Husein Augar,New Zealand,Peanut Butter Cubes,2022-02-16,2058.0,236,2058.0,0.12229405399571674,0.30244530244530243,-0.9305973468773283,0.5752392709355466,1.0647872838144974,-0.25127610524784555
Kaine Padly,UK,Caramel Stuffed Bars,2022-05-20,10192.0,67,10192.0,0.6072964114804363,0.08494208494208494,1.0351557937049964,-0.7875997762787214,-1.2888828239810364,0.1750485386456637
Jehu Rudeforth,UK,Drinking Coco,2022-02-03,7140.0,438,7140.0,0.4253161809612129,0.5624195624195624,0.29757544147272996,2.2041948184934292,1.3481834906330192,1.7690187157928932
Beverie Moffet,India,Manuka Honey Choco,2022-05-06,9835.0,167,9835.0,0.586009733139885,0.21364221364221364,0.9488791928704882,0.018813861126170926,-0.657655503022918,0.6842623205881622
Gunar Cockshoot,UK,Choco Coated Almonds,2022-06-30,5775.0,135,5775.0,0.34392594024733997,0.17245817245817244,-0.032305679365095596,-0.23923850284339462,-0.14632360273158557,-0.19201073263137777
Gunar Cockshoot,UK,Smooth Sliky Salty,2022-03-22,749.0,148,749.0,0.04424290008036169,0.18918918918918917,-1.2469448832705252,-0.1344047299807586,0.7866846867335079,-0.9767616787194032
Camilla Castle,Canada,Orange Choco,2022-02-17,7770.0,54,7770.0,0.46288090744453886,0.0682110682110682,0.44982826647480334,-0.8924335491413574,-0.9491224319499569,-0.31296919676250234
Jehu Rudeforth,UK,85% Dark Bars,2022-07-07,5502.0,64,5502.0,0.32764789210456535,0.08108108108108107,-0.09828190353266071,-0.8117921854008682,-0.5045279587553392,-0.6435195596670638
Oby Sorrel,UK,70% Dark Bites,2022-03-16,6223.0,181,6223.0,0.37063863463548286,0.23166023166023164,0.07596299619193433,0.13171177036285586,0.0394203362590969,0.1468482357122251
Kelci Walkden,UK,99% Dark & Pure,2022-08-12,5191.445,114,5191.445,0.3091305688775347,0.1454311454311454,-0.17333408776840503,-0.408585366698422,-0.16634777461422612,-0.41147919235786856
Gigi Bohling,New Zealand,After Nines,2022-01-21,5600.0,181,5600.0,0.33349129400197164,0.23166023166023164,-0.07459813075456041,0.13171177036285586,0.1458831301060512,0.04038544186526931
Oby Sorrel,Australia,50% Dark Bites,2022-05-06,721.0,151,721.0,0.04257335668110276,0.19305019305019303,-1.2537116754928395,-0.11021232085861185,0.8085761479442959,-0.9644399068431728
Oby Sorrel,Canada,50% Dark Bites,2022-06-24,6615.0,137,6615.0,0.3940122422251079,0.17503217503217502,0.17069808730433553,-0.22311023009529676,-0.2784645317209447,-0.03706098158400427
Barr Faughny,USA,White Choc,2022-05-05,7420.0,163,7420.0,0.4420116149538022,0.2084942084942085,0.3652433636958737,-0.013442684370024768,-0.2677714725281301,0.24876064597734374
Rafaelita Blaksland,New Zealand,99% Dark & Pure,2022-03-25,3164.0,84,3164.0,0.18824101826644454,0.1068211068211068,-0.6633090540959107,-0.6505094579198897,0.009050681252507057,-0.9290099790947921
Curtice Advani,Australia,Caramel Stuffed Bars,2022-02-14,9114.0,140,9114.0,0.5430189906089675,0.17889317889317888,0.7746342931458932,-0.19891782097315,-0.6884053017320722,0.40709302151414795
Curtice Advani,New Zealand,85% Dark Bars,2022-05-12,5404.0,187,5404.0,0.3218044902071591,0.23938223938223938,-0.12196567631076101,0.1800965886071494,0.21359027586402188,0.04110476228133516
Barr Faughny,New Zealand,Smooth Sliky Salty,2022-01-25,3990.0,169,3990.0,0.23749254854458304,0.2162162162162162,-0.4636886835376367,0.03494213387426877,0.35258523230054717,-0.3031695926773048
Ches Bonnell,UK,85% Dark Bars,2022-06-28,14924.0,12,14924.0,0.8894492459551958,0.014157014157014158,2.178743679276125,-1.231127276851412,-2.4111428760488334,0.670065984118132
Dennison Crosswaite,Australia,Drinking Coco,2022-07-13,7091.0,194,7091.0,0.42239448001250973,0.24839124839124838,0.2857335550836798,0.23654554322549184,-0.03478117673800656,0.3693070920864111
Roddy Speechley,USA,Milk Bars,2022-05-16,2807.0,252,2807.0,0.16695433992589317,0.323037323037323,-0.7495856549304188,0.7042654529203294,1.0280279771968384,-0.03204622216608585
Jan Morforth,India,After Nines,2022-03-14,6496.0,168,6496.0,0.38691668277825747,0.2149292149292149,0.14193922035949946,0.02687799750021985,-0.08136057093541256,0.11937179952965489
Gunar Cockshoot,USA,After Nines,2022-08-15,3738.0,261,3738.0,0.22246665795125264,0.33462033462033464,-0.524589813538466,0.7768426802867697,0.9202517416403448,0.17836971265146545
Ches Bonnell,India,Orange Choco,2022-02-16,1190.0,256,1190.0,0.07053820861868985,0.3281853281853282,-1.1403679057690739,0.7365219984165251,1.327161578790204,-0.2855621796434309
Mallorie Waber,UK,Manuka Honey Choco,2022-06-15,8379.0,43,8379.0,0.4991934763784206,0.05405405405405405,0.5970059973101409,-0.9811390492558956,-1.1159170641228062,-0.2716230859087194
Barr Faughny,Australia,Raspberry Choco,2022-05-27,9268.0,100,9268.0,0.5522014793048916,0.1274131274131274,0.8118516503686222,-0.5214832759351069,-0.9428101679822309,0.20532144660406
Wilone O'Kielt,USA,Drinking Coco,2022-06-14,1029.0,98,1029.0,0.06093833407295101,0.12483912483912482,-1.1792769610473814,-0.5376115486832048,0.4537259643355626,-1.2140235077717667
Wilone O'Kielt,India,Eclairs,2022-02-25,3549.0,76,3549.0,0.21119724000625487,0.09652509652509651,-0.570265661039088,-0.7150225489122811,-0.10235857703860216,-0.9088360090357314
Wilone O'Kielt,India,After Nines,2022-08-04,12026.0,262,12026.0,0.7166515041318964,0.3359073359073359,1.4783806842665876,0.7849068166608186,-0.49036007435969015,1.6003859396805271
Kelci Walkden,India,99% Dark & Pure,2022-06-28,2303.0,244,2303.0,0.1369025587392324,0.3127413127413127,-0.8713879149320776,0.639752361927938,1.0685375370918326,-0.1637910702931306
Gunar Cockshoot,Canada,Spicy Special Slims,2022-04-05,13405.0,12,13405.0,0.7988765165453988,0.014157014157014158,1.8116452012155704,-1.231127276851412,-2.1515650528489556,0.41048816091825097
Madelene Upcott,Canada,Peanut Butter Cubes,2022-07-05,14763.0,113,14763.0,0.879849371409457,0.14414414414414414,2.1398346239978174,-0.41664950307247095,-1.807707262247164,1.2184758842460863
Kaine Padly,New Zealand,Eclairs,2022-01-20,12894.0,48,12894.0,0.7684073495089233,0.06048906048906049,1.6881512431583332,-0.9408183673856509,-1.8589622391490042,0.5284441442625208
Ches Bonnell,New Zealand,Drinking Coco,2022-02-16,8302.0,131,8302.0,0.49460223203045856,0.1673101673101673,0.5783973186987763,-0.2714950483395903,-0.6009646560115138,0.2170126765325319
Curtice Advani,UK,Drinking Coco,2022-07-12,455.0,174,455.0,0.02671269438814291,0.22265122265122264,-1.3179962016048261,0.07526281574451339,0.9851828991170173,-0.8787452043487525
Kelci Walkden,India,Raspberry Choco,2022-06-16,8183.0,254,8183.0,0.4875066725836081,0.3256113256113256,0.5496384517539403,0.7203937256684273,0.1207422121083063,0.8980483649804718
Dotty Strutley,Australia,Choco Coated Almonds,2022-04-13,1645.0,284,1645.0,0.0976682888566475,0.36422136422136425,-1.0304075321564652,0.9623178168898949,1.4090696073530105,-0.048146699394063006
Kaine Padly,UK,50% Dark Bites,2022-02-21,3143.0,67,3143.0,0.18698886071700035,0.08494208494208494,-0.6683841482626465,-0.7875997762787214,-0.08429817899358695,-1.029536106341803
Roddy Speechley,Canada,Choco Coated Almonds,2022-05-11,5873.0,249,5873.0,0.3497693421447462,0.31917631917631917,-0.008621906586995296,0.6800730437981827,0.4869808695862955,0.47478765235744613
Ches Bonnell,India,50% Dark Bites,2022-04-15,11298.0,313,11298.0,0.6732433757511642,0.4015444015444016,1.302444086486414,1.1961777717373137,-0.07514163177078065,1.7667924595709308
Oby Sorrel,Canada,Peanut Butter Cubes,2022-06-07,12425.0,167,12425.0,0.7404424975713362,0.21364221364221364,1.5748074734345674,0.018813861126170926,-1.1002536347462113,1.1268604523114618
Oby Sorrel,UK,White Choc,2022-06-27,1715.0,286,1715.0,0.10184214735479483,0.3667953667953668,-1.0134905516006794,0.9784460896379928,1.4085119067138199,-0.02478017669685969
Barr Faughny,India,After Nines,2022-07-29,8190.0,109,8190.0,0.4879240584334228,0.138996138996139,0.5513301498095189,-0.4489060485686666,-0.7072737986614674,0.0724247765443492
Wilone O'Kielt,Canada,Smooth Sliky Salty,2022-06-02,4991.0,166,4991.0,0.29717872506808984,0.21235521235521235,-0.22177586158989798,0.010749724752122002,0.1644204189018191,-0.14921801236559282
Rafaelita Blaksland,India,Mint Chip Choco,2022-01-26,15491.0,85,15491.0,0.9232574997901892,0.1081081081081081,2.315771221777991,-0.6424453215458408,-2.0917749780025012,1.1832200911892523
Rafaelita Blaksland,Canada,99% Dark & Pure,2022-03-02,5096.0,142,5096.0,0.30343951281531084,0.18146718146718147,-0.1964003907562191,-0.18278954822505217,0.009624319051448296,-0.26812777721137016
Van Tuxwell,Australia,70% Dark Bites,2022-01-10,7063.0,104,7063.0,0.42072493661325083,0.13256113256113256,0.27896676286136546,-0.48922673043891124,-0.5431948283760094,-0.1486762488861423
Beverie Moffet,USA,70% Dark Bites,2022-06-27,2275.0,115,2275.0,0.13523301533997345,0.1467181467181467,-0.8781547071543919,-0.4005212303243731,0.3377378703882074,-0.904160426331303
Barr Faughny,Canada,Orange Choco,2022-06-30,7602.0,18,7602.0,0.45286364704898524,0.021879021879021878,0.4092275131409171,-1.1827424586071187,-1.1256927624683966,-0.5469576632882855
Roddy Speechley,Australia,85% Dark Bars,2022-07-08,4200.0,80,4200.0,0.25001412403902507,0.10167310167310166,-0.41293774187027893,-0.6827660034160854,-0.1907973934948229,-0.7747795484634844
Oby Sorrel,India,Spicy Special Slims,2022-06-08,11137.0,88,11137.0,0.6636435012054254,0.11196911196911195,1.2635350312081064,-0.6182529124236941,-1.3306250156971318,0.4562833619708909
Jan Morforth,UK,Manuka Honey Choco,2022-08-18,3388.0,212,3388.0,0.201597365460516,0.27155727155727155,-0.6091747163173957,0.38169999795837245,0.7006542297706772,-0.16084891590017047
Kaine Padly,Australia,After Nines,2022-04-08,6832.0,306,6832.0,0.40695120356936465,0.39253539253539255,0.2231407270272719,1.1397288171189712,0.6481256540586732,0.9636942965384225
Wilone O'Kielt,Canada,Fruit & Nut Bars,2022-08-08,3437.0,181,3437.0,0.20451906640921913,0.23166023166023164,-0.5973328299283456,0.13171177036285586,0.515512380653342,-0.3292438086820268
Wilone O'Kielt,UK,Milk Bars,2022-08-26,301.0,65,301.0,0.017530205692218786,0.08236808236808237,-1.3552135588275551,-0.8037280490268193,0.38995914370620915,-1.526602251099619
Oby Sorrel,Canada,Fruit & Nut Bars,2022-01-14,1869.0,158,1869.0,0.11102463605071895,0.20205920205920205,-0.9762731943779503,-0.05376336624026939,0.6523129551873854,-0.7283458368832163
Dennison Crosswaite,USA,Baker's Choco Chips,2022-08-11,17465.0,271,16778.052499999998,1.0000000000000002,0.3474903474903475,2.6268146805890713,0.857484044027259,-1.2511056912739507,2.463771255855855
Madelene Upcott,USA,Almond Choco,2022-05-31,10143.0,24,10143.0,0.6043747105317332,0.029601029601029602,1.0233139073159463,-1.134357640362825,-1.5257041829369329,-0.07851977664570567
Van Tuxwell,New Zealand,50% Dark Bites,2022-07-11,3626.0,10,3626.0,0.2157884843542169,0.011583011583011582,-0.5516569824277235,-1.2472555495995101,-0.49186246383082566,-1.2720232501579158
Karlen McCaffrey,Canada,Caramel Stuffed Bars,2022-03-02,3346.0,304,3346.0,0.1990930503616276,0.38996138996138996,-0.6193249046508672,1.1236005443708734,1.2324344041058832,0.35657672443319177
Madelene Upcott,Australia,Raspberry Choco,2022-07-13,6321.0,88,6321.0,0.37648203653288914,0.11196911196911195,0.09964676897003463,-0.6182529124236941,-0.5076317329251703,-0.3667099208010823
Rafaelita Blaksland,UK,Spicy Special Slims,2022-08-03,9345.0,133,9345.0,0.5567927236528537,0.16988416988416988,0.8304603289799867,-0.25536677559149246,-0.7677957088386447,0.4066525514176776
Curtice Advani,UK,Peanut Butter Cubes,2022-03-01,15008.0,165,15008.0,0.8944578761529727,0.21106821106821105,2.199044055943068,0.002685588378073078,-1.5530599663316906,1.556857961838935
Kelci Walkden,New Zealand,White Choc,2022-04-13,7609.0,150,7609.0,0.4532810328988,0.19176319176319176,0.41091921119649566,-0.11827645723266077,-0.37419784572080295,0.20692967579293678
Beverie Moffet,Canada,Fruit & Nut Bars,2022-02-14,10332.0,180,10332.0,0.615644128476731,0.23037323037323035,1.0689897548165683,0.12364763398880693,-0.6684578241785767,0.8433219851209026
Mallorie Waber,India,White Choc,2022-07-26,819.0,213,819.0,0.04841675857850902,0.2728442728442729,-1.2300279027147392,0.3897641343324214,1.1453659335080142,-0.5941562086085076
Brien Boise,UK,Drinking Coco,2022-01-27,5754.0,133,5754.0,0.3426737826978958,0.16988416988416988,-0.03738077353183137,-0.25536677559149246,-0.15413938026013277,-0.20700377716084312
Jehu Rudeforth,India,Peanut Butter Cubes,2022-04-14,28.0,446,28.0,0.0012521575494441987,0.5727155727155726,-1.42118978299512,2.2687079094858205,2.6091516802378707,0.5992858144200738
Oby Sorrel,USA,Almond Choco,2022-05-19,6440.0,141,6440.0,0.38357759597973956,0.18018018018018017,0.1284056359148707,-0.19085368459910107,-0.22575043049243937,-0.04415743869648529
Husein Augar,India,Eclairs,2022-02-09,4956.0,58,4956.0,0.2950917958190162,0.07335907335907335,-0.23023435186779093,-0.8601770036451617,-0.4454367208304205,-0.7710372637660208
Brien Boise,UK,Spicy Special Slims,2022-05-25,2352.0,58,2352.0,0.13982425968793552,0.07335907335907335,-0.8595460285430274,-0.8601770036451617,-0.00044616677348782903,-1.21602781782296
Oby Sorrel,Australia,Manuka Honey Choco,2022-01-26,3906.0,76,3906.0,0.23248391834680623,0.09652509652509651,-0.4839890602045798,-0.7150225489122811,-0.16336534654640741,-0.8478292395279252
Beverie Moffet,India,White Choc,2022-07-04,1813.0,296,1813.0,0.10768554925220108,0.37966537966537967,-0.9898067788225791,1.059087453378482,1.448787005523375,0.04898883478364675
Ches Bonnell,India,Almond Choco,2022-04-13,11788.0,73,11788.0,0.7024603852381955,0.09266409266409266,1.4208629503769155,-0.7392149580344278,-1.5274057369289116,0.4819979177675799
Gigi Bohling,Australia,Smooth Sliky Salty,2022-01-25,5768.0,119,5768.0,0.3435085543975252,0.15186615186615185,-0.033997377420674185,-0.36826468482817737,-0.23636267979681597,-0.2844422320302463
Camilla Castle,USA,85% Dark Bars,2022-04-25,2401.0,78,2401.0,0.14274596063663866,0.09909909909909909,-0.8477041421539773,-0.6988942761641832,0.10522446534883675,-1.0936102293651606
Camilla Castle,USA,Eclairs,2022-06-10,4515.0,392,4515.0,0.268796487280688,0.5032175032175031,-0.3368113293692423,1.8332445452871786,1.534461224523267,1.0581380745683546
Madelene Upcott,New Zealand,White Choc,2022-08-22,10794.0,51,10794.0,0.6431915945645034,0.06435006435006434,1.1806418264847554,-0.9166259582635042,-1.4829922725595814,0.18668741076011133
Van Tuxwell,India,After Nines,2022-06-27,5191.445,207,5191.445,0.3091305688775347,0.2651222651222651,-0.17333408776840503,0.3413793160881279,0.3639573382345651,0.11882592049091509
Husein Augar,India,Orange Choco,2022-06-30,4361.0,40,4361.0,0.2596139985847639,0.05019305019305019,-0.3740286865919713,-1.0053314583780424,-0.4463984709118014,-0.9753549122067527
Jehu Rudeforth,India,Almond Choco,2022-08-30,10122.0,100,10122.0,0.603122552982289,0.1274131274131274,1.0182388131492104,-0.5214832759351069,-1.088747930334236,0.3512592089560669
Karlen McCaffrey,Australia,Raspberry Choco,2022-08-23,994.0,57,994.0,0.058851404823877344,0.07207207207207206,-1.1877354513252745,-0.8682411400192106,0.22591659407503295,-1.4537949897004903
Camilla Castle,New Zealand,99% Dark & Pure,2022-08-26,2268.0,42,2268.0,0.13481562949015874,0.05276705276705276,-0.8798464052099705,-0.9892031856299445,-0.07732692100370137,-1.3216176400568453
Gigi Bohling,Australia,Orange Choco,2022-03-09,574.0,156,574.0,0.03380825383499337,0.19948519948519947,-1.28923733465999,-0.06989163898836723,0.8622076100200257,-0.9610493137738718
Kelci Walkden,UK,Drinking Coco,2022-04-20,1792.0,23,1792.0,0.1064333917027569,0.028314028314028312,-0.9948818729893149,-1.142421776736874,-0.10432646643552047,-1.511301904176145
Mallorie Waber,Canada,Caramel Stuffed Bars,2022-06-10,4844.0,539,4844.0,0.28841362222198047,0.6924066924066924,-0.25730152075704843,3.0186725922723703,2.316463510314701,1.9525842100408302
Husein Augar,Australia,Organic Choco Syrup,2022-02-08,938.0,158,938.0,0.05551231802535948,0.20205920205920205,-1.2012690357699032,-0.05376336624026939,0.8114090403744069,-0.8874419220702401
Brien Boise,Australia,White Choc,2022-08-25,4879.0,22,4879.0,0.29050055147105414,0.027027027027027025,-0.24884303047915546,-1.1504859131109229,-0.6375577965175163,-0.9894749851231475
Dotty Strutley,India,Peanut Butter Cubes,2022-02-16,9107.0,73,9107.0,0.5426016047591528,0.09266409266409266,0.7729425950903145,-0.7392149580344278,-1.069256860036962,0.02384904087562387
Dennison Crosswaite,UK,99% Dark & Pure,2022-05-30,12187.0,27,12187.0,0.7262513786776352,0.03346203346203346,1.5172897395448952,-1.1101652312406785,-1.8578912271047796,0.28788050060916404
Gigi Bohling,New Zealand,50% Dark Bites,2022-06-29,5670.0,64,5670.0,0.33766515250011897,0.08108108108108107,-0.05768115019877448,-0.8117921854008682,-0.5332370267590122,-0.6148104916633902
Gigi Bohling,USA,Milk Bars,2022-06-16,476.0,133,476.0,0.027964851937587108,0.16988416988416988,-1.3129211074380902,-0.25536677559149246,0.7478038395219295,-1.1089469969429184
Brien Boise,UK,Caramel Stuffed Bars,2022-03-04,2681.0,149,2681.0,0.15944139462922796,0.19047619047619047,-0.7800362199308336,-0.12634059360670968,0.4622326102057708,-0.6409051911626551
Curtice Advani,New Zealand,Peanut Butter Cubes,2022-03-15,1533.0,434,1533.0,0.09099011525961177,0.5572715572715572,-1.0574747010457228,2.1719382729972336,2.2835398131975957,0.7880447491122788
Curtice Advani,New Zealand,50% Dark Bites,2022-01-27,9765.0,85,9765.0,0.5818358746417377,0.1081081081081081,0.9319622123147022,-0.6424453215458408,-1.1132742435439777,0.20471935673071484
Beverie Moffet,Canada,Drinking Coco,2022-07-05,994.0,118,994.0,0.058851404823877344,0.15057915057915056,-1.1877354513252745,-0.3763288212022263,0.5737511304597239,-1.105960453315804
Barr Faughny,USA,Caramel Stuffed Bars,2022-03-29,3318.0,299,3318.0,0.19742350696236868,0.3835263835263835,-0.6260916968731817,1.0832798625006288,1.2087082212006464,0.32328085219339747
Mallorie Waber,Canada,Almond Choco,2022-05-12,4214.0,35,4214.0,0.2508488957386545,0.043758043758043756,-0.40955434575912175,-1.045652140248287,-0.44978906398110313,-1.0289863742824823
Oby Sorrel,USA,Drinking Coco,2022-03-11,7714.0,44,7714.0,0.459541820646021,0.05534105534105534,0.4362946820301746,-0.9730749128818467,-0.9965747977604307,-0.3795609412420905
Brien Boise,New Zealand,Eclairs,2022-07-11,4690.0,299,4690.0,0.27923113352605633,0.3835263835263835,-0.29451887797977744,1.0832798625006288,0.974250832503983,0.5577382408900645
Gunar Cockshoot,New Zealand,Choco Coated Almonds,2022-08-01,13062.0,62,13062.0,0.7784246099044769,0.0785070785070785,1.7287519964922193,-0.827920458148966,-1.8078404299496336,0.636984089469237
Gunar Cockshoot,UK,Spicy Special Slims,2022-02-16,12488.0,200,12488.0,0.7441989702196687,0.25611325611325614,1.5900327559347747,0.2849303614697854,-0.922846753268985,1.32579913479144
Curtice Advani,USA,After Nines,2022-04-13,14147.0,235,14147.0,0.8431194166257605,0.30115830115830117,1.9909651951069012,0.5671751345614977,-1.006771606797647,1.8088783743353223
Oby Sorrel,India,Choco Coated Almonds,2022-02-14,49.0,363,49.0,0.0025043150988883975,0.4658944658944659,-1.4161146888283844,1.59938459043976,2.132279989033652,0.12959139021677968
Ches Bonnell,Australia,Peanut Butter Cubes,2022-03-14,5191.445,68,5191.445,0.3091305688775347,0.08622908622908622,-0.17333408776840503,-0.7795356399046725,-0.42864922828137014,-0.6737806460250089
Oby Sorrel,Australia,Spicy Special Slims,2022-04-26,11389.0,26,11389.0,0.6786693917987557,0.032175032175032175,1.3244361612089357,-1.1182293676147272,-1.7272253596018354,0.14581022207721184
Jehu Rudeforth,Canada,Manuka Honey Choco,2022-04-05,3584.0,200,3584.0,0.21328416925532853,0.25611325611325614,-0.5618071707611951,0.2849303614697854,0.5987338509256875,-0.19578146940325464
Camilla Castle,Canada,Drinking Coco,2022-03-03,12481.0,264,12481.0,0.7437815843698541,0.3384813384813385,1.588341057879196,0.8010350894089164,-0.556709389173965,1.6895440765528154
Kaine Padly,USA,Spicy Special Slims,2022-06-13,2107.0,175,2107.0,0.12521575494441986,0.22393822393822393,-0.9187554604882782,0.08332695211856231,0.7085792692620684,-0.5907371634647935
Marney O'Breen,New Zealand,70% Dark Bites,2022-02-14,8603.0,352,8603.0,0.512549823572492,0.4517374517374517,0.6511403350886559,1.5106790903252219,0.6077856825204304,1.5286371754109542
Roddy Speechley,New Zealand,99% Dark & Pure,2022-04-18,7483.0,183,7483.0,0.44576808760213477,0.23423423423423423,0.380468646196081,0.1478400431109537,-0.16449326273944484,0.3735706567687823
Oby Sorrel,New Zealand,85% Dark Bars,2022-02-01,3381.0,417,3381.0,0.20117997961070128,0.5353925353925354,-0.6108664143729743,2.0348479546384017,1.8708025714106387,1.0069070034061351
Dotty Strutley,New Zealand,Orange Choco,2022-08-04,2030.0,146,2030.0,0.1206245105964578,0.1866151866151866,-0.9373641390996427,-0.15053300272885647,0.5563736321764943,-0.7692594462203989
Andria Kimpton,New Zealand,Almond Choco,2022-04-05,6559.0,158,6559.0,0.39067315542659004,0.20205920205920205,0.1571645028597068,-0.05376336624026939,-0.14914852658182123,0.07311564488600193
Karlen McCaffrey,Australia,99% Dark & Pure,2022-01-26,10822.0,168,10822.0,0.6448611379637623,0.2149292149292149,1.1874086187070698,0.02687799750021985,-0.8206190720299942,0.8586303006242472
Kaine Padly,UK,After Nines,2022-01-21,18697.0,176,16778.052499999998,1.0000000000000002,0.2252252252252252,2.6268146805890713,0.09139108849261124,-1.792815215151748,1.9220617319780655
Kaine Padly,Canada,After Nines,2022-08-22,5845.0,172,5845.0,0.3480997987454873,0.22007722007722005,-0.015388698809309667,0.05913454299641554,0.052695889636833124,0.030932983073432327
Kaine Padly,UK,Drinking Coco,2022-01-27,2317.0,224,2317.0,0.13773733043886185,0.287001287001287,-0.8680045188209203,0.47846963444695956,0.9521010044681304,-0.2754427582495522
Rafaelita Blaksland,UK,50% Dark Bites,2022-02-16,10150.0,68,10150.0,0.604792096381548,0.08622908622908622,1.0250056053715249,-0.7795356399046725,-1.2760033514656148,0.17357347715924823
Dotty Strutley,USA,Raspberry Choco,2022-01-03,3437.0,46,3437.0,0.20451906640921913,0.05791505791505791,-0.5973328299283456,-0.9569466401337487,-0.2542853638045807,-1.0990415531399385
Karlen McCaffrey,USA,White Choc,2022-08-24,4592.0,2,4592.0,0.2733877316286501,0.001287001287001287,-0.31820265075787774,-1.3117686405919013,-0.7025572489679709,-1.1525637532528177
Oby Sorrel,USA,Spicy Special Slims,2022-02-07,5691.0,417,5691.0,0.33891731004956316,0.5353925353925354,-0.0526060560320387,2.0348479546384017,1.4760528863601339,1.4016566884566455
Mallorie Waber,Australia,Smooth Sliky Salty,2022-02-11,4158.0,109,4158.0,0.24750980894013663,0.138996138996139,-0.4230879302037505,-0.4489060485686666,-0.018256166573313727,-0.6165928555438144
Kaine Padly,Canada,Organic Choco Syrup,2022-03-29,5684.0,81,5684.0,0.33849992419974845,0.10296010296010295,-0.0542977540876173,-0.6747018670420365,-0.43869195534609845,-0.5154805755831989
Marney O'Breen,USA,Peanut Butter Cubes,2022-06-15,693.0,350,693.0,0.04090381328184383,0.4491634491634492,-1.260478467715154,1.4945508175771238,1.9480998899976976,0.16551414587565508
Dennison Crosswaite,UK,Smooth Sliky Salty,2022-04-26,5191.445,142,5191.445,0.3091305688775347,0.18146718146718147,-0.17333408776840503,-0.18278954822505217,-0.006686020208138439,-0.25181743795178313
Brien Boise,Australia,Organic Choco Syrup,2022-07-15,4263.0,264,4263.0,0.25377059668735763,0.3384813384813385,-0.3977124593700716,0.8010350894089164,0.8476425206723758,0.2851921667064542
Beverie Moffet,India,Organic Choco Syrup,2022-06-23,1036.0,20,1036.0,0.06135571992276574,0.02445302445302445,-1.1775852629918029,-1.1666141858590209,0.0077577230374987725,-1.6575993267361846
Dennison Crosswaite,Australia,Baker's Choco Chips,2022-01-11,13846.0,421,13846.0,0.825171825083727,0.5405405405405405,1.9182221787170217,2.0671045001345973,0.10527569907318231,2.818051519859641
Beverie Moffet,UK,50% Dark Bites,2022-02-09,2499.0,271,2499.0,0.14858936253404492,0.3474903474903475,-0.824020369375877,0.857484044027259,1.189003173312465,0.02366239126940401
Van Tuxwell,UK,Almond Choco,2022-06-06,10689.0,204,10689.0,0.6369308068172824,0.26126126126126126,1.1552663556510765,0.31718690696598106,-0.5926116613383069,1.041181686976782
Dotty Strutley,UK,Caramel Stuffed Bars,2022-08-10,5768.0,235,5768.0,0.3435085543975252,0.30115830115830117,-0.033997377420674185,0.5671751345614977,0.42509315988554724,0.3770136076521075
Wilone O'Kielt,Australia,Smooth Sliky Salty,2022-01-04,2226.0,46,2226.0,0.13231131439127033,0.05791505791505791,-0.8899965935434421,-0.9569466401337487,-0.04734083194477056,-1.3059860849997516
Andria Kimpton,Canada,70% Dark Bites,2022-04-08,10262.0,15,10262.0,0.6114702699785837,0.018018018018018018,1.0520727742607823,-1.2069348677292655,-1.5973596224033964,-0.10950403644029806
Barr Faughny,UK,Milk Bars,2022-03-02,3864.0,430,3864.0,0.22997960324791783,0.552123552123552,-0.4941392485380514,2.1396817275010376,1.8623926725886195,1.163574245605236
Van Tuxwell,Canada,Drinking Coco,2022-06-15,4900.0,709,4900.0,0.2917527090204983,0.9111969111969112,-0.24376793631241966,4.3895757758606875,3.276268758445676,2.931528836840907
Jehu Rudeforth,Australia,After Nines,2022-02-14,5250.0,47,5250.0,0.312622001511235,0.0592020592020592,-0.15918303353349003,-0.9488825037596998,-0.5584018504963828,-0.7835206554191257
Husein Augar,UK,After Nines,2022-07-05,3507.0,380,3507.0,0.20869292490736646,0.4877734877734878,-0.5804158493725596,1.7364749087985916,1.6382891663712678,0.8174572003722771
Barr Faughny,India,Mint Chip Choco,2022-01-12,7413.0,465,7413.0,0.44159422910398743,0.5971685971685972,0.3635516656402951,2.42192650059275,1.4554908040186352,1.969630500190445
Curtice Advani,India,Mint Chip Choco,2022-03-03,8155.0,96,8155.0,0.4858371291843491,0.12226512226512226,0.5428716595316259,-0.5537398214313026,-0.7754214145159095,-0.00768495097828912
Jehu Rudeforth,New Zealand,Milk Bars,2022-05-18,2478.0,188,2478.0,0.1473372049846007,0.24066924066924064,-0.8290954635426128,0.18816072498119832,0.7193087491091643,-0.4532092999348083
Gunar Cockshoot,India,Caramel Stuffed Bars,2022-07-28,2471.0,202,2471.0,0.146919819134786,0.2586872586872587,-0.8307871615981913,0.30105863421788326,0.8003358374790279,-0.3745746338985854
Curtice Advani,UK,Manuka Honey Choco,2022-02-07,1666.0,106,1666.0,0.0989204464060917,0.13513513513513511,-1.0253324379897295,-0.4730984576908134,0.39048839227099397,-1.0595506474751466
Andria Kimpton,India,Orange Choco,2022-05-30,301.0,421,301.0,0.017530205692218786,0.5405405405405405,-1.3552135588275551,2.0671045001345973,2.4199443068693234,0.5033829120634667
Mallorie Waber,Australia,Raspberry Choco,2022-04-25,8400.0,27,8400.0,0.5004456339278648,0.03346203346203346,0.6020810914768766,-1.1101652312406785,-1.2107409858553155,-0.35926974064030925
Beverie Moffet,Canada,85% Dark Bars,2022-02-16,6139.0,45,6139.0,0.36563000443770605,0.056628056628056624,0.05566261952499123,-0.9650107765077978,-0.7217250797114926,-0.6430062482620266
Kelci Walkden,Australia,Drinking Coco,2022-05-04,1288.0,60,1288.0,0.07638161051609613,0.07593307593307592,-1.1166841329909736,-0.8440487308970639,0.1927823416121145,-1.3864475041505526
Van Tuxwell,Canada,70% Dark Bites,2022-06-02,7077.0,77,7077.0,0.42155970831288025,0.0978120978120978,0.28235015897252264,-0.7069584125382322,-0.6995467996012334,-0.3002433754440852
Dennison Crosswaite,USA,Caramel Stuffed Bars,2022-07-11,2317.0,464,2317.0,0.13773733043886185,0.5958815958815958,-0.8680045188209203,2.4138623642187014,2.3206303279488822,1.09308656523118
Beverie Moffet,New Zealand,Spicy Special Slims,2022-06-07,63.0,60,63.0,0.003339086798517863,0.07593307593307592,-1.4127312927172273,-0.8440487308970639,0.40211929580556394,-1.5957844583440048
Jan Morforth,UK,Almond Choco,2022-07-06,9744.0,157,9744.0,0.5805837170922935,0.20077220077220076,0.9268871181479664,-0.06182750261431831,-0.6991268129992929,0.6116895202744752
Husein Augar,India,Raspberry Choco,2022-06-15,5191.445,154,5191.445,0.3091305688775347,0.1969111969111969,-0.17333408776840503,-0.08601991173646507,0.06174044596589916,-0.18339097177774655
Dotty Strutley,India,Mint Chip Choco,2022-04-14,1260.0,239,1260.0,0.07471206711683719,0.30630630630630634,-1.1234509252132878,0.5994316800576934,1.2182619733754536,-0.37053756172178537
Camilla Castle,India,Drinking Coco,2022-08-08,469.0,163,469.0,0.027547466087772376,0.2084942084942085,-1.3146128054936688,-0.013442684370024768,0.9200662161238433,-0.9390770426746465
Marney O'Breen,UK,Drinking Coco,2022-03-29,973.0,28,973.0,0.05759924727443314,0.03474903474903475,-1.1928105454920102,-1.1021010948666294,0.06414126765490118,-1.6227475831215377
Roddy Speechley,Australia,Organic Choco Syrup,2022-07-04,3647.0,76,3647.0,0.21704064190366112,0.09652509652509651,-0.5465818882609877,-0.7150225489122811,-0.11910553337407806,-0.8920890527002553
Ches Bonnell,India,99% Dark & Pure,2022-02-16,455.0,96,455.0,0.02671269438814291,0.12226512226512226,-1.3179962016048261,-0.5537398214313026,0.5404108689857728,-1.3235172344799904
Rafaelita Blaksland,Canada,Spicy Special Slims,2022-05-02,2520.0,156,2520.0,0.1498415200834891,0.19948519948519947,-0.8189452752091412,-0.06989163898836723,0.5296609056441459,-0.6285026093979874
Van Tuxwell,India,Eclairs,2022-07-21,10500.0,106,10500.0,0.6256613888722846,0.13513513513513511,1.1095905081504545,-0.4730984576908134,-1.1191301002554817,0.4500678450513505
Gunar Cockshoot,Australia,99% Dark & Pure,2022-08-18,7952.0,235,7952.0,0.4737329395397219,0.30115830115830117,0.4938124159198467,0.5671751345614977,0.05187527583779737,0.7502314916998627
Kaine Padly,USA,85% Dark Bars,2022-06-22,483.0,259,483.0,0.02838223778740184,0.33204633204633205,-1.3112294093825116,0.7607144075386719,1.4650855231825044,-0.389272890948714
Camilla Castle,UK,Peanut Butter Cubes,2022-07-19,4872.0,126,4872.0,0.2900831656212394,0.16087516087516085,-0.2505347285347341,-0.31181573020983494,-0.04333221184237102,-0.3976418227816502
Madelene Upcott,UK,Peanut Butter Cubes,2022-08-12,7756.0,85,7756.0,0.4620461357449094,0.1081081081081081,0.4464448703636461,-0.6424453215458408,-0.7699616386667204,-0.13859324814654714
Madelene Upcott,USA,Choco Coated Almonds,2022-06-07,5446.0,132,5446.0,0.3243088053060475,0.16859716859716858,-0.11181548797728945,-0.2634309119655414,-0.10720829443456857,-0.2653392740154142
Marney O'Breen,Canada,Peanut Butter Cubes,2022-03-08,6594.0,91,6594.0,0.3927600846756637,0.11583011583011582,0.16562299313759976,-0.5940605033015472,-0.5371773518876296,-0.3029510687516037
Ches Bonnell,Australia,Choco Coated Almonds,2022-04-08,1470.0,167,1470.0,0.08723364261127918,0.21364221364221364,-1.07269998354593,0.018813861126170926,0.7718168413266369,-0.745210023761413
Curtice Advani,Canada,Eclairs,2022-05-06,721.0,203,721.0,0.04257335668110276,0.25997425997426,-1.2537116754928395,0.30912277059193216,1.1050908346984587,-0.6679252200890142
Roddy Speechley,India,Drinking Coco,2022-05-31,4494.0,11,4494.0,0.2675443297312438,0.01287001287001287,-0.34188642353597803,-1.2391914132254611,-0.6344904430019668,-1.1179908599577664
Van Tuxwell,Australia,Mint Chip Choco,2022-01-13,2674.0,295,2674.0,0.15902400877941325,0.3783783783783784,-0.7817279179864122,1.0510233170044332,1.2959508264900474,0.19042060278797038
Dennison Crosswaite,USA,70% Dark Bites,2022-03-15,658.0,77,658.0,0.038816884032770164,0.0978120978120978,-1.2689369579930467,-0.7069584125382322,0.3973788403724416,-1.3971690154177763
Andria Kimpton,Canada,Peanut Butter Cubes,2022-02-16,1127.0,319,1127.0,0.06678173597035726,0.4092664092664093,-1.1555931882692811,1.2445625899816073,1.6971664267052786,0.06291086726888345
Gigi Bohling,USA,70% Dark Bites,2022-01-14,7364.0,196,7364.0,0.43867252815528435,0.25096525096525096,0.35170977925124497,0.2526738159735897,-0.07002900121496908,0.42736373862138655
Rafaelita Blaksland,Australia,White Choc,2022-03-21,6818.0,102,6818.0,0.4061164318697352,0.12998712998712997,0.2197573309161147,-0.5053550031870091,-0.5127318485663258,-0.2019480507538389
Roddy Speechley,Canada,Drinking Coco,2022-05-17,6776.0,312,6776.0,0.40361211677084674,0.40025740025740025,0.20960714258264315,1.1881136353632649,0.6919085764802498,0.9883378402908831
Camilla Castle,New Zealand,85% Dark Bars,2022-08-08,15099.0,55,15099.0,0.8998838922005642,0.06949806949806948,2.2210361306655897,-0.8843694127673085,-2.195853318095691,0.9451661004122561
Madelene Upcott,Canada,Milk Bars,2022-04-26,5191.445,82,5191.445,0.3091305688775347,0.10424710424710423,-0.17333408776840503,-0.6666377306679876,-0.3488183510783263,-0.5939497688219662
Madelene Upcott,Australia,70% Dark Bites,2022-04-15,3710.0,260,3710.0,0.22079711455199372,0.33333333333333337,-0.5313566057607805,0.7687785439127208,0.9193343807931206,0.16788266246968347
Oby Sorrel,Canada,Eclairs,2022-05-19,6111.0,591,6111.0,0.36396046103844715,0.7593307593307592,0.04889582730267685,3.4380076837229145,2.396463975874496,2.4656131179893603
Dennison Crosswaite,Canada,Drinking Coco,2022-01-10,2702.0,24,2702.0,0.16069355217867218,0.029601029601029602,-0.7749611257640978,-1.134357640362825,-0.25413171260758,-1.3500922469750773
Mallorie Waber,New Zealand,After Nines,2022-05-04,483.0,228,483.0,0.02838223778740184,0.29214929214929214,-1.3112294093825116,0.5107261799431553,1.2883171522329073,-0.5660412618983086
Roddy Speechley,Canada,White Choc,2022-04-05,5887.0,268,5887.0,0.3506041138443757,0.34362934362934366,-0.00523851047583811,0.8332916349051122,0.5929303520282154,0.5855219794666435
Andria Kimpton,India,After Nines,2022-01-17,952.0,68,952.0,0.05634708972498895,0.08622908622908622,-1.1978856396587458,-0.7795356399046725,0.29581812173548566,-1.3982479960418748
Roddy Speechley,India,Spicy Special Slims,2022-03-22,10647.0,173,10647.0,0.634426491718394,0.22136422136422135,1.145116167317605,0.06719867937046446,-0.7622027652869857,0.8572360490262692
Dotty Strutley,Australia,White Choc,2022-07-05,6055.0,93,6055.0,0.3606213742399293,0.1184041184041184,0.035362242858048114,-0.5779322305534494,-0.43366468101350547,-0.3836549175677167
Oby Sorrel,Canada,Orange Choco,2022-04-27,8757.0,338,8757.0,0.5217323122684161,0.4337194337194337,0.6883576923113849,1.3977811810885368,0.5016381596473528,1.4751229438779454
Kaine Padly,Canada,Almond Choco,2022-08-12,6055.0,73,6055.0,0.3606213742399293,0.09266409266409266,0.035362242858048114,-0.7392149580344278,-0.5477087913035681,-0.4976990278577777
Jan Morforth,UK,Baker's Choco Chips,2022-03-11,721.0,251,721.0,0.04257335668110276,0.32175032175032175,-1.2537116754928395,0.6962013165462805,1.378796699394609,-0.3942193553928678
Jehu Rudeforth,UK,Fruit & Nut Bars,2022-05-13,8589.0,229,8589.0,0.5117150518728626,0.29343629343629346,0.6477569389774986,0.5187903163172042,-0.09119317342981523,0.8248734747934398
Dennison Crosswaite,USA,Smooth Sliky Salty,2022-05-12,11781.0,91,11781.0,0.7020429993883808,0.11583011583011582,1.419171252321337,-0.5940605033015472,-1.4235698265010355,0.583441405861815
Brien Boise,USA,Raspberry Choco,2022-01-12,672.0,194,672.0,0.03965165573239963,0.24839124839124838,-1.2655535618818896,0.23654554322549184,1.0621444632356685,-0.7276185478872798
Madelene Upcott,New Zealand,Milk Bars,2022-03-29,12558.0,403,12558.0,0.7483728287178161,0.5173745173745173,1.6069497364905607,1.9219500454017169,0.22273885450695333,2.495308965903756
Roddy Speechley,India,50% Dark Bites,2022-03-14,8337.0,12,8337.0,0.4966891612795322,0.014157014157014158,0.5868558089766693,-1.231127276851412,-1.285508168071485,-0.45556872385923225
Barr Faughny,New Zealand,99% Dark & Pure,2022-05-24,8134.0,195,8134.0,0.48458497163490494,0.24967824967824967,0.5377965653648902,0.24460967959954077,-0.20731443507964045,0.5532447614570537
Dennison Crosswaite,Canada,Organic Choco Syrup,2022-01-28,8491.0,75,8491.0,0.5058716499754563,0.09523809523809523,0.6240731661993983,-0.72308668528633,-0.9525858663278214,-0.07001313077550607
Beverie Moffet,India,Almond Choco,2022-05-24,3066.0,96,3066.0,0.18239761636903828,0.12226512226512226,-0.686992826874011,-0.5537398214313026,0.0942241037620206,-0.8773304692562316
Brien Boise,Australia,Peanut Butter Cubes,2022-08-19,301.0,205,301.0,0.017530205692218786,0.2625482625482626,-1.3552135588275551,0.32525104334003,1.1882679157366476,-0.7282934790691918
Karlen McCaffrey,Australia,Spicy Special Slims,2022-05-17,4410.0,323,4410.0,0.26253569953346706,0.4144144144144144,-0.36218680020292116,1.276819135477803,1.1589522115248467,0.6467427265653485
Jehu Rudeforth,USA,White Choc,2022-06-07,6559.0,119,6559.0,0.39067315542659004,0.15186615186615185,0.1571645028597068,-0.36826468482817737,-0.3715345416474433,-0.149270370179617
Ches Bonnell,Canada,Organic Choco Syrup,2022-07-26,574.0,217,574.0,0.03380825383499337,0.277992277992278,-1.28923733465999,0.4220206798286171,1.2100421464047166,-0.6132147773891858
Dotty Strutley,India,Eclairs,2022-07-28,2086.0,384,2086.0,0.12396359739497567,0.49292149292149295,-0.923830554655014,1.7687314542947874,1.903928855293682,0.5974351555658847
Karlen McCaffrey,India,70% Dark Bites,2022-05-23,5075.0,344,5075.0,0.30218735526586665,0.44144144144144143,-0.20147548492295486,1.4461659993328304,1.16505846648154,0.8801291032177867
Jehu Rudeforth,UK,Mint Chip Choco,2023-01-04,5902.13,178,5902.13,0.35150626354547526,0.2277992277992278,-0.0015820259642803547,0.10751936124070909,0.07714633072950759,0.07490900815479509
Van Tuxwell,India,85% Dark Bars,2023-08-01,8074.39,100,8074.39,0.48103063299098264,0.1274131274131274,0.5233905480658845,-0.5214832759351069,-0.7388373664354203,0.0013486450572461697
Gigi Bohling,India,Peanut Butter Cubes,2023-07-07,4666.18,100,4666.18,0.27781082910568683,0.1274131274131274,-0.3002754847917605,-0.5214832759351069,-0.15641752916876206,-0.5810711922094204
Jan Morforth,Australia,Peanut Butter Cubes,2023-04-27,14103.4,350,14103.4,0.8405196990469144,0.4491634491634492,1.9804283329321546,1.4945508175771238,-0.3435672859335962,2.457181321806982
Jehu Rudeforth,UK,Peanut Butter Cubes,2023-02-24,14167.84,178,14167.84,0.8443620339272089,0.2277992277992278,1.9960016218895096,0.10751936124070909,-1.3353586126552575,1.4874139515395806
Van Tuxwell,India,Smooth Sliky Salty,2023-06-06,5768.75,37,5768.75,0.3435532743100054,0.04633204633204633,-0.03381612405757648,-1.0295238675001892,-0.7040716974682321,-0.7518949187373372
Oby Sorrel,UK,99% Dark & Pure,2023-01-25,5191.445,175,5191.445,0.3091305688775347,0.22393822393822393,-0.17333408776840503,0.08332695211856231,0.18148676177046488,-0.06364465597318252
Gunar Cockshoot,Australia,After Nines,2023-03-24,3249.23,78,3249.23,0.1933229891206888,0.09909909909909909,-0.6427114219134873,-0.6988942761641832,-0.03972727722708946,-0.9486584867892326
Jehu Rudeforth,New Zealand,50% Dark Bites,2023-04-20,4526.24,64,4526.24,0.2694666897023905,0.08108108108108107,-0.3340949456342847,-0.8117921854008682,-0.33778295759305327,-0.810264560829352
Brien Boise,Australia,99% Dark & Pure,2023-07-04,3166.56,98,3166.56,0.18839366223437679,0.12483912483912482,-0.6626903759498705,-0.5376115486832048,0.08844408694311391,-0.8487416303793124
Rafaelita Blaksland,UK,Smooth Sliky Salty,2023-01-13,4866.39,65,4866.39,0.2897486606758879,0.08236808236808237,-0.2518905036907048,-0.8037280490268193,-0.39020807042051087,-0.7464350369728875
Barr Faughny,USA,Orange Choco,2023-03-10,4254.37,12,4254.37,0.25325601956108607,0.014157014157014158,-0.39979808140144923,-1.231127276851412,-0.5878385115010338,-1.1532383804296935
Mallorie Waber,Canada,Eclairs,2023-01-13,1652.61,277,1652.61,0.09812204690194608,0.3552123552123552,-1.0285684146989007,0.9058688622715525,1.367853716325846,-0.08676168556994208
Karlen McCaffrey,New Zealand,Drinking Coco,2023-07-28,171.49,163,171.49,0.009807971205146489,0.2084942084942085,-1.386512389567267,-0.013442684370024768,0.9709068995867763,-0.9899177261375804
Marney O'Breen,New Zealand,Peanut Butter Cubes,2023-08-03,8549.84,169,8549.84,0.509380076175899,0.2162162162162162,0.6382930967122905,0.03494213387426877,-0.4266335572581945,0.47604919688144803
Beverie Moffet,Australia,Organic Choco Syrup,2023-01-26,7807.74,355,7807.74,0.46513121344054,0.45559845559845563,0.45894893570587986,1.5348714994473684,0.7607921408532317,1.4098439501651694
Van Tuxwell,Canada,Organic Choco Syrup,2023-02-14,4561.43,44,4561.43,0.2715649479959592,0.05534105534105534,-0.32559053783774017,-0.9730749128818467,-0.45784059230602825,-0.9182951466965007
Roddy Speechley,USA,Smooth Sliky Salty,2023-04-05,3041.12,148,3041.12,0.18091410780569678,0.18918918918918917,-0.6930056051058389,-0.1344047299807586,0.39499046677767974,-0.5850674587635696
Beverie Moffet,Canada,Milk Bars,2023-02-16,9786.09,248,9786.09,0.5830933985806795,0.3178893178893179,0.9370590568850098,0.6720089074241337,-0.18741875803828545,1.1377828689530303
Curtice Advani,UK,85% Dark Bars,2023-06-08,1131.25,175,1131.25,0.06703514880774478,0.22393822393822393,-1.1545660858783942,0.08332695211856231,0.8753225615512588,-0.7574804557539864
Brien Boise,Australia,Eclairs,2023-06-27,7484.07,94,7484.07,0.44583188801060647,0.11969111969111967,0.38072723432743366,-0.5698680941794004,-0.6721724029514373,-0.1337427846007753
Gunar Cockshoot,USA,Spicy Special Slims,2023-02-17,1339.61,166,1339.61,0.07945893676023016,0.21235521235521235,-1.1042114848983433,0.010749724752122002,0.788396632103794,-0.7731942255675769
Marney O'Breen,USA,After Nines,2023-05-30,5481.18,159,5481.18,0.32640646733411643,0.20334620334620332,-0.10331349689225297,-0.045699229866220464,0.04073943890719914,-0.10536790957401491
Husein Augar,UK,Drinking Coco,2023-03-14,3275.4,120,3275.4,0.19488341593349615,0.15315315315315314,-0.6363868878971313,-0.36020054845412847,0.19529323349123176,-0.7046937342892939
Kaine Padly,Australia,Eclairs,2023-02-28,7677.78,118,7677.78,0.45738214700597957,0.15057915057915056,0.4275413529483093,-0.3763288212022263,-0.5684220513354545,0.03621272847939071
Karlen McCaffrey,India,Fruit & Nut Bars,2023-01-26,189.37,315,189.37,0.010874093918673264,0.4041184041184041,-1.3821913093910176,1.2123060444854117,1.8345866726965756,-0.12012702283844008
Roddy Speechley,Canada,Spicy Special Slims,2023-02-09,1658.79,193,1658.79,0.09849053898078253,0.24710424710424708,-1.0270748869869755,0.22848140685144294,0.8878123695345909,-0.5646908652152057
Husein Augar,USA,Eclairs,2023-07-07,4168.93,122,4168.93,0.24816152713134737,0.1557271557271557,-0.42044646452553985,-0.3440722757060306,0.054004706821892796,-0.5405963855619403
Dennison Crosswaite,New Zealand,White Choc,2023-07-05,10604.89,165,10604.89,0.6319156176990085,0.21106821106821105,1.1349393951575455,0.002685588378073078,-0.8006243447980422,0.804422340305276
Dennison Crosswaite,New Zealand,Manuka Honey Choco,2023-06-15,5773.51,325,5773.51,0.34383709668787943,0.416988416988417,-0.03266576937978299,1.2929474082259007,0.937350067115232,0.8911536930329784
Van Tuxwell,New Zealand,85% Dark Bars,2023-05-24,1838.78,121,1838.78,0.10922272171051878,0.15444015444015444,-0.983576496555034,-0.35213641208007956,0.4464955656452396,-0.9444916554142992
Rafaelita Blaksland,UK,99% Dark & Pure,2023-06-29,12643.1,150,12643.1,0.7534470481205638,0.19176319176319176,1.6275159514233806,-0.11827645723266077,-1.2344616507046757,1.067193480776822
Wilone O'Kielt,Australia,Manuka Honey Choco,2023-05-11,4439.52,95,4439.52,0.26429587528868576,0.12097812097812097,-0.35505266783139533,-0.5618039578053515,-0.14619523915965546,-0.6483155373635583
Karlen McCaffrey,UK,Almond Choco,2023-06-30,7698.6,126,7698.6,0.4586235717764286,0.16087516087516085,0.4325729463079018,-0.31181573020983494,-0.5263622810041705,0.08538824638015621
Andria Kimpton,Canada,After Nines,2023-05-11,2222.3,77,2222.3,0.13209069615636826,0.0978120978120978,-0.8908907768013907,-0.7069584125382322,0.1300598220501453,-1.129849997095476
Roddy Speechley,USA,Manuka Honey Choco,2023-07-22,10959.02,302,10959.02,0.6530311678411359,0.38738738738738737,1.2205223997892667,1.1074722716227756,-0.07993851224052281,1.6461408187216042
Andria Kimpton,UK,50% Dark Bites,2023-08-24,2854.85,337,2854.85,0.16980747034212673,0.43243243243243246,-0.7380216903647853,1.389717044714488,1.5045384881678439,0.460818204328434
Kelci Walkden,New Zealand,After Nines,2023-07-07,147.82,74,147.82,0.008396610767272956,0.09395109395109394,-1.3922327457066306,-0.7311508216603789,0.4674555114129438,-1.501458919545298
Camilla Castle,Australia,85% Dark Bars,2023-05-19,3790.51,14,3790.51,0.2255976480903629,0.01673101673101673,-0.5118996614101186,-1.2149990041033143,-0.49716631306617165,-1.221101756806544
Karlen McCaffrey,India,Manuka Honey Choco,2023-07-04,2487.19,583,2487.19,0.1478851729788575,0.749034749034749,-0.8268745056667889,3.373494592730523,2.9701094729631765,1.8007323326686209
Kelci Walkden,USA,After Nines,2023-06-02,1021.27,17,1021.27,0.060477420841655596,0.02059202059202059,-1.1811450790430418,-1.1908065949811675,-0.006831723436402858,-1.6772231133493016
Karlen McCaffrey,USA,Raspberry Choco,2023-04-15,15370.06,353,15370.06,0.9160462648363901,0.45302445302445304,2.2865435128006086,1.5187432266992706,-0.5429167888992086,2.690744057859616
Mallorie Waber,Canada,Choco Coated Almonds,2023-07-11,5345.58,250,5345.58,0.3183211071577053,0.3204633204633205,-0.13608410494031836,0.6881371801722316,0.5828124599013773,0.39036047307136895
Andria Kimpton,India,Spicy Special Slims,2023-02-23,6559.44,154,6559.44,0.3906993911085784,0.1969111969111969,0.15727083816605733,-0.08601991173646507,-0.1720325390560338,0.05038201324418977
Madelene Upcott,Canada,Almond Choco,2023-08-22,8282.93,107,8282.93,0.4934651537224633,0.1364221364221364,0.5737886498530788,-0.4650343213167645,-0.7345587673665531,0.07690092319142275
Kaine Padly,USA,Peanut Butter Cubes,2023-02-16,6981.4,189,6981.4,0.4158594101354105,0.24195624195624194,0.25924639695633495,0.19622486135524725,-0.044562955184316404,0.32206681538768983
Van Tuxwell,USA,50% Dark Bites,2023-01-13,10280.17,155,10280.17,0.6125536843916028,0.19819819819819817,1.0564639390707629,-0.07795577536241616,-0.8021558727874029,0.6919097580045742
Curtice Advani,Australia,Milk Bars,2023-02-14,7703.62,20,7703.62,0.4589228970572957,0.02445302445302445,0.4337861354849023,-1.1666141858590209,-1.1316539198354216,-0.5181876838632479
Roddy Speechley,India,Eclairs,2023-06-10,4489.81,310,4489.81,0.2672944944868548,0.39768339768339767,-0.34289902565781716,1.171985362615167,1.0711850236614657,0.5862525710516494
Curtice Advani,India,Fruit & Nut Bars,2023-07-07,5806.11,190,5806.11,0.34578092221701656,0.24324324324324323,-0.024787289863802815,0.20428899772929615,0.16198139636612074,0.12692687486625584
Curtice Advani,Canada,Almond Choco,2023-03-24,5148.7,76,5148.7,0.30658183199891603,0.09652509652509651,-0.1836643211092203,-0.7150225489122811,-0.3757270061188153,-0.6354675799555143
Brien Boise,Australia,Fruit & Nut Bars,2023-06-06,8558.59,24,8558.59,0.5099018084881674,0.029601029601029602,0.6404077192817637,-1.134357640362825,-1.2549486208196732,-0.3492753387629695
Dotty Strutley,Australia,Drinking Coco,2023-07-19,94.19,145,94.19,0.005198838892192367,0.18532818532818532,-1.4051935695238706,-0.15859713910290538,0.8814767893536006,-1.1057670144265161
Beverie Moffet,USA,Raspberry Choco,2023-04-19,16223.83,87,16223.83,0.9669536244072936,0.11068211068211067,2.492875091216514,-0.626317048797743,-2.205601914027851,1.3198558492726162
Marney O'Breen,India,85% Dark Bars,2023-07-19,2439.06,175,2439.06,0.14501534712863132,0.22393822393822393,-0.8385061381546457,0.08332695211856231,0.6518344292543322,-0.5339923234570566
Jehu Rudeforth,Canada,Drinking Coco,2023-07-15,466.65,23,466.65,0.02740734369533457,0.028314028314028312,-1.3151807326980418,-1.142421776736874,0.12215902927083712,-1.7377873998825062
Ches Bonnell,New Zealand,Spicy Special Slims,2023-02-14,4044.24,18,4044.24,0.24072669261514745,0.021879021879021878,-0.45058044031841066,-1.1827424586071187,-0.5177167280591829,-1.154933697697508
Brien Boise,Canada,99% Dark & Pure,2023-05-18,17675.28,446,16778.052499999998,1.0000000000000002,0.5727155727155726,2.6268146805890713,2.2687079094858205,-0.2532197262359028,3.4616572208938887
Barr Faughny,Australia,Fruit & Nut Bars,2023-06-30,17280.98,58,16778.052499999998,1.0000000000000002,0.07335907335907335,2.6268146805890713,-0.8601770036451617,-2.4656754658631175,1.2492014812667056
Andria Kimpton,Australia,50% Dark Bites,2023-06-02,5091.78,219,5091.78,0.30318788877442254,0.2805662805662806,-0.19742024301258224,0.43814895257671493,0.4494152881144721,0.17022090295908193
Andria Kimpton,Australia,Drinking Coco,2023-06-28,1657.2,49,1657.2,0.09839573276632461,0.06177606177606177,-1.0274591441167427,-0.932754231011602,0.06696648626831751,-1.3860801701258227
Marney O'Breen,Australia,Organic Choco Syrup,2023-05-16,305.79,189,305.79,0.017815816866592008,0.24195624195624194,-1.3540559540152377,0.19622486135524725,1.0962140772918736,-0.8187102170885169
Kelci Walkden,Canada,Baker's Choco Chips,2023-05-26,3377.41,325,3377.41,0.20096592029629629,0.416988416988417,-0.6117340138043353,1.2929474082259007,1.3468131495176194,0.48169061063058544
Karlen McCaffrey,India,Almond Choco,2023-07-06,5191.445,157,5191.445,0.3091305688775347,0.20077220077220076,-0.17333408776840503,-0.06182750261431831,0.07884706250940854,-0.1662843552342374
Oby Sorrel,India,99% Dark & Pure,2023-05-27,10914.36,11,10914.36,0.6503682461193179,0.01287001287001287,1.2097293661946753,-1.2391914132254611,-1.731648489716624,-0.020832813243093152
Wilone O'Kielt,Australia,Caramel Stuffed Bars,2023-04-14,2342.07,12,2342.07,0.13923216804669836,0.014157014157014158,-0.861945823070441,-1.231127276851412,-0.26105070945684333,-1.4800261824738887
Van Tuxwell,Australia,Organic Choco Syrup,2023-08-10,5191.445,15,5191.445,0.3091305688775347,0.018018018018018018,-0.17333408776840503,-1.2069348677292655,-0.7308661205500362,-0.9759975382936705
Camilla Castle,India,50% Dark Bites,2023-07-04,10539.54,398,10539.54,0.6280190226582382,0.5109395109395108,1.1191461854529658,1.8816293635314723,0.5391570257599966,2.1218687395056772
Oby Sorrel,India,Organic Choco Syrup,2023-07-08,6665.87,60,6665.87,0.39704544482226156,0.07593307593307592,0.18299189874537594,-0.8440487308970639,-0.726227393774274,-0.4674377687641505
Jan Morforth,USA,Peanut Butter Cubes,2023-07-22,9605.11,98,9605.11,0.5723021855664695,0.12483912483912482,0.8933214120137793,-0.5376115486832048,-1.0118223999321792,0.2515248564959965
Gigi Bohling,USA,Choco Coated Almonds,2023-03-02,13018.0,103,13018.0,0.7758010417056415,0.13127413127413126,1.718118465857154,-0.49729086681296014,-1.5665309622349957,0.8632554739438523
Gigi Bohling,UK,Almond Choco,2023-01-10,6046.4,10,6046.4,0.3601085859101569,0.011583011583011582,0.033283870961194326,-1.2472555495995101,-0.9054781078551727,-0.8584076061335629
Jehu Rudeforth,New Zealand,White Choc,2023-03-11,3078.33,231,3078.33,0.18313281173021195,0.29601029601029605,-0.6840130215846847,0.534918589065302,0.861914807693245,-0.1054256842716219
Andria Kimpton,New Zealand,Peanut Butter Cubes,2023-06-20,970.96,291,970.96,0.05747760911248714,0.3732303732303732,-1.193303554639636,1.0187667715082374,1.5641699280806978,-0.12341614291870895
Van Tuxwell,UK,Organic Choco Syrup,2023-08-26,2064.71,208,2064.71,0.12269414814603916,0.26640926640926643,-0.9289757334554808,0.3494434524621768,0.9039788755613583,-0.40979120580687944
Roddy Speechley,Canada,Milk Bars,2023-07-13,679.94,34,679.94,0.04012509053918949,0.04247104247104247,-1.2636346929445619,-1.0537162766223358,0.14843473567737483,-1.6386145849699751
Camilla Castle,USA,Spicy Special Slims,2023-02-11,1311.25,251,1311.25,0.07776792780298077,0.32175032175032175,-1.1110652787349447,0.6962013165462805,1.2779304649352756,-0.293353120933533
Marney O'Breen,USA,Orange Choco,2023-01-27,8692.64,184,8692.64,0.5178947475121195,0.2355212355212355,0.6728037370460935,0.15590417948500263,-0.3655031823437695,0.5859849874021161
Van Tuxwell,UK,99% Dark & Pure,2023-01-31,4993.21,145,4993.21,0.29731049974353135,0.18532818532818532,-0.22124176834663672,-0.15859713910290538,0.044296442143157436,-0.2685866672160609
Camilla Castle,USA,White Choc,2023-08-18,10898.19,24,10898.19,0.6494040848062459,0.029601029601029602,1.205821543686289,-1.134357640362825,-1.6547565702327298,0.0505326106500932
Andria Kimpton,USA,Raspberry Choco,2023-06-30,15565.91,21,15565.91,0.9277241246487066,0.02574002574002574,2.33387480768419,-1.1585500494849719,-2.469517299288768,0.8310801066191239
Dotty Strutley,Australia,Fruit & Nut Bars,2023-08-23,280.59,328,280.59,0.016313227807258968,0.42084942084942084,-1.3601460670153207,1.3171398173480475,1.8931270040083599,-0.030410010773144192
Brien Boise,New Zealand,Mint Chip Choco,2023-08-01,66.35,197,66.35,0.0035388357409291992,0.2522522522522523,-1.4119216943620574,0.26073795234763864,1.1827489788055148,-0.814009830370109
Roddy Speechley,New Zealand,After Nines,2023-05-25,8766.45,10,8766.45,0.522295783165666,0.011583011583011582,0.6906414846864162,-1.2472555495995101,-1.3703001341848808,-0.3935855798038482
Roddy Speechley,Canada,Organic Choco Syrup,2023-01-10,4265.48,85,4265.48,0.25391847053129196,0.1081081081081081,-0.3971131149160953,-0.6424453215458408,-0.17347606695135764,-0.7350788198619184
Dennison Crosswaite,Australia,70% Dark Bites,2023-02-07,6087.53,113,6087.53,0.36256102591056827,0.14414414414414414,0.04322380539347257,-0.41664950307247095,-0.3251795349029636,-0.26405184309813495
Karlen McCaffrey,USA,Orange Choco,2023-05-12,11694.48,425,11694.48,0.6968841102846707,0.5456885456885456,1.3982618643543854,2.099361045630793,0.495751985364902,2.473192877683942
Madelene Upcott,Australia,Spicy Special Slims,2023-03-07,7616.38,392,7616.38,0.45372107683760465,0.5032175032175031,0.41270274428937714,1.8332445452871786,1.0044747404445074,1.5881245586471215
Dennison Crosswaite,Australia,85% Dark Bars,2023-04-05,7807.02,419,7807.02,0.46508828232455907,0.5379665379665379,0.4587749324773062,2.0509762273864998,1.1258563326443052,1.774662064230492
Andria Kimpton,Canada,Caramel Stuffed Bars,2023-01-03,7990.91,343,7990.91,0.4760530085991921,0.44015444015444016,0.5032158403973557,1.4381018629587814,0.6610642461897133,1.3727189124806143
Dennison Crosswaite,UK,Eclairs,2023-03-24,6757.17,276,6757.17,0.40248934883484516,0.35392535392535396,0.20505647481313677,0.8978047258975036,0.4898469859968822,0.7798406337300283
Madelene Upcott,India,Raspberry Choco,2023-07-07,4409.21,10,4409.21,0.26248859455898793,0.011583011583011582,-0.36237772041205074,-1.2472555495995101,-0.6257031135400922,-1.1381826004486473
Van Tuxwell,USA,After Nines,2023-07-26,722.25,255,722.25,0.042647889868569676,0.32689832689832693,-1.2534095865543433,0.7284578620424762,1.4013919123156895,-0.37119692419792355
Wilone O'Kielt,Australia,Organic Choco Syrup,2023-07-07,1896.24,115,1896.24,0.112648863271998,0.1467181467181467,-0.9696900722302416,-0.4005212303243731,0.4024631477517265,-0.968885703694823
Karlen McCaffrey,Canada,50% Dark Bites,2023-07-15,2966.83,65,2966.83,0.176484451408163,0.08236808236808237,-0.7109593548985437,-0.8037280490268193,-0.06559737269993209,-1.0710457346934708
Roddy Speechley,New Zealand,Orange Choco,2023-04-01,51.29,100,51.29,0.0026408598983277886,0.1274131274131274,-1.4155612618930593,-0.5214832759351069,0.6322086067804691,-1.3696973281586626
Beverie Moffet,Australia,Eclairs,2023-06-20,1835.42,6,1835.42,0.10902237650260771,0.0064350064350064354,-0.9843885116217116,-1.2795120950957057,-0.20868388716254702,-1.6008194709422234
Kelci Walkden,UK,Fruit & Nut Bars,2023-06-29,14592.11,509,14592.11,0.8696597902844799,0.6537966537966537,2.0985354410381283,2.7767485010509025,0.4795690538243359,3.447346335661033
Marney O'Breen,USA,50% Dark Bites,2023-06-15,1114.13,106,1114.13,0.06601434227219789,0.13513513513513511,-1.1587034959800377,-0.4730984576908134,0.4847959717899647,-1.1538582269941187
Husein Augar,USA,After Nines,2023-04-08,13051.75,193,13051.75,0.7778134377672482,0.24710424710424708,1.7262748671965507,0.22848140685144294,-1.05909991262688,1.382221416946293
Dennison Crosswaite,Australia,Raspberry Choco,2023-03-14,5997.71,31,5997.71,0.35720536919194557,0.03861003861003861,0.021516902628891325,-1.0779086857444826,-0.7774112889488282,-0.7469817934307776
Andria Kimpton,USA,Fruit & Nut Bars,2023-07-15,1588.28,352,1588.28,0.09428627094214868,0.4517374517374517,-1.0441151198296679,1.5106790903252219,1.806512310536654,0.3299105473947133
Kelci Walkden,India,Eclairs,2023-04-19,5344.21,80,5344.21,0.31823941878424156,0.10167310167310166,-0.13641519441691013,-0.6827660034160854,-0.3863283619500774,-0.5792485800082271
Marney O'Breen,USA,99% Dark & Pure,2023-03-28,4646.91,317,4646.91,0.2766618254876968,0.4066924066924067,-0.30493248786761773,1.2284343172335095,1.0842540659333626,0.6530144059827961
Brien Boise,Canada,Spicy Special Slims,2023-03-04,8929.88,100,8929.88,0.5320405502278405,0.1274131274131274,0.73013780086116,-0.5214832759351069,-0.8850297508786479,0.14754102950047604
Karlen McCaffrey,New Zealand,70% Dark Bites,2023-08-02,141.23,38,141.23,0.00800367180294737,0.047619047619047616,-1.3938253585903826,-1.0214597311261402,0.263302260260737,-1.707864465437314
Husein Augar,UK,Spicy Special Slims,2023-08-25,5068.99,45,5068.99,0.30182899970052574,0.056628056628056624,-0.20292792853924455,-0.9650107765077978,-0.5388739496245267,-0.8258573783489946
Marney O'Breen,USA,Almond Choco,2023-02-25,8012.72,163,8012.72,0.47735346365411485,0.2084942084942085,0.5084866881962371,-0.013442684370024768,-0.36905979864204136,0.3500489720912565
Kelci Walkden,India,Orange Choco,2023-06-07,10587.71,134,10587.71,0.6308912335704632,0.17117117117117117,1.130787484786854,-0.24730263921744355,-0.9744568717696447,0.624718125377687
Jan Morforth,India,Spicy Special Slims,2023-04-12,2155.62,495,2155.62,0.12811479780413307,0.6357786357786357,-0.9070054091365308,2.6638505918142177,2.5249764929129603,1.2422771421662933
Ches Bonnell,India,Spicy Special Slims,2023-07-06,5191.445,103,5191.445,0.3091305688775347,0.13127413127413126,-0.17333408776840503,-0.49729086681296014,-0.2290720352737606,-0.47420345301740213
Kelci Walkden,UK,Smooth Sliky Salty,2023-01-19,5191.445,192,5191.445,0.3091305688775347,0.24581724581724582,-0.17333408776840503,0.220417270477394,0.27842425551701816,0.033292837773369346
Madelene Upcott,Australia,Fruit & Nut Bars,2023-01-05,5715.07,90,5715.07,0.3403525211074261,0.11454311454311453,-0.04678903143235639,-0.6021246396755962,-0.3926815744231542,-0.45885125724508746
Madelene Upcott,Canada,70% Dark Bites,2023-01-24,12100.65,142,12100.65,0.7211026260874206,0.18146718146718147,1.4964214356735792,-0.18278954822505217,-1.1873814737576502,0.9288780155977456
Wilone O'Kielt,Australia,Drinking Coco,2023-04-06,623.75,285,623.75,0.03677467469617665,0.3655083655083655,-1.2772141949078422,0.9703819532639438,1.5892904777410322,-0.21696315875308123
Gunar Cockshoot,Australia,Fruit & Nut Bars,2023-06-15,6528.42,22,6528.42,0.3888497755283994,0.027027027027027025,0.14977419906833633,-1.1504859131109229,-0.9194227426283403,-0.7076100390123196
Gigi Bohling,Canada,Baker's Choco Chips,2023-01-28,1540.55,47,1540.55,0.09144029571191195,0.0592020592020592,-1.0556500838572058,-0.9488825037596998,0.07549607989781414,-1.4174185858133317
Kelci Walkden,India,Caramel Stuffed Bars,2023-03-16,487.06,123,487.06,0.028624321580294387,0.157014157014157,-1.310248224510276,-0.3360081393319817,0.6888917707333231,-1.1640790384443735
Rafaelita Blaksland,Australia,Drinking Coco,2023-02-21,11630.38,431,11630.38,0.6930620484313671,0.5534105534105533,1.3827707435883014,2.1477458638750866,0.5409190949937984,2.496452234229082
Kelci Walkden,USA,Manuka Honey Choco,2023-02-16,17297.66,96,16778.052499999998,1.0000000000000002,0.12226512226512226,2.6268146805890713,-0.5537398214313026,-2.2489916563119983,1.4658852908178215
Jehu Rudeforth,Canada,Spicy Special Slims,2023-01-13,2043.55,28,2043.55,0.12143245034859919,0.03474903474903475,-0.9340894950063441,-1.1021010948666294,-0.11880214157921926,-1.4398041738874152
Kelci Walkden,Australia,Eclairs,2023-03-23,8168.86,570,8168.86,0.4866635531669823,0.7323037323037322,0.5462212216816714,3.268660819867887,1.9250555012482717,2.6975289610064594
Curtice Advani,Canada,Spicy Special Slims,2023-06-16,933.45,122,933.45,0.05524101722297991,0.1557271557271557,-1.2023686395060293,-0.3440722757060306,0.606907179110727,-1.0934988578507825
Oby Sorrel,India,Raspberry Choco,2023-04-14,6826.32,44,6826.32,0.40661252476551496,0.05534105534105534,0.2217680348907452,-0.9730749128818467,-0.8448815508229275,-0.5312541881795957
Kelci Walkden,UK,Eclairs,2023-01-25,5029.35,61,5029.35,0.2994654032595749,0.0772200772200772,-0.21250777295683518,-0.835984594523015,-0.44086468844208626,-0.7413960630673363
Jan Morforth,India,Almond Choco,2023-03-11,5143.49,21,5143.49,0.30627117767355394,0.02574002574002574,-0.18492342780487236,-1.1585500494849719,-0.6884579865337546,-0.9499792061359151
Dotty Strutley,UK,Almond Choco,2023-07-28,5191.445,102,5191.445,0.3091305688775347,0.12998712998712997,-0.17333408776840503,-0.5053550031870091,-0.23477424078826373,-0.47990565853190514
Marney O'Breen,New Zealand,After Nines,2023-03-09,1558.87,46,1558.87,0.09253265410742707,0.05791505791505791,-1.051222668374606,-0.9569466401337487,0.06666321887243437,-1.419990135816958
Husein Augar,Australia,Orange Choco,2023-06-28,9332.76,196,9332.76,0.5560628946811776,0.25096525096525096,0.8275022740942322,0.2526738159735897,-0.40646510075610837,0.7637998381625307
Marney O'Breen,Australia,Milk Bars,2023-07-28,2673.47,375,2673.47,0.15899240670792725,0.48133848133848134,-0.7818560036963346,1.696154226928347,1.7522178379243571,0.6465064736741551
Kelci Walkden,Canada,99% Dark & Pure,2023-08-15,4950.21,54,4950.21,0.29474655809466943,0.0682110682110682,-0.23163362783090521,-0.8924335491413574,-0.4672561053661635,-0.7948355233463025
Kaine Padly,Australia,Manuka Honey Choco,2023-01-12,2919.11,271,2919.11,0.173639072443426,0.3474903474903475,-0.7224919022145737,0.857484044027259,1.1172117056992323,0.09545385888263776
Beverie Moffet,New Zealand,White Choc,2023-03-24,8003.23,7,8003.23,0.476787607694866,0.007722007722007722,0.5061932289751739,-1.2714479587216567,-1.2569821383369413,-0.5411168087388079
Van Tuxwell,UK,Milk Bars,2023-07-25,4902.78,91,4902.78,0.29191847082942474,0.11583011583011582,-0.24309609051320424,-0.5940605033015472,-0.24816931623779637,-0.5919591044014411
Oby Sorrel,Canada,99% Dark & Pure,2023-08-01,4033.53,430,4033.53,0.24008809226493094,0.552123552123552,-0.4531687383434458,2.1396817275010376,1.8334221470013414,1.1925447711925146
Van Tuxwell,India,Organic Choco Syrup,2023-05-16,22751.18,182,16778.052499999998,1.0000000000000002,0.23294723294723294,2.6268146805890713,0.13977590673690476,-1.7586019820647292,1.9562749650650837
Roddy Speechley,India,Smooth Sliky Salty,2023-08-10,5118.11,137,5118.11,0.3047578558352257,0.17503217503217502,-0.19105704161209877,-0.22311023009529676,-0.02266502693512212,-0.2928604863698305
Jan Morforth,India,Eclairs,2023-01-05,2835.9,26,2835.9,0.1686775472201283,0.032175032175032175,-0.7426013586723872,-1.1182293676147272,-0.2656091123267392,-1.315806025197905
Ches Bonnell,UK,Smooth Sliky Salty,2023-07-11,5828.22,121,5828.22,0.3470992652369314,0.15444015444015444,-0.01944394071968229,-0.35213641208007956,-0.23524910254865022,-0.26274698722039963
Wilone O'Kielt,USA,After Nines,2023-04-25,396.19,32,396.19,0.023206056984199416,0.039897039897039896,-1.3322088819831943,-1.0698445493704338,0.18551959873195337,-1.6985082700825669
Gigi Bohling,New Zealand,Fruit & Nut Bars,2023-04-04,11226.5,118,11226.5,0.6689800774280565,0.15057915057915056,1.2851645992044327,-0.3763288212022263,-1.1748532644663754,0.6426439416103203
Barr Faughny,USA,Raspberry Choco,2023-04-12,10102.86,107,10102.86,0.6019813008157957,0.1364221364221364,1.0136132273229572,-0.4650343213167645,-1.0455617086280098,0.38790386445288405
Wilone O'Kielt,New Zealand,85% Dark Bars,2023-08-02,2084.86,119,2084.86,0.12389562312800585,0.15186615186615185,-0.9241060597669224,-0.36826468482817737,0.3930392054832343,-0.9138441173103055
Gigi Bohling,New Zealand,Manuka Honey Choco,2023-06-28,8495.79,268,8495.79,0.5061572611498295,0.34362934362934366,0.625230771011716,0.8332916349051122,0.14712124775855875,1.0313310837363063
Ches Bonnell,Australia,Eclairs,2023-07-05,4248.34,130,4248.34,0.25289647146474564,0.16602316602316602,-0.4012553584407547,-0.2795591847136392,0.08605218968689592,-0.48140858019489385
Rafaelita Blaksland,New Zealand,Choco Coated Almonds,2023-06-07,2236.11,46,2236.11,0.13291413881150277,0.05791505791505791,-0.887553298208885,-0.9569466401337487,-0.04906850264427746,-1.3042584143002447
Brien Boise,New Zealand,Smooth Sliky Salty,2023-01-18,1124.27,26,1124.27,0.06661895548892952,0.032175032175032175,-1.1562529505109567,-1.1182293676147272,0.02688673331092078,-1.6083018708355694
Brien Boise,Australia,Baker's Choco Chips,2023-01-04,12870.47,227,12870.47,0.767004336788046,0.2908622908622909,1.682464720980081,0.5026620435691064,-0.834246473659334,1.5451179529649568
Dennison Crosswaite,Australia,99% Dark & Pure,2023-01-31,3017.66,19,3017.66,0.17951526894331768,0.023166023166023165,-0.6986752103035352,-1.1746783222330697,-0.33658502831128284,-1.3246609864164045
Kelci Walkden,India,Almond Choco,2023-03-14,3574.12,149,3574.12,0.21269505894159,0.19047619047619047,-0.5641948817310689,-0.12634059360670968,0.3096097363043391,-0.48828231726122134
Camilla Castle,Australia,70% Dark Bites,2023-04-29,6249.31,509,6249.31,0.37220740916528655,0.6537966537966537,0.08232136416940197,2.7767485010509025,1.9052476999019772,2.0216676895833725
Oby Sorrel,India,Smooth Sliky Salty,2023-02-07,10759.61,107,10759.61,0.6411410375109137,0.1364221364221364,1.1723307556088487,-0.4650343213167645,-1.1577919491721307,0.5001341049970065
Kaine Padly,UK,Organic Choco Syrup,2023-03-31,2508.03,175,2508.03,0.14912779028030593,0.22393822393822393,-0.8218380788841805,0.08332695211856231,0.640048331514967,-0.5222062257176913
Marney O'Breen,India,Caramel Stuffed Bars,2023-03-16,4997.82,83,4997.82,0.29758537813890934,0.10553410553410553,-0.2201276643414629,-0.6585735942939386,-0.3100280902530421,-0.6213356186182445
Karlen McCaffrey,UK,Eclairs,2023-01-25,7901.09,200,7901.09,0.4706973518805693,0.25611325611325614,0.48150893763277447,0.2849303614697854,-0.13900204424084206,0.5419544257632857
Van Tuxwell,India,Baker's Choco Chips,2023-06-20,3133.42,479,3133.42,0.1864176383682539,0.6151866151866151,-0.6706993578872811,2.534824409829435,2.2666475934071504,1.318135465208006
Gigi Bohling,UK,After Nines,2023-03-29,8320.29,171,8320.29,0.49569280162947454,0.2187902187902188,0.5828174840468526,0.051070406622366615,-0.37600196432297905,0.4482264260042444
Curtice Advani,Australia,Orange Choco,2023-07-12,909.93,132,909.93,0.0538386007676024,0.16859716859716858,-1.2080527449727732,-0.2634309119655414,0.6679485037762724,-1.0404960722262662
Jehu Rudeforth,Canada,Smooth Sliky Salty,2023-07-11,5631.26,142,5631.26,0.3353552199541443,0.18146718146718147,-0.06704349058064796,-0.18278954822505217,-0.0818448222559687,-0.1766586359039518
Karlen McCaffrey,Canada,Smooth Sliky Salty,2023-01-19,3283.44,186,3283.44,0.19536281339528336,0.23809523809523808,-0.634443851844724,0.17203245223310046,0.5702648634796912,-0.3269742363633455
Andria Kimpton,USA,85% Dark Bars,2023-04-05,9458.03,87,9458.03,0.5635323125963622,0.11068211068211067,0.8577764191545652,-0.626317048797743,-1.049412555103736,0.16366649034848507
Jehu Rudeforth,Canada,Milk Bars,2023-02-21,7726.25,12,7726.25,0.46027224588319676,0.014157014157014158,0.4392551536274371,-1.231127276851412,-1.1811387437664653,-0.5599381481642538
Rafaelita Blaksland,New Zealand,Caramel Stuffed Bars,2023-05-20,14369.4,15,14369.4,0.8563803613398743,0.018018018018018018,2.044712859044141,-1.2069348677292655,-2.299262157631293,0.592398498787609
Mallorie Waber,Australia,Milk Bars,2023-07-29,2829.57,106,2829.57,0.1683001111587958,0.13513513513513511,-0.7441311370569319,-0.4730984576908134,0.19164904550293538,-0.8607113007070853
Barr Faughny,USA,Fruit & Nut Bars,2023-01-28,9370.61,45,9370.61,0.5583197595976759,0.056628056628056624,0.8366495271518964,-0.9650107765077978,-1.273966218112385,-0.09076510986112607
Marney O'Breen,UK,Caramel Stuffed Bars,2023-07-19,3651.49,112,3651.49,0.21730836511304227,0.14285714285714285,-0.5454967847939095,-0.42471363944651985,0.08540658112817458,-0.6860423701582854
Mallorie Waber,New Zealand,Manuka Honey Choco,2023-04-13,5191.445,12,5191.445,0.3091305688775347,0.014157014157014158,-0.17333408776840503,-1.231127276851412,-0.7479727370935453,-0.9931041548371795
Roddy Speechley,India,Peanut Butter Cubes,2023-02-11,11596.89,22,11596.89,0.6910651552727535,0.027027027027027025,1.3746771767481119,-1.1504859131109229,-1.7855599444412977,0.1585271628006502
Roddy Speechley,New Zealand,Milk Bars,2023-03-02,5857.9,111,5857.9,0.34886898124014587,0.14157014157014156,-0.012271140964029205,-0.43277777582056876,-0.297343093040997,-0.31469710701811454
Ches Bonnell,Australia,White Choc,2023-03-02,1177.64,206,1177.64,0.069801224461017,0.26383526383526384,-1.143354961192924,0.3333151797140789,1.0441634702110318,-0.5727846225145679
Van Tuxwell,USA,99% Dark & Pure,2023-07-28,12930.11,6,12930.11,0.7705604642284676,0.0064350064350064354,1.696877988413611,-1.2795120950957057,-2.1046256115058304,0.29512225340108705
Kelci Walkden,India,After Nines,2023-01-07,1732.04,531,1732.04,0.10285818376634383,0.682110682110682,-1.0093724751910995,2.954159501279979,2.8026403380124285,1.3751720941110457
Brien Boise,UK,White Choc,2023-04-12,5837.17,173,5837.17,0.3476329228591945,0.22136422136422135,-0.017280983920049703,0.06719867937046446,0.05973614278507887,0.03529714095419276
Van Tuxwell,Canada,Almond Choco,2023-06-27,3424.66,70,3424.66,0.2037832747825457,0.08880308880308879,-0.6003150519291799,-0.7634073671565746,-0.11532368205671191,-0.9642973701916592
Jehu Rudeforth,Australia,50% Dark Bites,2023-01-14,5700.28,422,5700.28,0.33947064443331754,0.5418275418275418,-0.050363347752643145,2.0751686365086464,1.5029780797000656,1.4317535502617444
Karlen McCaffrey,UK,Baker's Choco Chips,2023-02-07,5094.48,373,5094.48,0.30334888045935104,0.47876447876447875,-0.19676773090543054,1.6800259541802491,1.327093541612181,1.0488219479283247
Jehu Rudeforth,Australia,Orange Choco,2023-03-23,14529.2,26,14529.2,0.8659086840256449,0.032175032175032175,2.0833319089414926,-1.1182293676147272,-2.263845689037158,0.6824305515125418
Marney O'Breen,India,Peanut Butter Cubes,2023-01-10,6761.28,145,6761.28,0.40273441395523635,0.18532818532818532,0.20604974324291211,-0.15859713910290538,-0.25784428324526065,0.033554058172361505
Oby Sorrel,UK,Choco Coated Almonds,2023-03-17,10370.44,44,10370.44,0.6179361730577136,0.05534105534105534,1.0782795938532028,-0.9730749128818467,-1.4505266823299383,0.07439094332742387
Gigi Bohling,USA,Spicy Special Slims,2023-01-21,12450.24,57,12450.24,0.7419474716926682,0.07207207207207206,1.5809072532806823,-0.8682411400192106,-1.7318094370344885,0.5039310414090593
Barr Faughny,Australia,White Choc,2023-07-04,8927.63,386,8927.63,0.5319063904904001,0.4954954954954955,0.7295940407718668,1.7848597270428852,0.7461855227157254,1.7779873102018702
Kaine Padly,Canada,Peanut Butter Cubes,2023-07-04,3438.7,191,3438.7,0.20462043154417411,0.24453024453024452,-0.5969219889719908,0.21235313410334508,0.5722439273721457,-0.27193124511076866
Dotty Strutley,USA,Manuka Honey Choco,2023-08-10,299.71,207,299.71,0.017453287442752926,0.2651222651222651,-1.3555253146120831,0.3413793160881279,1.1998927713949679,-0.7171095126694997
Dennison Crosswaite,Australia,50% Dark Bites,2023-04-01,7374.26,12,7374.26,0.4392842965580128,0.014157014157014158,0.3541893252584216,-1.231127276851412,-1.1209881196794838,-0.6200887722512358
Gigi Bohling,India,Raspberry Choco,2023-02-22,2775.87,174,2775.87,0.16509816542521707,0.22265122265122264,-0.7571088778547277,0.07526281574451339,0.588575669011751,-0.4821379742434806
Camilla Castle,UK,White Choc,2023-01-03,9957.66,194,9957.66,0.5933235257596385,0.24839124839124838,0.978522576227241,0.23654554322549184,-0.5246569915202056,0.8591829068686171
Karlen McCaffrey,India,Drinking Coco,2023-05-31,5064.88,251,5064.88,0.3015839345801345,0.32175032175032175,-0.2039211969690199,0.6962013165462805,0.6364827332053509,0.34809461079640086
Dotty Strutley,UK,99% Dark & Pure,2023-01-03,9865.05,273,9865.05,0.5878015109665896,0.35006435006435005,0.956141410951936,0.8736123167753568,-0.058356882137433445,1.293831268777333
Husein Augar,New Zealand,Caramel Stuffed Bars,2023-01-27,571.52,489,571.52,0.033660379991059,0.628056628056628,-1.2898366791139662,2.615465773569924,2.7614658468772415,0.9373613220279705
Barr Faughny,UK,50% Dark Bites,2023-01-28,656.44,67,656.44,0.038723866614811454,0.08494208494208494,-1.2693139649882899,-0.7875997762787214,0.3406233694303015,-1.4544576547656975
Curtice Advani,Australia,Organic Choco Syrup,2023-06-28,4008.93,301,4008.93,0.238621279135582,0.3861003861003861,-0.45911384865305066,1.0994081352487266,1.1020414634452609,0.4527564320067973
Husein Augar,UK,Choco Coated Almonds,2023-03-02,4679.06,43,4679.06,0.2785788190693459,0.05405405405405405,-0.2971627603694959,-0.9811390492558956,-0.48364427204238886,-0.903895877989146
Wilone O'Kielt,Australia,After Nines,2023-05-27,3446.84,28,3446.84,0.20510579166095871,0.03474903474903475,-0.5949547858045036,-1.1021010948666294,-0.35860659419156665,-1.1999997212750642
Dennison Crosswaite,USA,Almond Choco,2023-06-30,11884.52,82,11884.52,0.708215539841641,0.10424710424710423,1.4441890498518364,-0.6666377306679876,-1.492579930415732,0.5498118105154559
Barr Faughny,Canada,Peanut Butter Cubes,2023-06-07,2167.19,85,2167.19,0.12880467698732684,0.1081081081081081,-0.9042092739218102,-0.6424453215458408,0.18509506579523255,-1.0936499526085137
Kaine Padly,USA,70% Dark Bites,2023-05-12,4199.84,107,4199.84,0.2500045837910293,0.1364221364221364,-0.41297640925440643,-0.4650343213167645,-0.03681050263371086,-0.6208473415414293
Barr Faughny,New Zealand,Raspberry Choco,2023-07-29,7358.7,68,7358.7,0.4383565074404246,0.08622908622908622,0.3504289221520211,-0.7795356399046725,-0.7990056043307777,-0.30342426997559596
Dennison Crosswaite,UK,White Choc,2023-08-03,7870.09,274,7870.09,0.4688489288313898,0.35135135135135137,0.47401713195806927,0.8816764531494057,0.28825867042830544,0.9586201272405954
Barr Faughny,India,Baker's Choco Chips,2023-08-18,7454.25,148,7454.25,0.4440538242903957,0.18918918918918917,0.37352060061066894,-0.1344047299807586,-0.3591574455976163,0.16908045361173743
Van Tuxwell,New Zealand,Smooth Sliky Salty,2023-06-14,3112.3,41,3112.3,0.1851583256328129,0.05148005148005148,-0.6758034525921125,-0.9972673220039934,-0.22730928196761613,-1.1830396901219344
Beverie Moffet,UK,White Choc,2023-06-30,6901.22,80,6901.22,0.4110785533585326,0.10167310167310166,0.23986920408543627,-0.6827660034160854,-0.6524016117857856,-0.3131753301725148
Camilla Castle,New Zealand,Mint Chip Choco,2023-06-13,1178.0,199,1178.0,0.06982269001900746,0.2548262548262548,-1.143267959578637,0.2768662250957365,1.0041865121780735,-0.6126385416846526
Ches Bonnell,UK,Orange Choco,2023-04-27,14953.83,53,14953.83,0.8912279059409063,0.06692406692406691,2.1859527297043977,-0.9004976855154063,-2.1824500183979523,0.9089539786565045
Jan Morforth,Australia,White Choc,2023-07-27,3958.57,33,3958.57,0.2356184860789149,0.04118404118404118,-0.47128440780718456,-1.0617804129963848,-0.41754372953285807,-1.0840405307887402
Mallorie Waber,Canada,85% Dark Bars,2023-04-20,1639.01,430,1639.01,0.09731112582230604,0.552123552123552,-1.0318551423497389,2.1396817275010376,2.242615227454646,0.7833516907392035
Rafaelita Blaksland,India,Spicy Special Slims,2023-01-04,8586.04,144,8586.04,0.5115385572849409,0.18404118404118402,0.6470415923711399,-0.1666612754769543,-0.5753748157263262,0.3396801796244254
Ches Bonnell,Australia,Mint Chip Choco,2023-02-21,10000.22,98,10000.22,0.5958612317265122,0.12483912483912482,0.9888081004051588,-0.5376115486832048,-1.07934168480677,0.3190441413705883
Karlen McCaffrey,Australia,White Choc,2023-01-05,8448.39,52,8448.39,0.503330962681084,0.06563706563706563,0.6137755584639405,-0.9085618218894552,-1.076455084901652,-0.20844536586881762
Beverie Moffet,India,Drinking Coco,2023-07-15,6984.74,51,6984.74,0.41605856281232206,0.06435006435006434,0.2600535785999967,-0.9166259582635042,-0.8320380797996312,-0.46426678199984855
Brien Boise,Australia,Choco Coated Almonds,2023-05-25,5641.54,61,5641.54,0.3359681808878722,0.0772200772200772,-0.06455911115045546,-0.835984594523015,-0.5454801904728518,-0.6367805610365694
Karlen McCaffrey,Canada,Eclairs,2023-04-20,3850.87,372,3850.87,0.22919670664676534,0.4774774774774775,-0.49731239074801525,1.6719618178062001,1.533908503121772,0.8306025753897244
Gigi Bohling,USA,99% Dark & Pure,2023-06-02,885.68,240,885.68,0.052392656930744214,0.3075933075933076,-1.213913270379599,0.6074958164317423,1.287930716599093,-0.4288018939164194
Marney O'Breen,UK,Smooth Sliky Salty,2023-05-13,21251.67,91,16778.052499999998,1.0000000000000002,0.11583011583011582,2.6268146805890713,-0.5940605033015472,-2.2775026838845145,1.4373742632453061
Beverie Moffet,New Zealand,Baker's Choco Chips,2023-08-03,1452.61,142,1452.61,0.08619673690723943,0.18146718146718147,-1.076902644858289,-0.18278954822505217,0.632233433777058,-0.8907368919369887
Beverie Moffet,Australia,Milk Bars,2023-05-25,793.17,400,793.17,0.04687660479269266,0.5135135135135135,-1.2362702685398241,1.89775763627957,2.2160923839256643,0.4677422033979982
Van Tuxwell,UK,Raspberry Choco,2023-03-16,7152.22,83,7152.22,0.4260448174018895,0.10553410553410553,0.30052866293546865,-0.6585735942939386,-0.6781877099382402,-0.2531759989330411
Jan Morforth,Australia,Orange Choco,2023-07-04,3364.44,126,3364.44,0.20019256394313956,0.16087516087516085,-0.6148684886301716,-0.31181573020983494,0.21429066053630383,-0.6552646951603288
Jehu Rudeforth,India,50% Dark Bites,2023-07-05,3470.6,129,3470.6,0.20652251848832984,0.16473616473616473,-0.5892126792615683,-0.2876233210876882,0.21325588029844453,-0.6200166818354507
Madelene Upcott,USA,After Nines,2023-03-15,4676.32,440,4676.32,0.2784154423224184,0.5649935649935649,-0.29782493932267967,2.220323091241527,1.7805995484435093,1.3594114800404093
Barr Faughny,UK,Raspberry Choco,2023-08-22,5191.445,70,5191.445,0.3091305688775347,0.08880308880308879,-0.17333408776840503,-0.7634073671565746,-0.4172448172523639,-0.6623762349960026
Ches Bonnell,Australia,70% Dark Bites,2023-01-12,5191.445,119,5191.445,0.3091305688775347,0.15186615186615185,-0.17333408776840503,-0.36826468482817737,-0.1378367470417104,-0.3829681647853532
Marney O'Breen,UK,Baker's Choco Chips,2023-06-10,254.16,161,254.16,0.014737298091458484,0.2059202059202059,-1.3665334355308838,-0.029570957118122614,0.9453752346776293,-0.9871948832864453
Kaine Padly,Australia,Peanut Butter Cubes,2023-03-25,6127.37,299,6127.37,0.36493654766151384,0.3835263835263835,0.052851984041222766,1.0832798625006288,0.7286225403823191,0.803366533011732
Rafaelita Blaksland,India,Almond Choco,2023-07-27,5191.445,100,5191.445,0.3091305688775347,0.1274131274131274,-0.17333408776840503,-0.5214832759351069,-0.24617865181726994,-0.4913100695609112
Husein Augar,UK,Caramel Stuffed Bars,2023-04-15,17059.69,456,16778.052499999998,1.0000000000000002,0.5855855855855855,2.6268146805890713,2.3493492732263097,-0.1961976710908714,3.5186792760389194
Roddy Speechley,India,Orange Choco,2023-06-27,4154.44,18,4154.44,0.24729753842223082,0.021879021879021878,-0.4239482795005877,-1.1827424586071187,-0.5365485095711161,-1.1361019161855748
Jehu Rudeforth,UK,70% Dark Bites,2023-04-14,6168.51,280,6168.51,0.36738958392742505,0.3590733590733591,0.06279433518500903,0.9300612713936992,0.6132503316920506,0.7020549321508832
Husein Augar,Australia,Manuka Honey Choco,2023-03-15,7984.45,95,7984.45,0.475667821086363,0.12097812097812097,0.5016546447632074,-0.5618039578053515,-0.7519787893873979,-0.04253198713580714
Madelene Upcott,USA,Eclairs,2023-03-18,5191.445,213,5191.445,0.3091305688775347,0.2728442728442729,-0.17333408776840503,0.3897641343324214,0.3981705713215839,0.1530391535779334
Brien Boise,India,Eclairs,2023-04-29,1511.51,58,1511.51,0.08970874070068054,0.07335907335907335,-1.062668214076349,-0.8601770036451617,0.14318290802655473,-1.3596568926230046
Mallorie Waber,New Zealand,White Choc,2023-02-25,3364.28,265,3364.28,0.2001830236951438,0.33976833976833976,-0.6149071560142991,0.8090992257829654,1.0069245690217663,0.1373145293860679
Husein Augar,USA,Milk Bars,2023-03-02,934.49,54,934.49,0.05530302883495238,0.0682110682110682,-1.2021173015092004,-0.8924335491413574,0.21897948132258663,-1.4810711100350624
Van Tuxwell,Australia,Milk Bars,2023-06-20,8895.7,91,8895.7,0.5300025147497452,0.11583011583011582,0.7218774809269208,-0.5940605033015472,-0.9305086722689052,0.09038025162967753
Beverie Moffet,Canada,White Choc,2023-07-15,9957.2,185,9957.2,0.5932960975466508,0.2368082368082368,0.9784114074978746,0.16396831585905156,-0.5758982329883428,0.8077844490756987
Dotty Strutley,Australia,50% Dark Bites,2023-05-12,3359.18,256,3359.18,0.19987892829027876,0.3281853281853282,-0.6161396788833636,0.7365219984165251,0.9564762446699211,0.08512315447685741
Mallorie Waber,New Zealand,Organic Choco Syrup,2023-07-01,5098.29,276,5098.29,0.30357605761475026,0.35392535392535396,-0.1958469638208941,0.8978047258975036,0.7733285260560082,0.4963590936708982
Husein Augar,USA,85% Dark Bars,2023-08-08,398.28,52,398.28,0.0233306764736441,0.06563706563706563,-1.3317037892780286,-0.9085618218894552,0.2992065545450656,-1.584107005315555
Madelene Upcott,Australia,50% Dark Bites,2023-07-25,7473.14,6,7473.14,0.4451801698193958,0.0064350064350064354,0.3780857686492233,-1.2795120950957057,-1.1720986899343788,-0.6374046681703779
Wilone O'Kielt,UK,Drinking Coco,2023-05-18,3638.66,59,3638.66,0.21654335647688183,0.07464607464607463,-0.5485974256586343,-0.8521128672711128,-0.21461782695902035,-0.990451746608418
Camilla Castle,India,Peanut Butter Cubes,2023-07-15,12507.08,284,12507.08,0.7453366447931637,0.36422136422136425,1.5946438414919804,0.9623178168898949,-0.4471220199168536,1.8080449278758277
Curtice Advani,India,70% Dark Bites,2023-07-05,2393.79,48,2393.79,0.14231605321132948,0.06048906048906049,-0.8494465911512232,-0.9408183673856509,-0.06460960258443268,-1.2659084923020765
Mallorie Waber,USA,Manuka Honey Choco,2023-07-04,6136.99,94,6136.99,0.36551015507225926,0.11969111969111967,0.05517686051188932,-0.5698680941794004,-0.4419735260086521,-0.3639416615435638
Dotty Strutley,UK,70% Dark Bites,2023-06-20,1264.43,232,1264.43,0.07497621273321994,0.2972972972972973,-1.1223803220152573,0.5429827254393509,1.1775895039926443,-0.4096959695420193
Gunar Cockshoot,Australia,Almond Choco,2023-01-25,4101.26,425,4101.26,0.24412659849463836,0.5456885456885456,-0.4368003512999689,2.099361045630793,1.793336921953297,1.1756079410955278
Kaine Padly,New Zealand,Spicy Special Slims,2023-07-01,8106.88,40,8106.88,0.4829678995996227,0.05019305019305019,0.5312424437552771,-1.0053314583780424,-1.0865218259927472,-0.33523155712579794
Gigi Bohling,USA,50% Dark Bites,2023-04-13,2456.1,58,2456.1,0.14603138354018033,0.07335907335907335,-0.8343880617450657,-0.8601770036451617,-0.0182355356971924,-1.198238448899255
Beverie Moffet,UK,Smooth Sliky Salty,2023-05-04,4726.6,75,4726.6,0.2814134652550877,0.09523809523809523,-0.2856737138606093,-0.72308668528633,-0.3092976782740899,-0.7133013188292469
Beverie Moffet,Australia,Baker's Choco Chips,2023-08-04,3482.73,108,3482.73,0.2072457885395088,0.1377091377091377,-0.5862812082024014,-0.4569701849427156,0.09143670142908973,-0.7376901345752257
Beverie Moffet,India,70% Dark Bites,2023-06-01,467.19,159,467.19,0.02743954203232028,0.20334620334620332,-1.3150502302766114,-0.045699229866220464,0.8975667000961084,-0.9621951707629363
Jehu Rudeforth,UK,Choco Coated Almonds,2023-04-22,4875.38,185,4875.38,0.29028470336014994,0.2368082368082368,-0.24971788004504036,0.16396831585905156,0.29252031440704934,-0.06063409831970588
Kaine Padly,USA,50% Dark Bites,2023-08-03,70.6,27,70.6,0.003792248578316716,0.03346203346203346,-1.4108945919711704,-1.1101652312406785,0.21264777027441323,-1.7826584967700587
Ches Bonnell,USA,Orange Choco,2023-06-10,1835.22,73,1835.22,0.109010451192613,0.09266409266409266,-0.984436845851871,-0.7392149580344278,0.17339805977107195,-1.2188058789324283
Gunar Cockshoot,UK,Manuka Honey Choco,2023-06-27,7304.74,49,7304.74,0.43513905880385273,0.06177606177606177,0.3373883468550181,-0.932754231011602,-0.8981264298832528,-0.4209872539742385
Marney O'Breen,Australia,Smooth Sliky Salty,2023-01-03,3967.85,163,3967.85,0.23617182046266927,0.2084942084942085,-0.469041699527789,-0.013442684370024768,0.32215715311996507,-0.34116797967075985
Marney O'Breen,India,After Nines,2023-07-11,2800.67,190,2800.67,0.1665769038645607,0.24324324324324323,-0.7511154333149636,0.20428899772929615,0.6755729519670682,-0.3866646807346991
Ches Bonnell,New Zealand,Milk Bars,2023-08-17,4474.52,120,4474.52,0.2663828045377594,0.15315315315315314,-0.34659417755350236,-0.36020054845412847,-0.009621157131175782,-0.4997793436668835
Rafaelita Blaksland,USA,Fruit & Nut Bars,2023-01-18,2737.03,63,2737.03,0.16278227022424505,0.07979407979407978,-0.7664953853516808,-0.8198563217749171,-0.03773187999534283,-1.121720049456073
Ches Bonnell,India,Organic Choco Syrup,2023-03-08,16717.26,102,16717.26,0.996375152960734,0.12998712998712997,2.6121228871542486,-0.5053550031870091,-2.2043897564594244,1.4897098571392844
Mallorie Waber,Australia,Orange Choco,2023-03-07,16112.73,282,16112.73,0.9603291147052341,0.36164736164736166,2.4660254263629735,0.9461895441417971,-1.0746862586092156,2.4128003445101864
Husein Augar,India,70% Dark Bites,2023-05-09,6898.0,163,6898.0,0.4108865558676178,0.2084942084942085,0.23909102297987006,-0.013442684370024768,-0.17856829694528872,0.15955747039450113
Barr Faughny,New Zealand,85% Dark Bars,2023-05-23,2151.04,170,2151.04,0.12784170820525428,0.2175032175032175,-0.9081122630071808,0.04300627024831769,0.6725423645771611,-0.611722313924917
Madelene Upcott,UK,Caramel Stuffed Bars,2023-04-15,5191.445,152,5191.445,0.3091305688775347,0.19433719433719432,-0.17333408776840503,-0.10214818448456292,0.050336034936892884,-0.19479538280675265
Gigi Bohling,Australia,Drinking Coco,2023-07-27,2949.02,153,2949.02,0.17542250255313435,0.1956241956241956,-0.7152635180942372,-0.094084048110514,0.43924021555935183,-0.5722951524002109
Marney O'Breen,Canada,Choco Coated Almonds,2023-08-22,2790.72,435,2790.72,0.16598361969232403,0.5585585585585585,-0.7535200612653932,2.180002409371282,2.074313631750315,1.0086753415885683
Ches Bonnell,USA,70% Dark Bites,2023-05-11,5054.42,127,5054.42,0.30096024086741135,0.16216216216216214,-0.2064490772063559,-0.303751593835786,-0.0688032693351896,-0.36076635425982506
Madelene Upcott,India,Organic Choco Syrup,2023-01-26,5418.75,37,5418.75,0.3226839818192687,0.04633204633204633,-0.1184010268365061,-1.0295238675001892,-0.6442611391272467,-0.8117054770783239
Barr Faughny,USA,50% Dark Bites,2023-04-14,14604.67,128,14604.67,0.8704086997521474,0.16344916344916344,2.1015708306921375,-0.2956874574617371,-1.6951175918092503,1.2769523792432653
Dennison Crosswaite,New Zealand,Mint Chip Choco,2023-04-05,6668.93,419,6668.93,0.39722790206518055,0.5379665379665379,0.18373141246681468,2.0509762273864998,1.3203414707651402,1.5801769261096543
Marney O'Breen,New Zealand,Smooth Sliky Salty,2023-06-14,9689.7,58,9689.7,0.5773459954287307,0.07335907335907335,0.9137643746596927,-0.8601770036451617,-1.2543659780267729,0.03789199343034349
Brien Boise,Canada,Almond Choco,2023-04-13,5191.445,123,5191.445,0.3091305688775347,0.157014157014157,-0.17333408776840503,-0.3360081393319817,-0.11502792498369793,-0.3601593427273411
Beverie Moffet,Australia,White Choc,2023-06-27,2379.01,178,2379.01,0.14143477280272068,0.2277992277992278,-0.8530184907600019,0.10751936124070909,0.6792028287360592,-0.5271474898517652
Dotty Strutley,Australia,Eclairs,2023-01-26,7770.55,3,7770.55,0.4629137020470243,0.0025740025740025744,0.4499611856077417,-1.3037045042178526,-1.2400289012098669,-0.6036876899819077
Barr Faughny,UK,White Choc,2023-07-05,1837.47,77,1837.47,0.10914461093005345,0.0978120978120978,-0.9838930857625778,-0.7069584125382322,0.19582238538260666,-1.1956125604279384
Beverie Moffet,Canada,Baker's Choco Chips,2023-01-11,14625.75,90,14625.75,0.8716656274255895,0.11454311454311453,2.106665258550937,-0.6021246396755962,-1.9154037058455917,1.0638708741773721
Kelci Walkden,USA,White Choc,2023-03-07,10305.4,22,10305.4,0.614058062247435,0.027027027027027025,1.0625613022053695,-1.1504859131109229,-1.5648606930361564,-0.06217208860449411
Kaine Padly,Canada,50% Dark Bites,2023-03-04,8798.99,99,8798.99,0.5242360311018047,0.12612612612612611,0.6985054639333484,-0.5295474123091558,-0.8683645164467181,0.11947138403953966
Karlen McCaffrey,Canada,Organic Choco Syrup,2023-07-15,2466.59,309,2466.59,0.1466568660494027,0.3963963963963964,-0.8318529313732058,1.163921226241118,1.4112254405659594,0.23480774311814465
Kaine Padly,UK,Peanut Butter Cubes,2023-05-11,6564.2,92,6564.2,0.39098321348645243,0.1171171171171171,0.15842119284385084,-0.5859963669274983,-0.5263827045486653,-0.30234130506156187
Karlen McCaffrey,USA,Milk Bars,2023-01-27,4764.56,7,4764.56,0.283676889092083,0.007722007722007722,-0.27649987697635736,-1.2714479587216567,-0.7035345355306566,-1.0945644115451005
Karlen McCaffrey,India,Orange Choco,2023-06-27,3172.08,153,3172.08,0.18872280079023068,0.1956241956241956,-0.6613563511974714,-0.094084048110514,0.401122092292094,-0.5341770291329526
Ches Bonnell,India,Smooth Sliky Salty,2023-08-03,8062.0,20,8062.0,0.48029186003681057,0.02445302445302445,0.5203962425075104,-1.1666141858590209,-1.1928965138304002,-0.456945089868269
Wilone O'Kielt,New Zealand,Mint Chip Choco,2023-08-19,12382.41,245,12382.41,0.7379030028079634,0.31402831402831405,1.5645146991221257,0.647816498301987,-0.6482035141014166,1.5643543919291494
Wilone O'Kielt,Australia,Fruit & Nut Bars,2023-06-15,413.6,111,413.6,0.024244155219238634,0.14157014157014156,-1.3280013872478194,-0.43277777582056876,0.6330186863185107,-1.2450588863776355
Dennison Crosswaite,UK,Peanut Butter Cubes,2023-02-07,10186.18,154,10186.18,0.6069493849595904,0.1969111969111969,1.0337492676073583,-0.08601991173646507,-0.7917963800777083,0.6701458542658731
Karlen McCaffrey,Australia,Almond Choco,2023-07-08,7936.84,138,7936.84,0.47282900104212316,0.17631917631917632,0.4901486812737651,-0.21504609372124786,-0.49864800745629406,0.1945269051803545
Dennison Crosswaite,India,Milk Bars,2023-04-21,1712.72,93,1712.72,0.10170619882085517,0.1184041184041184,-1.0140415618244962,-0.5779322305534494,0.3083758654804792,-1.1256954640617123
Ches Bonnell,UK,Mint Chip Choco,2023-04-08,3088.98,226,3088.98,0.1837678344874301,0.2895752895752896,-0.6814392238286973,0.4945979071950574,0.831583830274068,-0.13211676199747568
Husein Augar,Australia,50% Dark Bites,2023-08-19,5191.445,51,5191.445,0.3091305688775347,0.06435006435006434,-0.17333408776840503,-0.9166259582635042,-0.5255867220279232,-0.7707181397715606
Jan Morforth,India,Fruit & Nut Bars,2023-05-04,3219.13,54,3219.13,0.19152822996648544,0.0682110682110682,-0.6499857235524752,-0.8924335491413574,-0.1714365015578398,-1.0906551271546303
Mallorie Waber,USA,85% Dark Bars,2023-05-11,2700.61,112,2700.61,0.16061067127420897,0.14285714285714285,-0.7752970486637055,-0.42471363944651985,0.2478999060289641,-0.8485356950590772
Mallorie Waber,USA,Eclairs,2023-03-22,7219.96,53,7219.96,0.4300839198970966,0.06692406692406691,0.31689946669045344,-0.9004976855154063,-0.8608297817219581,-0.4126662580195087
Dennison Crosswaite,Canada,Spicy Special Slims,2023-08-10,5191.445,234,5191.445,0.3091305688775347,0.2998712998712999,-0.17333408776840503,0.5591109981874488,0.5179168871261497,0.2727854693824975
Dennison Crosswaite,USA,Fruit & Nut Bars,2023-05-04,1630.95,321,1630.95,0.09683053582951937,0.41184041184041187,-1.0338030118251624,1.260690862729705,1.6224521780887433,0.16043393794343294
Kelci Walkden,USA,99% Dark & Pure,2023-08-18,8250.66,258,8250.66,0.49154100495481734,0.3307593307593308,0.5659899218168614,0.7526502711646229,0.1319887988024587,0.9324194224023443
Dotty Strutley,Canada,Raspberry Choco,2023-08-03,4849.3,248,4849.3,0.2887296429368402,0.3178893178893179,-0.2560206636578246,0.6720089074241337,0.6562160028536977,0.294148108061035
Marney O'Breen,New Zealand,Milk Bars,2023-01-14,5191.445,328,5191.445,0.3091305688775347,0.42084942084942084,-0.17333408776840503,1.3171398173480475,1.053924205489444,0.8087927877457841
Madelene Upcott,Australia,Choco Coated Almonds,2023-04-08,2106.93,69,2106.93,0.1252115810859217,0.08751608751608751,-0.918772377468834,-0.7714715035306235,0.10415744683640472,-1.1951829101137852
Kelci Walkden,UK,Orange Choco,2023-08-01,3911.85,3,3911.85,0.2328327336641514,0.0025740025740025744,-0.4825752839724177,-1.3037045042178526,-0.5806260398659785,-1.263090551325806
Dennison Crosswaite,Canada,Eclairs,2023-03-15,483.04,45,483.04,0.028384622849400784,0.056628056628056624,-1.3112197425364798,-0.9650107765077978,0.24480670758645243,-1.6095380355599853
Karlen McCaffrey,India,Mint Chip Choco,2023-07-15,11380.7,192,11380.7,0.6781744914339755,0.24581724581724582,1.3224302906573213,0.220417270477394,-0.7792408795250866,1.0909579728154892
Barr Faughny,New Zealand,Almond Choco,2023-01-13,6372.68,131,6372.68,0.37956353663552134,0.1673101673101673,0.11213633404322065,-0.2714950483395903,-0.27126835195885607,-0.11268362752013064
Mallorie Waber,Australia,85% Dark Bars,2023-08-26,2714.76,52,2714.76,0.16145438695633446,0.06563706563706563,-0.7718774018799287,-0.9085618218894552,-0.09665048027129508,-1.188249970499189
Ches Bonnell,Canada,Eclairs,2023-01-10,2106.17,172,2106.17,0.12516626490794183,0.22007722007722005,-0.9189560475434396,0.05913454299641554,0.6916144891854819,-0.6079856164752256
Gigi Bohling,Australia,White Choc,2023-05-11,5805.24,83,5805.24,0.3457290471185396,0.10553410553410553,-0.024997543764996126,-0.6585735942939386,-0.44800592172640946,-0.4833577871448751
Beverie Moffet,New Zealand,85% Dark Bars,2023-08-30,12205.52,23,12205.52,0.7273556623831451,0.028314028314028312,1.5217654892576549,-1.142421776736874,-1.8838648821355777,0.26823651152393807
Kaine Padly,USA,Caramel Stuffed Bars,2023-07-21,6318.7,124,6318.7,0.37634489546794997,0.1583011583011583,0.09909092532320163,-0.3279440029579328,-0.30195929359110246,-0.16182356309092763
Mallorie Waber,Australia,Almond Choco,2023-08-01,8522.8,137,8522.8,0.5077677742646146,0.17503217503217502,0.6317583087947409,-0.22311023009529676,-0.6044833408721795,0.28895782756723526
Brien Boise,Canada,85% Dark Bars,2023-02-17,10315.88,268,10315.88,0.6146829484911577,0.34362934362934366,1.0650940158657214,0.8332916349051122,-0.16390903547242494,1.342361366967295
Brien Boise,Australia,Drinking Coco,2023-07-27,7262.12,158,7262.12,0.43259777524398074,0.20205920205920205,0.32708832240805247,-0.05376336624026939,-0.26930281166957487,0.1932699299737572
Dotty Strutley,USA,Orange Choco,2023-02-23,1414.84,112,1414.84,0.08394464211473908,0.14285714285714285,-1.0860305642238894,-0.42471363944651985,0.46762168202350424,-1.0682574710536206
Rafaelita Blaksland,Australia,50% Dark Bites,2023-03-22,3067.9,42,3067.9,0.18251090681398802,0.05276705276705276,-0.6865336516874967,-0.9892031856299445,-0.21401967990928533,-1.1849248811512596
Dennison Crosswaite,India,99% Dark & Pure,2023-06-23,7369.69,325,7369.69,0.43901180322463373,0.416988416988417,0.35308488809927946,1.2929474082259007,0.66458316136462,1.1639205987835948
Curtice Advani,UK,White Choc,2023-02-01,1775.18,73,1775.18,0.10543047313220207,0.09266409266409266,-0.9989467817457193,-0.7392149580344278,0.18365813383619425,-1.2290659529975505
Kelci Walkden,Australia,After Nines,2023-03-02,7683.78,279,7683.78,0.4577399063058208,0.3577863577863578,0.42899137985309094,0.9219971350196503,0.3486077126422755,0.9552931401716559
Gigi Bohling,UK,Fruit & Nut Bars,2023-04-06,1412.22,90,1412.22,0.08378842055380843,0.11454311454311453,-1.0866637426389774,-0.6021246396755962,0.3426208854554449,-1.194153717123697
Gunar Cockshoot,Australia,Raspberry Choco,2023-03-17,607.08,76,607.08,0.035780700108117854,0.09652509652509651,-1.281242852991627,-0.7150225489122811,0.40037821666000406,-1.4115728027343448
Curtice Advani,UK,Fruit & Nut Bars,2023-06-24,11688.75,136,11688.75,0.6965424501533223,0.17374517374517373,1.396877088660319,-0.2311743664693457,-1.1512062240428063,0.8242762997088637
Barr Faughny,Canada,50% Dark Bites,2023-07-19,10275.55,301,10275.55,0.612278209730725,0.3861003861003861,1.0553474183540807,1.0994081352487266,0.031155631700155343,1.5236422637519185
Curtice Advani,USA,Spicy Special Slims,2023-07-11,1788.1,271,1788.1,0.1062008481578601,0.3474903474903475,-0.9958243904774228,0.857484044027259,1.310486961668484,-0.09782139708661658
Brien Boise,India,Almond Choco,2023-01-13,2378.08,222,2378.08,0.14137932011124527,0.28442728442728443,-0.8532432449302432,0.4623413616988617,0.9302587965720743,-0.2764093724115085
Oby Sorrel,New Zealand,Smooth Sliky Salty,2023-07-07,9545.03,64,9545.03,0.5687198224440596,0.08108108108108107,0.8788018092738991,-0.8117921854008682,-1.1954304778677818,0.04738295944538864
Jan Morforth,India,85% Dark Bars,2023-05-25,4999.52,446,4999.52,0.2976867432738644,0.5727155727155726,-0.21971682338510792,2.2687079094858205,1.7595820030853668,1.4488554915725904
Marney O'Breen,India,Fruit & Nut Bars,2023-04-13,5312.5,160,5312.5,0.3163486608845808,0.2046332046332046,-0.14407858660868117,-0.03763509349217154,0.07526691579586642,-0.12849097543367646
Andria Kimpton,New Zealand,50% Dark Bites,2023-03-02,3750.88,208,3750.88,0.22323464791491177,0.26640926640926643,-0.5214770891162014,0.3494434524621768,0.6158338208247307,-0.12164615107024777
Gunar Cockshoot,Canada,Raspberry Choco,2023-06-23,2375.74,129,2375.74,0.1412397939843072,0.16473616473616473,-0.8538087554231081,-0.2876233210876882,0.40035356002762024,-0.8071143615646291
Kelci Walkden,USA,Drinking Coco,2023-07-26,7013.61,170,7013.61,0.417779981310058,0.2175032175032175,0.2670306247235044,0.04300627024831769,-0.15840914020034205,0.219229190852598
Van Tuxwell,Canada,White Choc,2023-03-22,481.52,3,481.52,0.028293990493441012,0.0025740025740025744,-1.311587082685691,-1.3037045042178526,0.005573824687830141,-1.8492904158796224
Rafaelita Blaksland,USA,Baker's Choco Chips,2023-06-09,3136.92,64,3136.92,0.18662633129316128,0.08108108108108107,-0.6698535088594918,-0.8117921854008682,-0.10036580069505872,-1.0476817177273499
Van Tuxwell,Australia,Caramel Stuffed Bars,2023-05-17,6584.26,62,6584.26,0.39217932207892153,0.0785070785070785,0.1632691161288376,-0.827920458148966,-0.7008768694132456,-0.46997947106716703
Ches Bonnell,New Zealand,Peanut Butter Cubes,2023-03-04,1024.77,260,1024.77,0.06068611376656296,0.33333333333333337,-1.1802992300152524,0.7687785439127208,1.3782061110044481,-0.2909890677416505
Kelci Walkden,Canada,Milk Bars,2023-07-07,17680.19,27,16778.052499999998,1.0000000000000002,0.03346203346203346,2.6268146805890713,-1.1101652312406785,-2.6424438368127148,1.0724331103171107
Dennison Crosswaite,Canada,Choco Coated Almonds,2023-01-13,10707.82,124,10707.82,0.6380529784877843,0.1583011583011583,1.1598146067090749,-0.3279440029579328,-1.052004201664207,0.5882213449821877
Curtice Advani,Australia,Almond Choco,2023-07-13,3019.09,78,3019.09,0.17960053490977984,0.09909909909909909,-0.6983296205578955,-0.6988942761641832,-0.0003992718082482794,-0.9879864922080742
Madelene Upcott,Australia,85% Dark Bars,2023-06-16,1758.62,329,1758.62,0.10444305746464035,0.42213642213642216,-1.0029488560029167,1.3252039537220965,1.646252639395072,0.22786876486915372
Gigi Bohling,UK,50% Dark Bites,2023-07-18,8385.38,73,8385.38,0.4995738937672517,0.09266409266409266,0.5985478592522252,-0.7392149580344278,-0.9459411597226134,-0.0994666594387266
Ches Bonnell,UK,Manuka Honey Choco,2023-05-30,4854.12,411,4854.12,0.28901704290771263,0.5276705276705276,-0.2548558087109834,1.9864631363941083,1.584851824885698,1.2244312837570424
Gigi Bohling,UK,70% Dark Bites,2023-06-21,949.18,83,949.18,0.05617894285406358,0.10553410553410553,-1.1985671523039934,-0.6585735942939386,0.38183310666595166,-1.313196815537248
Jehu Rudeforth,Australia,Peanut Butter Cubes,2023-06-24,6047.05,40,6047.05,0.3601473431676397,0.05019305019305019,0.03344095720921247,-1.0053314583780424,-0.7345230191712836,-0.6872303639472667
Marney O'Breen,India,Eclairs,2023-01-13,5191.445,94,5191.445,0.3091305688775347,0.11969111969111967,-0.17333408776840503,-0.5698680941794004,-0.2803918849042887,-0.5255233026479296
Curtice Advani,Canada,Fruit & Nut Bars,2023-04-04,4382.07,210,4382.07,0.2608703299927062,0.268983268983269,-0.36893667544467984,0.36557172521027465,0.5193758709416036,-0.0023793791291068854
Kaine Padly,UK,Smooth Sliky Salty,2023-06-08,9928.1,599,9928.1,0.5915609649424209,0.7696267696267696,0.9713787770096836,3.5025207747153058,1.7897876707237328,3.1635247113721823
Karlen McCaffrey,Canada,Spicy Special Slims,2023-08-02,6315.53,51,6315.53,0.37615587930453387,0.06435006435006434,0.0983248277751753,-0.9166259582635042,-0.7176785833785713,-0.5786262784209101
Kelci Walkden,USA,Organic Choco Syrup,2023-07-21,10630.08,155,10630.08,0.6334176104928418,0.19819819819819817,1.1410270914461207,-0.07795577536241616,-0.8619510512705293,0.7517049364877013
Curtice Advani,India,Spicy Special Slims,2023-06-20,167.33,143,167.33,0.00955992475725659,0.18275418275418273,-1.3875177415545823,-0.17472541185100324,0.8575736805044236,-1.1046727276353514
Roddy Speechley,India,After Nines,2023-06-22,2690.14,117,2690.14,0.15998638129598605,0.1492921492921493,-0.7778273456125495,-0.38439295757627523,0.27820012373242303,-0.8218138576175051
Camilla Castle,Australia,Caramel Stuffed Bars,2023-05-02,3242.04,15,3242.04,0.1928942742263791,0.018018018018018018,-0.6444490374877173,-1.2069348677292655,-0.3977375448851535,-1.309126113958558
Curtice Advani,Australia,99% Dark & Pure,2023-01-07,5363.69,87,5363.69,0.31940094397772595,0.11068211068211067,-0.13170744039938584,-0.626317048797743,-0.34974180813850503,-0.536004256616756
Mallorie Waber,UK,50% Dark Bites,2023-02-21,5191.445,95,5191.445,0.3091305688775347,0.12097812097812097,-0.17333408776840503,-0.5618039578053515,-0.27468967938978556,-0.5198210971334265
Ches Bonnell,Canada,Baker's Choco Chips,2023-03-21,7968.23,373,7968.23,0.47470067844579233,0.47876447876447875,0.49773473869728097,1.6800259541802491,0.8360061358053033,1.5399093537352098
Van Tuxwell,UK,Drinking Coco,2023-04-04,6388.95,131,6388.95,0.3805336606035907,0.1673101673101673,0.11606832366668679,-0.2714950483395903,-0.27404868848516406,-0.10990329099382255
Gunar Cockshoot,Canada,Fruit & Nut Bars,2023-03-24,15840.74,216,15840.74,0.9441112893779328,0.2767052767052767,2.4002932900577134,0.41395654345456817,-1.4045521832430947,1.9899751412296567
Gunar Cockshoot,New Zealand,Spicy Special Slims,2023-06-28,7265.05,194,7265.05,0.4327724810354032,0.24839124839124838,0.3277964188798876,0.23654554322549184,-0.06452411296443102,0.3990500283128359
Gunar Cockshoot,Australia,Drinking Coco,2023-01-14,2342.49,192,2342.49,0.13925721119768722,0.24581724581724582,-0.8618443211871064,0.220417270477394,0.7652745104837111,-0.4535574171933306
Karlen McCaffrey,New Zealand,Fruit & Nut Bars,2023-02-07,1365.88,147,1365.88,0.0810253262280349,0.18790218790218788,-1.0978627837669077,-0.14246886635480754,0.6755655177064699,-0.87704692072137
Dennison Crosswaite,New Zealand,Drinking Coco,2023-01-11,4437.46,196,4437.46,0.26417304459574026,0.25096525096525096,-0.3555505104020371,0.2526738159735897,0.43007954566282486,-0.07274480825641454
Jehu Rudeforth,India,99% Dark & Pure,2023-02-25,2072.24,232,2072.24,0.12314313606733984,0.2972972972972973,-0.9271559496899799,0.5429827254393509,1.0395450264685544,-0.27165149201792754
Dotty Strutley,Australia,Mint Chip Choco,2023-08-01,7091.81,27,7091.81,0.4224427775179883,0.03346203346203346,0.28592930871582545,-1.1101652312406785,-0.9871879163807619,-0.5828228101148664
Roddy Speechley,Australia,Mint Chip Choco,2023-05-05,7213.16,277,7213.16,0.42967845935727655,0.3552123552123552,0.3152561028650342,0.9058688622715525,0.41762628723165396,0.863465743524264
Madelene Upcott,New Zealand,Raspberry Choco,2023-05-18,9672.76,411,9672.76,0.576335921672179,0.5276705276705276,0.9096704653651924,1.9864631363941083,0.7614073996165364,2.0478757090262163
Dotty Strutley,New Zealand,Choco Coated Almonds,2023-01-04,5750.05,350,5750.05,0.3424382578255003,0.4491634491634492,-0.03833537457747925,1.4945508175771238,1.083914221259752,1.0296998146136132
Roddy Speechley,New Zealand,50% Dark Bites,2023-05-09,4641.29,220,4641.29,0.27632672427684557,0.28185328185328185,-0.3062906797350965,0.44621308895076384,0.5321005177062054,0.09894008439635363
Rafaelita Blaksland,India,Smooth Sliky Salty,2023-05-06,1871.33,88,1871.33,0.11116356591215729,0.11196911196911195,-0.9757101005965935,-0.6182529124236941,0.2527604017409246,-1.1271020554671882
Husein Augar,UK,White Choc,2023-01-13,10843.46,142,10843.46,0.6461407237261944,0.18146718146718147,1.192594881603172,-0.18278954822505217,-0.9725436570699255,0.714040198910018
Roddy Speechley,Australia,Almond Choco,2023-06-24,5032.45,79,5032.45,0.2996502455644928,0.10038610038610038,-0.21175859238936479,-0.6908301397901343,-0.3387547398406214,-0.6382266131466899
Van Tuxwell,USA,Caramel Stuffed Bars,2023-02-14,1106.38,21,1106.38,0.06555223650990301,0.02574002574002574,-1.1605764473987141,-1.1585500494849719,0.0014328797061775333,-1.6398700723758568
Camilla Castle,Australia,99% Dark & Pure,2023-01-18,4977.55,97,4977.55,0.2963767479709459,0.12355212355212354,-0.2250263385681168,-0.5456756850572537,-0.22673332728550769,-0.5449686271796925
Kaine Padly,India,Milk Bars,2023-05-02,3210.14,92,3210.14,0.19099218728222336,0.1171171171171171,-0.6521583471981398,-0.5859963669274983,0.046783584906094744,-0.8755075945163303
Ches Bonnell,Australia,Smooth Sliky Salty,2023-05-16,7794.8,54,7794.8,0.46435964588388245,0.0682110682110682,0.45582171101456753,-0.8924335491413574,-0.9533604372266896,-0.3087311914857695
Mallorie Waber,USA,Almond Choco,2023-01-28,7613.37,370,7613.37,0.4535416009221843,0.4749034749034749,0.4119753141254783,1.6558335450581023,0.8795405899271713,1.4621616665263224
Kaine Padly,Canada,99% Dark & Pure,2023-06-24,1332.76,409,1332.76,0.07905049489291147,0.525096525096525,-1.1058669322813024,1.9703348636460103,2.175203150198443,0.6112711363862765
Oby Sorrel,UK,After Nines,2023-07-18,2587.76,108,2587.76,0.15388181510969576,0.1377091377091377,-0.8025696380311403,-0.4569701849427156,0.24437571685318074,-0.8906291499993189
Gunar Cockshoot,UK,Eclairs,2023-04-13,3826.22,169,3826.22,0.22772691218991775,0.2162162162162162,-0.5032695846151599,0.03494213387426877,0.3805731558579377,-0.3311575162346957
Dotty Strutley,USA,Caramel Stuffed Bars,2023-04-15,18687.87,80,16778.052499999998,1.0000000000000002,0.10167310167310166,2.6268146805890713,-0.6827660034160854,-2.3402269445440487,1.3746500025857726
Jan Morforth,India,Peanut Butter Cubes,2023-01-04,8859.63,184,8859.63,0.5278517850921998,0.2355212355212355,0.7131604025176749,0.15590417948500263,-0.3940396541648014,0.6145214592231485
Husein Augar,Australia,Eclairs,2023-07-04,7299.4,34,7299.4,0.4348206530269941,0.04247104247104247,0.3360978229097624,-1.0537162766223358,-0.9827469743678258,-0.5074328749247581
Beverie Moffet,USA,Smooth Sliky Salty,2023-03-24,2556.26,354,2556.26,0.15200357878552945,0.4543114543114543,-0.810182279281244,1.5268073630733197,1.6525012236716397,0.5067304563177425
Camilla Castle,Australia,Manuka Honey Choco,2023-03-17,703.4,181,703.4,0.04152392940156857,0.23166023166023164,-1.2579650877468658,0.13171177036285586,0.982649930027394,-0.7963813580560853
Oby Sorrel,Australia,Almond Choco,2023-02-15,6421.18,242,6421.18,0.3824554243092377,0.3101673101673102,0.12385738485687234,0.6236240891798401,0.35338842563802636,0.5285492191026732
Jan Morforth,USA,Orange Choco,2023-06-29,1048.26,149,1048.26,0.06208674142544126,0.19047619047619047,-1.1746223746830322,-0.12634059360670968,0.7412471559933727,-0.919919736950261
Gigi Bohling,USA,Fruit & Nut Bars,2023-05-24,3099.14,115,3099.14,0.18437364023516117,0.1467181467181467,-0.6789838449366004,-0.4005212303243731,0.1969028030992365,-0.76332535904233
Mallorie Waber,UK,Milk Bars,2023-01-10,3737.68,282,3737.68,0.22244757745526111,0.36164736164736166,-0.5246671483067211,0.9461895441417971,1.0400527413839653,0.29806134451697486
Curtice Advani,USA,Raspberry Choco,2023-03-15,3086.89,153,3086.89,0.1836432149979854,0.1956241956241956,-0.6819443165338629,-0.094084048110514,0.4156799821922899,-0.5487349190331487
Marney O'Breen,Canada,Milk Bars,2023-02-08,2618.15,312,2618.15,0.1556938659633914,0.40025740025740025,-0.7952252517584213,1.1881136353632649,1.4024323764747264,0.2778140402963964
Brien Boise,India,Caramel Stuffed Bars,2023-02-25,1643.45,110,1643.45,0.09757586770418852,0.14028314028314026,-1.0307821224402005,-0.4408419121946177,0.41715072315926155,-1.0405953342473895
Gunar Cockshoot,USA,Eclairs,2023-05-03,7368.94,45,7368.94,0.43896708331215356,0.056628056628056624,0.35290363473618175,-0.9650107765077978,-0.9319062172140976,-0.43282511075941854
Roddy Speechley,USA,Fruit & Nut Bars,2023-06-14,6082.19,23,6082.19,0.3622426201337096,0.028314028314028312,0.04193328144821686,-1.142421776736874,-0.8374654929752716,-0.7781628776363835
Gunar Cockshoot,India,50% Dark Bites,2023-08-09,14456.14,79,14456.14,0.8615523682845785,0.10038610038610038,2.0656754146642675,-0.6908301397901343,-1.9491437699330847,0.9721624169457964
Wilone O'Kielt,New Zealand,Manuka Honey Choco,2023-07-11,4173.4,254,4173.4,0.248428057809729,0.3256113256113256,-0.41936619448147766,0.7203937256684273,0.8059319684626369,0.21285860862613123
Kaine Padly,UK,Manuka Honey Choco,2023-01-14,7189.18,113,7189.18,0.4282486146889113,0.14414414414414414,0.30946082866892366,-0.41664950307247095,-0.5134375394639544,-0.07579383853714146
Van Tuxwell,Canada,Manuka Honey Choco,2023-02-24,8962.96,48,8962.96,0.534012996500965,0.06048906048906049,0.7381322825295228,-0.9408183673856509,-1.1871973898325816,-0.14332070505391156
Wilone O'Kielt,New Zealand,Almond Choco,2023-03-15,10085.02,146,10085.02,0.6009175631642678,0.1866151866151866,1.0093018139927397,-0.15053300272885647,-0.8201270639600928,0.607241249916208
Oby Sorrel,New Zealand,Baker's Choco Chips,2023-04-25,12073.18,51,12073.18,0.7194646847596478,0.06435006435006434,1.4897827291611874,-0.9166259582635042,-1.7015879011842157,0.40528303938474863
Dennison Crosswaite,Australia,Organic Choco Syrup,2023-05-10,6655.62,39,6655.62,0.39643427268503284,0.0489060489060489,0.18051476944970726,-1.0133955947520912,-0.8442221146559967,-0.5889356794915578
Marney O'Breen,Australia,Spicy Special Slims,2023-06-23,14193.67,302,14193.67,0.8459021877130253,0.38738738738738737,2.0022439877145946,1.1074722716227756,-0.632699148062434,2.1989014545435235
Beverie Moffet,Canada,Smooth Sliky Salty,2023-02-28,15507.29,352,15507.29,0.9242288162892581,0.4517374517374517,2.3197080448244733,1.5106790903252219,-0.5720698599026645,2.708492717834066
Brien Boise,USA,Organic Choco Syrup,2023-05-25,17383.08,145,16778.052499999998,1.0000000000000002,0.18532818532818532,2.6268146805890713,-0.15859713910290538,-1.969583586101345,1.7452933610284709
Roddy Speechley,New Zealand,Baker's Choco Chips,2023-02-22,5912.59,232,5912.59,0.3521299572581984,0.2972972972972973,0.0009458542730556654,0.5429827254393509,0.38327794725482894,0.3846155871958076
Van Tuxwell,UK,85% Dark Bars,2023-07-11,4029.28,128,4029.28,0.23983467942754344,0.16344916344916344,-0.4541958407343328,-0.2956874574617371,0.11208235268696472,-0.5302475652529757
Marney O'Breen,Canada,Spicy Special Slims,2023-01-03,3563.09,344,3563.09,0.21203737809538195,0.44144144144144143,-0.5668605145243591,1.4461659993328304,1.4234246986567383,0.6217628710425844
Rafaelita Blaksland,New Zealand,70% Dark Bites,2023-08-24,773.73,280,773.73,0.04571746466120717,0.3590733590733591,-1.240968355711317,0.9300612713936992,1.5351497714828564,-0.21984450763993615
Beverie Moffet,USA,50% Dark Bites,2023-07-28,2620.19,340,2620.19,0.15581550412533743,0.4362934362934363,-0.7947322426107956,1.4139094538366346,1.5617455207693407,0.4378244048139549
Brien Boise,USA,Mint Chip Choco,2023-05-25,11426.56,151,11426.56,0.6809089650157616,0.19305019305019303,1.3335133296328687,-0.11021232085861185,-1.0208681976354794,0.8650044387366287
Karlen McCaffrey,New Zealand,Eclairs,2023-05-06,2935.8,171,2935.8,0.17463423956248425,0.2187902187902188,-0.7184584107077727,0.051070406622366615,0.5441390450526019,-0.4719145833713498
Barr Faughny,India,Drinking Coco,2023-01-28,2431.53,148,2431.53,0.14456635920733063,0.18918918918918917,-0.8403259219201465,-0.1344047299807586,0.4991616618036265,-0.6892386537895177
Marney O'Breen,UK,Orange Choco,2023-06-06,11882.82,13,11882.82,0.7081141747066859,0.015444015444015444,1.4437782088954814,-1.2230631404773633,-1.88574160249022,0.15606912158851777
Brien Boise,New Zealand,Baker's Choco Chips,2023-07-12,6297.06,26,6297.06,0.3750545769265228,0.032175032175032175,0.09386116161995595,-1.1182293676147272,-0.857077432633841,-0.7243377048907949
Ches Bonnell,Canada,Spicy Special Slims,2023-08-05,5859.21,193,5859.21,0.3489470920206112,0.24710424710424708,-0.011954551756485115,0.22848140685144294,0.17001389677275489,0.15310760754664046
Brien Boise,USA,Orange Choco,2023-01-28,6276.91,157,6276.91,0.373853101944556,0.20077220077220076,0.08899148793139744,-0.06182750261431831,-0.10664513094658545,0.01920783822175926
Kaine Padly,India,Spicy Special Slims,2023-08-31,5674.7,147,5674.7,0.33794539728499456,0.18790218790218788,-0.0565452957900289,-0.14246886635480754,-0.060757139410117005,-0.1407242636047725
Mallorie Waber,USA,50% Dark Bites,2023-04-19,1960.1,14,1960.1,0.11645661475330783,0.01673101673101673,-0.9542569525403489,-1.2149990041033143,-0.18437247280067634,-1.5338955970720443
Mallorie Waber,UK,Mint Chip Choco,2023-06-29,6540.3,2,6540.3,0.38955813894208496,0.001287001287001287,0.15264525233980403,-1.3117686405919013,-1.0354969941558057,-0.8196240080649779
Beverie Moffet,India,Choco Coated Almonds,2023-02-24,3818.21,287,3818.21,0.22724930352462974,0.3680823680823681,-0.5052053705330434,0.9865102260120417,1.054802213918768,0.34033392712720345
Madelene Upcott,UK,Smooth Sliky Salty,2023-03-04,14769.97,87,14769.97,0.8802649684627725,0.11068211068211067,2.141519071918872,-0.626317048797743,-1.9571556901717782,1.0714096254165404
Gigi Bohling,India,Eclairs,2023-06-21,3687.44,73,3687.44,0.2194519395845908,0.09266409266409266,-0.5368087069227594,-0.7392149580344278,-0.14312283271561446,-0.9022849864457372
Rafaelita Blaksland,Australia,Organic Choco Syrup,2023-01-26,1123.58,114,1123.58,0.06657781316944777,0.1454311454311454,-1.1564197036050068,-0.408585366698422,0.5287987308307831,-1.1066256978028877
Oby Sorrel,New Zealand,White Choc,2023-06-10,4612.08,38,4612.08,0.27458503275211865,0.047619047619047616,-0.3133498940498752,-1.0214597311261402,-0.5007092676215354,-0.9438529375550309
Andria Kimpton,UK,Drinking Coco,2023-05-23,1600.11,70,1600.11,0.09499165302833558,0.08880308880308879,-1.04125615011574,-0.7634073671565746,0.19646875857484564,-1.276089810823221
Kelci Walkden,India,Milk Bars,2023-04-15,975.67,105,975.67,0.057758450162862476,0.13384813384813385,-1.1921652835193823,-0.48116259406486234,0.5027548231551554,-1.183221489388316
Karlen McCaffrey,New Zealand,Caramel Stuffed Bars,2023-01-31,5487.3,219,5487.3,0.32677138181995447,0.2805662805662806,-0.10183446944937571,0.43814895257671493,0.3818259394429675,0.2378102516305876
Andria Kimpton,New Zealand,Organic Choco Syrup,2023-03-04,4948.15,39,4948.15,0.29462372740172393,0.0489060489060489,-0.23213147040154702,-1.0133955947520912,-0.5524371602260465,-0.8807206339215125
Barr Faughny,New Zealand,After Nines,2023-04-19,11460.08,81,11460.08,0.6829076469708745,0.10296010296010295,1.3416141466075824,-0.6747018670420365,-1.4257507262666695,0.47157819533738643
Beverie Moffet,UK,Almond Choco,2023-05-16,2628.33,101,2628.33,0.15630086424212197,0.1287001287001287,-0.7927650394433085,-0.513419139561058,0.19752738010339083,-0.9236116904525721
Oby Sorrel,Australia,Raspberry Choco,2023-02-17,1044.35,126,1044.35,0.06185360161504474,0.16087516087516085,-1.1755673088826484,-0.31181573020983494,0.6107645985401244,-1.051738633164155
Dennison Crosswaite,USA,Raspberry Choco,2023-01-18,7449.7,264,7449.7,0.4437825234880161,0.3384813384813385,0.37242099687454283,0.8010350894089164,0.30307593134317967,0.8297587560356583
Roddy Speechley,Canada,Orange Choco,2023-02-09,9315.64,88,9315.64,0.5550420881456307,0.11196911196911195,0.8233648639925883,-0.6182529124236941,-1.0193777055830247,0.1450360518567792
Mallorie Waber,Canada,Orange Choco,2023-03-23,3820.94,179,3820.94,0.2274120840060575,0.22908622908622908,-0.5045456082913677,0.115583497614758,0.43849749599737015,-0.2750377460840664
Madelene Upcott,New Zealand,Caramel Stuffed Bars,2023-02-01,3782.83,150,3782.83,0.22513971618656614,0.19176319176319176,-0.5137556958482392,-0.11827645723266077,0.27964605144356486,-0.4469142213714405
Mallorie Waber,India,Drinking Coco,2023-03-07,4525.72,146,4525.72,0.2694356838964043,0.1866151866151866,-0.334220614632699,-0.15053300272885647,0.1298867559971672,-0.34277257004106565
Ches Bonnell,UK,White Choc,2023-01-03,3730.79,237,3730.79,0.22203675052594346,0.30373230373230375,-0.526332262535712,0.5833034073095955,0.7846309067940942,0.04028468280156798
Ches Bonnell,USA,White Choc,2023-02-11,6068.19,349,6068.19,0.36140784843408014,0.44787644787644787,0.03854988533705968,1.486486681203075,1.0238459270863884,1.0783636977579714
Dennison Crosswaite,New Zealand,Orange Choco,2023-03-16,4944.46,144,4944.46,0.29440370543232164,0.18404118404118402,-0.23302323694798763,-0.1666612754769543,0.04692499296900583,-0.28261962907091565
Dotty Strutley,India,White Choc,2023-08-15,12331.35,337,12331.35,0.7348584711663149,0.43243243243243246,1.5521749701624339,1.389717044714488,-0.11487510074172691,2.0802317932380276
Gigi Bohling,India,Manuka Honey Choco,2023-05-12,5290.76,76,5290.76,0.3150523796881562,0.09652509652509651,-0.14933251742700665,-0.7150225489122811,-0.40000325731287356,-0.6111913287614555
Van Tuxwell,India,Spicy Special Slims,2023-04-11,6874.06,4,6874.06,0.4094590962612515,0.003861003861003861,0.23330541562979137,-1.2956403678438035,-1.0811279315607634,-0.7511842486020072
Jan Morforth,New Zealand,Mint Chip Choco,2023-06-30,20402.17,297,16778.052499999998,1.0000000000000002,0.380952380952381,2.6268146805890713,1.067151589752531,-1.1028483478968694,2.6120285992329344
Dotty Strutley,New Zealand,White Choc,2023-06-15,7923.1,62,7923.1,0.4720097322454868,0.0785070785070785,0.4868281196618152,-0.827920458148966,-0.9296676349253744,-0.24118870555503477
Rafaelita Blaksland,Canada,Caramel Stuffed Bars,2023-08-01,8145.99,100,8145.99,0.4852998939690876,0.1274131274131274,0.5406942024629454,-0.5214832759351069,-0.7510728977988905,0.013584176420716583
Kaine Padly,USA,Milk Bars,2023-06-15,16253.25,58,16253.25,0.968707837507515,0.07335907335907335,2.4999850564729598,-0.8601770036451617,-2.375993378595275,1.1595193939988615
Brien Boise,India,After Nines,2023-06-16,5744.07,49,5744.07,0.34208169105665853,0.06177606177606177,-0.039780568059245076,-0.932754231011602,-0.6314277324946072,-0.6876859513628879
Oby Sorrel,New Zealand,Raspberry Choco,2023-05-13,4908.71,288,4908.71,0.2922720562707678,0.36936936936936937,-0.2416629805889783,0.9945743623860906,0.8741518083737146,0.5323887437012657
Dennison Crosswaite,USA,Drinking Coco,2023-05-10,2369.87,139,2369.87,0.14088978613596256,0.17760617760617758,-0.8552273650782861,-0.20698195734719893,0.4583787236796845,-0.7510954149266317
Oby Sorrel,India,Eclairs,2023-08-25,5973.24,337,5973.24,0.3557463075140932,0.43243243243243246,0.015603209568890098,1.389717044714488,0.9716452109537128,0.9937114815425729
Ches Bonnell,New Zealand,Organic Choco Syrup,2023-07-15,8047.16,86,8047.16,0.4794070020352033,0.10939510939510938,0.5168098426296837,-0.6343811851717919,-0.8140149821995355,-0.08313549358472533
Gigi Bohling,UK,Baker's Choco Chips,2023-05-16,9656.56,400,9656.56,0.5753699715626077,0.5135135135135135,0.9057553927222818,1.89775763627957,0.7014515133716415,1.9823830739520425
Jan Morforth,Australia,50% Dark Bites,2023-06-14,3925.06,186,3925.06,0.23362040038930176,0.23809523809523808,-0.47938280807039013,0.17203245223310046,0.4606201479289964,-0.21732952081264914
Beverie Moffet,Australia,Smooth Sliky Salty,2023-01-25,11682.62,506,11682.62,0.6961769394019846,0.6499356499356499,1.395395644505934,2.752556091928756,0.9596573555308672,2.933044800867478
Ches Bonnell,USA,Organic Choco Syrup,2023-07-28,7874.15,13,7874.15,0.4690910126242823,0.015444015444015444,0.47499831683030475,-1.2230631404773633,-1.200710771333767,-0.5289617095679453
Brien Boise,Canada,Mint Chip Choco,2023-01-28,5061.37,179,5061.37,0.3013746453897274,0.22908622908622908,-0.2047694627083172,0.115583497614758,0.2265237506176308,-0.06306400070432401
Kaine Padly,UK,Orange Choco,2023-06-29,2099.24,186,2099.24,0.12475305291662525,0.23809523809523808,-0.9206308286184625,0.17203245223310046,0.7726296154436771,-0.5293389883273345
Karlen McCaffrey,Australia,70% Dark Bites,2023-06-24,237.57,311,237.57,0.013748093627397566,0.398970398970399,-1.3705427599226052,1.1800494989892159,1.8035410823184617,-0.13469907657635113
Gunar Cockshoot,Canada,Mint Chip Choco,2023-07-01,8829.77,445,8829.77,0.5260713363099901,0.5714285714285714,0.7059441019548784,2.2606437731117714,1.0993386801835494,2.097694403445411
Roddy Speechley,USA,Peanut Butter Cubes,2023-02-25,1733.09,135,1733.09,0.10292079164381604,0.17245817245817244,-1.0091187204827625,-0.23923850284339462,0.5443875225941655,-0.8827218579571389
Curtice Advani,Canada,Smooth Sliky Salty,2023-08-01,3047.18,12,3047.18,0.18127544469853638,0.014157014157014158,-0.6915410779320095,-1.231127276851412,-0.38154506029059293,-1.3595318316401375
Oby Sorrel,Australia,Milk Bars,2023-06-21,8497.72,276,8497.72,0.5062723403912783,0.35392535392535396,0.6256971963327537,0.8978047258975036,0.1924090793671611,1.0772785403597536
Camilla Castle,New Zealand,Spicy Special Slims,2023-01-25,12557.56,26,12557.56,0.7483465930358277,0.032175032175032175,1.6068434011842099,-1.1182293676147272,-1.926917434044527,0.3455022965199062
Gigi Bohling,UK,Milk Bars,2023-05-17,1406.91,231,1406.91,0.08347180357344897,0.29601029601029605,-1.0879470164497091,0.534918589065302,1.1475392746140738,-0.3910501511924546
Andria Kimpton,Australia,85% Dark Bars,2023-08-23,4496.32,240,4496.32,0.26768266332718244,0.3075933075933076,-0.34132574646612923,0.6074958164317423,0.6709181612611044,0.18821066142157805
Camilla Castle,Australia,Smooth Sliky Salty,2023-03-03,8220.25,125,8220.25,0.4897277615701222,0.15958815958815958,0.5586407021211264,-0.31987986658388384,-0.6212078515431738,0.16882940589015466
Roddy Speechley,India,Caramel Stuffed Bars,2023-05-30,9588.03,562,9588.03,0.5712837640929215,0.7220077220077219,0.8891936687581676,3.204147728875496,1.6369197140443137,2.8944294599783715
Karlen McCaffrey,USA,Drinking Coco,2023-06-29,114.82,231,114.82,0.006428934618146358,0.29601029601029605,-1.4002078936829299,0.534918589065302,1.3683410584049425,-0.6118519349833266
Andria Kimpton,Canada,Organic Choco Syrup,2023-01-04,8804.98,214,8804.98,0.5245931941361462,0.27413127413127414,0.699953074126622,0.3978282707064703,-0.21363449726303657,0.7762486331915688
Jehu Rudeforth,Australia,Drinking Coco,2023-01-14,2900.61,68,2900.61,0.17253598126891562,0.08622908622908622,-0.7269628185043171,-0.7795356399046725,-0.03717459851830825,-1.0652552757880762
Karlen McCaffrey,USA,Mint Chip Choco,2023-02-15,16773.08,58,16773.08,0.9997035069802568,0.07335907335907335,2.6256129707917344,-0.8601770036451617,-2.4648257287164026,1.2483517441199898
Curtice Advani,New Zealand,Spicy Special Slims,2023-01-10,4153.59,513,4153.59,0.24724685585475334,0.6589446589446589,-0.42415369997876495,2.8090050465470986,2.286188474321048,1.6863445592803217
Madelene Upcott,USA,White Choc,2023-05-04,12571.07,226,12571.07,0.7491521477259702,0.2895752895752896,1.6101083784314767,0.4945979071950574,-0.7887850186958627,1.4882520869724785
Andria Kimpton,USA,Spicy Special Slims,2023-05-23,2553.46,5,2553.46,0.15183662444560353,0.005148005148005148,-0.8108589585034756,-1.2875762314697548,-0.3370900164232252,-1.4838177527105498
Barr Faughny,New Zealand,Fruit & Nut Bars,2023-04-26,1888.94,159,1888.94,0.1122135894571912,0.20334620334620332,-0.9714542716310592,-0.045699229866220464,0.6546076677495476,-0.7192361384163721
Oby Sorrel,Canada,Organic Choco Syrup,2023-07-05,1310.04,71,1310.04,0.07769577967751279,0.09009009009009009,-1.111357700827409,-0.7553432307825257,0.2517402459692622,-1.3199568871886322
Madelene Upcott,UK,Organic Choco Syrup,2023-07-21,7805.9,179,7805.9,0.46502150058858865,0.22908622908622908,0.45850426078841344,0.115583497614758,-0.24248159704975517,0.4059413469630687
Dotty Strutley,USA,Mint Chip Choco,2023-02-21,6101.12,261,6101.12,0.3633713507247086,0.33462033462033464,0.046508116332803044,0.7768426802867697,0.516424522706774,0.5821969315850422
Kelci Walkden,USA,Orange Choco,2023-02-03,1425.81,133,1425.81,0.08459874536794874,0.16988416988416988,-1.083379431699647,-0.25536677559149246,0.5854933640423537,-0.9466365214633403
Gigi Bohling,Australia,Caramel Stuffed Bars,2023-07-08,8724.4,147,8724.4,0.5197884867392789,0.18790218790218788,0.6804792127954045,-0.14246886635480754,-0.5819121673315559,0.3804307643166739
Mallorie Waber,India,50% Dark Bites,2023-05-31,664.82,147,664.82,0.03922353710358966,0.18790218790218788,-1.2672887607446117,-0.14246886635480754,0.7953677749365593,-0.9968491779514611
Van Tuxwell,New Zealand,Mint Chip Choco,2023-06-27,5191.445,103,5191.445,0.3091305688775347,0.13127413127413126,-0.17333408776840503,-0.49729086681296014,-0.2290720352737606,-0.47420345301740213
Van Tuxwell,India,50% Dark Bites,2023-05-13,5825.09,123,5825.09,0.34691263413551426,0.157014157014157,-0.020200371421676744,-0.3360081393319817,-0.22330981424076599,-0.2518774534702715
Van Tuxwell,USA,Manuka Honey Choco,2023-05-31,2418.93,110,2418.93,0.1438150646776641,0.14028314028314026,-0.8433709784201882,-0.4408419121946177,0.28463103235278303,-0.9080756434409093
Wilone O'Kielt,USA,Orange Choco,2023-02-28,7725.52,38,7725.52,0.4602287185017161,0.047619047619047616,0.43907873368735545,-1.0214597311261402,-1.0327566526534155,-0.4118055525231426
Barr Faughny,New Zealand,Eclairs,2023-03-28,7144.08,32,7144.08,0.4255594572851049,0.039897039897039896,0.2985614597679815,-1.0698445493704338,-0.9676091684781982,-0.5453795028723986
Gigi Bohling,USA,After Nines,2023-01-14,2043.13,243,2043.13,0.12140740719761031,0.31145431145431146,-0.9341909968896788,0.6316882255538891,1.1072438167089633,-0.21390176093926827
Barr Faughny,New Zealand,Mint Chip Choco,2023-02-21,6526.01,147,6526.01,0.3887060755429632,0.18790218790218788,0.14919177159491573,-0.14246886635480754,-0.206235214899444,0.004753811884556577
Dennison Crosswaite,Canada,85% Dark Bars,2023-08-01,11334.77,89,11334.77,0.675435843993691,0.11325611325611325,1.3113303347012177,-0.610188776049645,-1.3587191933914762,0.4957819506942423
Beverie Moffet,New Zealand,Smooth Sliky Salty,2023-05-19,2492.67,58,2492.67,0.14821192647271245,0.07335907335907335,-0.8255501477604216,-0.8601770036451617,-0.024484884607277716,-1.1919890999891696
Husein Augar,USA,White Choc,2023-07-13,2066.48,59,2066.48,0.12279968713949231,0.07464607464607463,-0.9285479755185703,-0.8521128672711128,0.054047783362495806,-1.259117356929938
Andria Kimpton,Australia,Peanut Butter Cubes,2023-04-20,7009.01,150,7009.01,0.41750569918017977,0.19176319176319176,0.26591893742983863,-0.11827645723266077,-0.2716671688664946,0.10439899893862706
Dennison Crosswaite,India,85% Dark Bars,2023-06-30,4562.97,21,4562.97,0.27165677288291845,0.02574002574002574,-0.3252183642655129,-1.1585500494849719,-0.5892544855963004,-1.0491827070733706
Curtice Advani,UK,50% Dark Bites,2023-03-08,3442.99,142,3442.99,0.20487622944356057,0.18146718146718147,-0.5958852197350719,-0.18278954822505217,0.2921027506035413,-0.5506062087634671
Gunar Cockshoot,USA,Fruit & Nut Bars,2023-03-09,6669.6,99,6669.6,0.39726785185366287,0.12612612612612611,0.18389333213784864,-0.5295474123091558,-0.5044787883732574,-0.24441434403392617
Oby Sorrel,Canada,Raspberry Choco,2023-06-16,1902.47,217,1902.47,0.11302033667833311,0.277992277992278,-0.9681844609607766,0.4220206798286171,0.9830234822925762,-0.3861961132770424
Gigi Bohling,UK,Drinking Coco,2023-06-30,6157.17,43,6157.17,0.36671341885072517,0.05405405405405405,0.060053784334971674,-0.9811390492558956,-0.7362345131549435,-0.6513056368765875
Kelci Walkden,India,Mint Chip Choco,2023-07-28,3012.68,129,3012.68,0.17921832872444948,0.16473616473616473,-0.699878732634504,-0.2876233210876882,0.2915085970855992,-0.6982693986226064
Karlen McCaffrey,Canada,Peanut Butter Cubes,2023-08-12,3473.62,170,3473.62,0.20670259066924992,0.2175032175032175,-0.5884828323861616,0.04300627024831769,0.44653022671824505,-0.3857101760659978
Barr Faughny,UK,Mint Chip Choco,2023-07-07,4129.98,332,4129.98,0.2458390730098782,0.425997425997426,-0.4298595558490809,1.3493963628442434,1.2581239255743542,0.6502107117768957
Barr Faughny,USA,85% Dark Bars,2023-08-25,14566.22,45,14566.22,0.868116058905665,0.056628056628056624,2.092278574943995,-0.9650107765077978,-2.1618300324609785,0.7970987044874803
Husein Augar,Canada,Eclairs,2023-01-17,4049.61,255,4049.61,0.24104688718850537,0.32689832689832693,-0.449282666238631,0.7284578620424762,0.8327883140257989,0.1974066740919752
Jan Morforth,Australia,70% Dark Bites,2023-03-04,5924.44,396,5924.44,0.3528365318753847,0.5083655083655083,0.0038096574099992938,1.8655010907833744,1.3164146370152263,1.3218023061924238
Marney O'Breen,New Zealand,Fruit & Nut Bars,2023-08-25,10100.95,4,10100.95,0.6018674141053462,0.003861003861003861,1.013151635424935,-1.2956403678438035,-1.6325624818606002,-0.19974969830216227
Ches Bonnell,UK,Peanut Butter Cubes,2023-04-15,2362.01,272,2362.01,0.1404211214531706,0.3487773487773488,-0.85712690032355,0.8655481804013079,1.2181152313616301,0.005954744249245082
Kaine Padly,USA,Organic Choco Syrup,2023-03-11,2638.76,24,2638.76,0.15692276915834594,0.029601029601029602,-0.7902444093404963,-1.134357640362825,-0.2433247991519117,-1.3608991604307457
Camilla Castle,USA,Raspberry Choco,2023-05-20,3496.41,18,3496.41,0.20806147974314673,0.021879021879021878,-0.5829751468594992,-1.1827424586071187,-0.42409953327077693,-1.2485508924859154
Brien Boise,New Zealand,Manuka Honey Choco,2023-06-14,17222.86,44,16778.052499999998,1.0000000000000002,0.05534105534105534,2.6268146805890713,-0.9730749128818467,-2.5455063430661617,1.1693706040636627
Jehu Rudeforth,New Zealand,After Nines,2023-04-14,1604.87,71,1604.87,0.0952754754062096,0.09009009009009009,-1.0401057954379467,-0.7553432307825257,0.20135754049591156,-1.2695741817152808
Jehu Rudeforth,USA,Smooth Sliky Salty,2023-07-07,7170.21,151,7170.21,0.42711749903591334,0.19305019305019303,0.3048763269383056,-0.11021232085861185,-0.293511997650754,0.13764823875189286
Madelene Upcott,India,Mint Chip Choco,2023-08-24,4090.16,75,4090.16,0.2434647437899321,0.09523809523809523,-0.43948290107381505,-0.72308668528633,-0.20053815898684174,-0.8220608381164967
Jehu Rudeforth,India,Eclairs,2023-02-24,9574.38,134,9574.38,0.5704698616857827,0.17117117117117117,0.885894857549789,-0.24730263921744355,-0.8012916343877278,0.4515528879957675
Karlen McCaffrey,Canada,Raspberry Choco,2023-05-09,717.9,213,717.9,0.04238851437618481,0.2728442728442729,-1.25446085606031,0.3897641343324214,1.1626426405030819,-0.6114329156035754
Kaine Padly,Australia,70% Dark Bites,2023-02-08,7734.54,227,7734.54,0.46076654998247735,0.2908622908622909,0.44125860746754375,0.5026620435691064,0.043418786055574345,0.6674526932500358
Roddy Speechley,UK,70% Dark Bites,2023-03-24,1606.49,305,1606.49,0.09537207041716673,0.3912483912483913,-1.0397142881736556,1.1316646807449224,1.5353967934481803,0.06501874611989672
Rafaelita Blaksland,USA,Drinking Coco,2023-06-20,9170.09,79,9170.09,0.546363443796983,0.10038610038610038,0.7881896279940936,-0.6908301397901343,-1.04582490730918,0.06884355432187887
Mallorie Waber,Canada,Manuka Honey Choco,2023-03-07,1583.57,122,1583.57,0.09400542989177335,0.1557271557271557,-1.0452533909499215,-0.3440722757060306,0.4958099214288942,-0.9824016001689483
Kaine Padly,Australia,Fruit & Nut Bars,2023-06-20,7684.52,83,7684.52,0.45778402995280126,0.10553410553410553,0.42917021650468085,-0.6585735942939386,-0.769151024809402,-0.16221268406187803
Oby Sorrel,New Zealand,Organic Choco Syrup,2023-02-17,16765.07,261,16765.07,0.9992258983149688,0.33462033462033464,2.6236771848738507,0.7768426802867697,-1.3059092019228062,2.4045306562146482
Madelene Upcott,UK,99% Dark & Pure,2023-01-26,11796.63,45,11796.63,0.702974962364467,0.056628056628056624,1.4229485724082929,-0.9650107765077978,-1.6885422488163784,0.32381092084287344
Madelene Upcott,Australia,Mint Chip Choco,2023-05-02,2766.65,148,2766.65,0.1645484086344611,0.18918918918918917,-0.7593370858650754,-0.1344047299807586,0.44189390662868056,-0.631970898614571
Curtice Advani,Canada,99% Dark & Pure,2023-07-07,13232.74,7,13232.74,0.7886052470469579,0.007722007722007722,1.7700149287792892,-1.2714479587216567,-2.150639032479134,0.35254008540339765
Rafaelita Blaksland,Australia,Baker's Choco Chips,2023-08-22,2820.41,50,2820.41,0.16775393196103824,0.06306306306306306,-0.7463448447982319,-0.9246900946375531,-0.12610913555380154,-1.1816001372746943
Karlen McCaffrey,Australia,After Nines,2023-08-11,2483.32,65,2483.32,0.14765441823045994,0.08236808236808237,-0.827809773020373,-0.8037280490268193,0.017028350338496284,-1.1536714577319005
Marney O'Breen,UK,99% Dark & Pure,2023-01-13,9124.16,209,9124.16,0.5436247963566986,0.2676962676962677,0.77708967203799,0.3575075888362257,-0.29668933629634014,0.8022814170798422
Gunar Cockshoot,Australia,50% Dark Bites,2023-03-02,12728.16,111,12728.16,0.7585188824613125,0.14157014157014156,1.6480724995101683,-0.43277777582056876,-1.4713833403202528,0.859343140261158
Marney O'Breen,Australia,Choco Coated Almonds,2023-07-27,12624.64,41,12624.64,0.7523463420080523,0.05148005148005148,1.6230547019796688,-0.9972673220039934,-1.8528474720513037,0.4424984999617761
Kelci Walkden,New Zealand,Drinking Coco,2023-03-10,17584.16,110,16778.052499999998,1.0000000000000002,0.14028314028314026,2.6268146805890713,-0.4408419121946177,-2.169160779108955,1.545716168020864
Beverie Moffet,USA,85% Dark Bars,2023-08-23,13156.49,360,13156.49,0.784058722611476,0.462033462033462,1.7515875035310224,1.575192181317613,-0.12473032850667132,2.3523884746701165
Roddy Speechley,USA,Eclairs,2023-04-25,4164.1,167,4164.1,0.24787353089497519,0.21364221364221364,-0.4216137361838891,0.018813861126170926,0.31142934067963923,-0.2848225231144088
Dennison Crosswaite,UK,Milk Bars,2023-03-07,5191.445,436,5191.445,0.3091305688775347,0.5598455598455598,-0.17333408776840503,2.188066545745331,1.669762401055782,1.4246309833121134
Wilone O'Kielt,UK,Organic Choco Syrup,2023-07-12,4964.25,56,4964.25,0.29558371485629786,0.07078507078507078,-0.22824056487371616,-0.8763052763932596,-0.45825095216317857,-0.7810318544912751
Madelene Upcott,USA,Orange Choco,2023-05-16,8258.37,132,8258.37,0.4920007256551133,0.16859716859716858,0.567853206389506,-0.2634309119655414,-0.5878066371815331,0.21525906873155728
Gunar Cockshoot,India,Smooth Sliky Salty,2023-03-02,5191.445,70,5191.445,0.3091305688775347,0.08880308880308879,-0.17333408776840503,-0.7634073671565746,-0.4172448172523639,-0.6623762349960026
Marney O'Breen,New Zealand,85% Dark Bars,2023-05-30,1368.27,163,1368.27,0.08116783368247163,0.2084942084942085,-1.0972851897165028,-0.013442684370024768,0.7663923852687056,-0.7854032118195067
Marney O'Breen,UK,Manuka Honey Choco,2023-06-10,12449.46,177,12449.46,0.7419009629836888,0.2265122265122265,1.5807187497830604,0.09945522486666016,-1.0474114831926669,1.1880624110479792
Brien Boise,USA,99% Dark & Pure,2023-07-25,7323.82,339,7323.82,0.43627673337734774,0.435006435006435,0.34199943241222375,1.4058453174625858,0.7522526394565238,1.2359128750977775
Beverie Moffet,New Zealand,Mint Chip Choco,2023-06-09,4560.81,102,4560.81,0.2715279795349756,0.12998712998712997,-0.3257403739512343,-0.5053550031870091,-0.12700672233292828,-0.5876731769872421
Dennison Crosswaite,USA,Milk Bars,2023-05-12,777.46,58,777.46,0.04593987169260845,0.07335907335907335,-1.240066922318844,-0.8601770036451617,0.268622737598556,-1.4850967221950075
Gunar Cockshoot,USA,Drinking Coco,2023-05-09,3857.27,5,3857.27,0.22957831656659597,0.005148005148005148,-0.4957656953829148,-1.2875762314697548,-0.559894599481969,-1.2610131696518025
Brien Boise,Canada,Manuka Honey Choco,2023-08-09,7442.69,179,7442.69,0.44336454137270165,0.22908622908622908,0.3707268821074562,0.115583497614758,-0.18041361734967126,0.34387336726298384
Van Tuxwell,India,Choco Coated Almonds,2023-04-13,5799.3,125,5799.3,0.3453748654116968,0.15958815958815958,-0.026433070400729862,-0.31987986658388384,-0.20749821949857677,-0.24488022615444832
Andria Kimpton,USA,Caramel Stuffed Bars,2023-05-02,8836.9,48,8836.9,0.5264964736113014,0.06048906048906049,0.7076672172600604,-0.9408183673856509,-1.165655335591254,-0.16486275929523936
Dotty Strutley,USA,99% Dark & Pure,2023-08-09,4185.0,315,4185.0,0.24911972578942201,0.4041184041184041,-0.4165628091322331,1.2123060444854117,1.151784212056598,0.562675437801547
Camilla Castle,Australia,Raspberry Choco,2023-08-23,6984.06,174,6984.06,0.4160180167583401,0.22265122265122264,0.25988924221745496,0.07526281574451339,-0.130550598145255,0.23698829291353563
Gunar Cockshoot,India,Spicy Special Slims,2023-05-13,7362.7,179,7362.7,0.4385950136403187,0.22908622908622908,0.35139560675520887,0.115583497614758,-0.1667443414591129,0.3302040913724253
Karlen McCaffrey,USA,Manuka Honey Choco,2023-02-01,10338.27,73,10338.27,0.6160179869450652,0.09266409266409266,1.0705050329320651,-0.7392149580344278,-1.2796652776612631,0.2342574584999278
Camilla Castle,USA,50% Dark Bites,2023-06-23,6215.72,324,6215.72,0.37020455335167557,0.4157014157014157,0.07420363021413266,1.284883271851852,0.856079784446537,0.9610195646726687
Madelene Upcott,UK,Choco Coated Almonds,2023-05-24,10400.66,144,10400.66,0.6197380873979138,0.18404118404118402,1.0855828960302862,-0.1666612754769543,-0.8854703453740953,0.6497757092721989
Jan Morforth,Canada,Mint Chip Choco,2023-04-01,1062.61,217,1062.61,0.06294238241756145,0.277992277992278,-1.1711543936690962,0.4220206798286171,1.1265448980876052,-0.5297175290720734
Camilla Castle,Canada,70% Dark Bites,2023-07-27,10095.71,151,10095.71,0.6015549709834848,0.19305019305019303,1.0118852785947587,-0.11021232085861185,-0.7934428217266205,0.6375790628277666
Ches Bonnell,India,Peanut Butter Cubes,2023-01-27,23251.68,210,16778.052499999998,1.0000000000000002,0.268983268983269,2.6268146805890713,0.36557172521027465,-1.5989402276586415,2.115936719471169
Jan Morforth,India,Choco Coated Almonds,2023-08-12,2669.61,143,2669.61,0.15876224822502943,0.18275418275418273,-0.7827888543384107,-0.17472541185100324,0.42996578357447696,-0.6770648307053986
Gigi Bohling,Canada,Almond Choco,2023-02-01,10265.97,49,10265.97,0.6117069873819786,0.06177606177606177,1.053032208729446,-0.932754231011602,-1.4041630575291861,0.08504937367170198
Rafaelita Blaksland,India,After Nines,2023-03-02,5423.54,203,5423.54,0.322969592993642,0.25997425997426,-0.11724342202418878,0.30912277059193216,0.3014864260675495,0.13567918854190644
Kelci Walkden,Australia,99% Dark & Pure,2023-06-30,3272.68,32,3272.68,0.19472123171756814,0.039897039897039896,-0.6370442334272991,-1.0698445493704338,-0.3060360383030796,-1.2069526330475266
Dotty Strutley,Australia,Spicy Special Slims,2023-01-17,8840.59,92,8840.59,0.5267164955807038,0.1171171171171171,0.7085589838065013,-0.5859963669274983,-0.9153888671253401,0.0866648575151183
Brien Boise,USA,Milk Bars,2023-07-07,14460.51,124,14460.51,0.861812936307963,0.1583011583011583,2.0667315175932504,-0.3279440029579328,-1.6932912993231586,1.2295084426411487
Mallorie Waber,New Zealand,Mint Chip Choco,2023-01-31,1461.99,109,1461.99,0.08675603394599117,0.138996138996139,-1.0746357694638136,-0.4489060485686666,0.4424577288349162,-1.0773067509520509
Beverie Moffet,UK,99% Dark & Pure,2023-08-10,3701.6,131,3701.6,0.22029625153221602,0.1673101673101673,-0.5333866434274748,-0.2714950483395903,0.18518532282240038,-0.5691373023013935
Beverie Moffet,USA,Peanut Butter Cubes,2023-08-18,13951.32,329,13951.32,0.8314516933269395,0.42213642213642216,1.9436749843189556,1.3252039537220965,-0.43732505970245544,2.311446463966711
Brien Boise,New Zealand,White Choc,2023-06-15,5774.92,325,5774.92,0.34392117012334206,0.416988416988417,-0.03232501305715933,1.2929474082259007,0.9371091160087727,0.8913946441394378
Marney O'Breen,USA,Baker's Choco Chips,2023-01-26,9718.87,10,9718.87,0.5790853018914587,0.011583011583011582,0.9208139221284395,-1.2472555495995101,-1.5330566255423708,-0.23082908844635594
Kelci Walkden,USA,Spicy Special Slims,2023-04-29,87.52,69,87.52,0.0048011298038689,0.08751608751608751,-1.4068055160996862,-0.7714715035306235,0.44924898860603224,-1.5402744518834175
Mallorie Waber,Canada,White Choc,2023-03-03,3398.51,74,3398.51,0.20222404050073783,0.09395109395109394,-0.6066347525225197,-0.7311508216603789,-0.08804615685408017,-0.9459572512782662
Kaine Padly,Australia,Almond Choco,2023-02-22,4371.77,375,4371.77,0.2602561765279789,0.48133848133848134,-0.37142588829788814,1.696154226928347,1.4619999201229406,0.9367243914755762
Oby Sorrel,USA,Smooth Sliky Salty,2023-03-04,3632.32,169,3632.32,0.21616532415004966,0.2162162162162162,-0.5501296207546869,0.03494213387426877,0.41370820517884355,-0.3642925655556021
Dennison Crosswaite,India,Smooth Sliky Salty,2023-07-07,3343.85,10,3343.85,0.1989648532791845,0.011583011583011582,-0.6198444976250806,-1.2472555495995101,-0.44364660944251416,-1.320239104546228
Camilla Castle,New Zealand,Caramel Stuffed Bars,2023-06-17,4400.28,364,4400.28,0.2619561294677243,0.4671814671814672,-0.3645358437886675,1.607448726813809,1.3944036622682592,0.8788721280111896
Jan Morforth,Canada,Caramel Stuffed Bars,2023-08-02,10802.13,124,10802.13,0.6436763584157882,0.1583011583011583,1.1826066129407342,-0.3279440029579328,-1.0681205838274592,0.6043377271454401
Oby Sorrel,USA,Baker's Choco Chips,2023-08-12,9154.17,123,9154.17,0.5454141891214044,0.157014157014157,0.7843422232734063,-0.3360081393319817,-0.7922073387030751,0.3170200709920458
Madelene Upcott,New Zealand,Peanut Butter Cubes,2023-01-28,5360.89,340,5360.89,0.3192339896378001,0.4362934362934363,-0.13238411962161709,1.4139094538366346,1.0933946714975147,0.9061752540857877
Kelci Walkden,Australia,Orange Choco,2023-04-29,11597.46,462,11597.46,0.6910991424062384,0.5933075933075933,1.374814929304066,2.3977340914706033,0.7233130761736394,2.667594994948433
Marney O'Breen,Australia,Manuka Honey Choco,2023-04-05,5191.445,238,5191.445,0.3091305688775347,0.305019305019305,-0.17333408776840503,0.5913675436836445,0.5407257091841622,0.2955942914405097
Kaine Padly,Canada,Manuka Honey Choco,2023-01-18,10845.85,146,10845.85,0.6462832311806311,0.1866151866151866,1.1931724756535769,-0.15053300272885647,-0.9501432556817273,0.7372574416378443
Jehu Rudeforth,UK,Baker's Choco Chips,2023-05-16,2832.78,104,2832.78,0.16849151238421087,0.13256113256113256,-0.7433553726628737,-0.48922673043891124,0.17969608621028743,-0.8715671634724496
Kelci Walkden,Australia,White Choc,2023-08-24,8879.72,177,8879.72,0.5290496824811681,0.2265122265122265,0.7180155759371855,0.09945522486666016,-0.437388218815096,0.5780391466703999
Curtice Advani,India,85% Dark Bars,2023-01-18,298.34,399,298.34,0.017371599069289183,0.5122265122265122,-1.355856404088675,1.889693499905521,2.2949503457936467,0.3774798305010083
Kaine Padly,USA,Eclairs,2023-08-22,7799.51,10,7799.51,0.4646404869342578,0.011583011583011582,0.45695998213482114,-1.2472555495995101,-1.2050623590927876,-0.5588233548959436
Gunar Cockshoot,UK,99% Dark & Pure,2023-03-07,8.04,85,8.04,6.201161197247454e-05,0.1081081081081081,-1.426013539165027,-0.6424453215458408,0.5540664002007724,-1.462621287014059
Beverie Moffet,UK,Choco Coated Almonds,2023-03-04,3212.35,66,3212.35,0.19112396195766487,0.08365508365508365,-0.6516242539548786,-0.7956639126527704,-0.10185141942508265,-1.0233872769393135
Dotty Strutley,Canada,Manuka Honey Choco,2023-04-22,12048.56,113,12048.56,0.7179966790992993,0.14414414414414414,1.4838327854285664,-0.41664950307247095,-1.3438439137240068,0.7546125357229229
Kaine Padly,Australia,Milk Bars,2023-06-09,4499.64,91,4499.64,0.2678806234730946,0.11583011583011582,-0.3405233982454832,-0.5940605033015472,-0.17927780626755388,-0.6608506143716846
Jan Morforth,Canada,Fruit & Nut Bars,2023-07-25,9984.16,207,9984.16,0.5949036293339373,0.2651222651222651,0.98492686172336,0.3413793160881279,-0.4550568335346252,0.9378400922601173
Jan Morforth,India,Smooth Sliky Salty,2023-08-03,11867.83,95,11867.83,0.7072203727225826,0.12097812097812097,1.4401555583450354,-0.5618039578053515,-1.4155991495308742,0.6210883730076783
Rafaelita Blaksland,Australia,Manuka Honey Choco,2023-08-03,4806.65,132,4806.65,0.286186570580469,0.16859716859716858,-0.2663279382393143,-0.2634309119655414,0.002048506923457503,-0.3745960753734419
Jehu Rudeforth,UK,Milk Bars,2023-05-03,13420.93,232,13420.93,0.7998263674864772,0.2972972972972973,1.8154950226477657,0.5429827254393509,-0.8998020744993295,1.6676956089499844
Husein Augar,Canada,After Nines,2023-01-19,10407.51,301,10407.51,0.6201465292652325,0.3861003861003861,1.0872383434132453,1.0994081352487266,0.008605342332508151,1.5461925531195655
Roddy Speechley,USA,50% Dark Bites,2023-02-11,10849.39,330,10849.39,0.6464943091675374,0.42342342342342343,1.194027991527398,1.3332680900961453,0.09845761791105703,1.787068197382197
Van Tuxwell,India,Almond Choco,2023-06-14,7247.29,402,7247.29,0.43171351350787324,0.516087516087516,0.32350433924173383,1.9138859090276679,1.124569592669751,1.5820738167119386
Kelci Walkden,USA,50% Dark Bites,2023-03-23,6387.65,227,6387.65,0.3804561460886251,0.2908622908622909,0.11575415117065072,0.5026620435691064,0.273585194409546,0.43728628489606086
Madelene Upcott,Canada,85% Dark Bars,2023-02-17,8373.42,108,8373.42,0.49886076022956827,0.1377091377091377,0.5956574722886939,-0.4569701849427156,-0.7443201544928378,0.09806672134671397
Dennison Crosswaite,Canada,Smooth Sliky Salty,2023-03-17,1887.19,488,1887.19,0.11210924299473753,0.6267696267696267,-0.9718771961449539,2.6074016371958755,2.5309323348127832,1.1564904230634268
Mallorie Waber,Australia,Spicy Special Slims,2023-06-29,6054.04,287,6054.04,0.3605641327519547,0.3680823680823681,0.03513023855328304,0.9865102260120417,0.6727272406172656,0.722408900428711
Ches Bonnell,Canada,Choco Coated Almonds,2023-08-24,16254.61,268,16254.61,0.968788929615479,0.34362934362934366,2.500313729238044,0.8332916349051122,-1.1787626272905998,2.357214958785484
Gigi Bohling,Canada,Spicy Special Slims,2023-07-04,13173.56,301,13173.56,0.7850765478195242,0.3861003861003861,1.7557128300751261,1.0994081352487266,-0.4640775002363007,2.018875395688381
Roddy Speechley,New Zealand,Almond Choco,2023-03-28,2721.46,72,2721.46,0.16185388484115712,0.09137709137709137,-0.7702582051695893,-0.7472790944084768,0.016248685044811664,-1.0730609152351718
Curtice Advani,India,Smooth Sliky Salty,2023-04-19,19283.64,139,16778.052499999998,1.0000000000000002,0.17760617760617758,2.6268146805890713,-0.20698195734719893,-2.0037968191883637,1.7110801279414527
Ches Bonnell,New Zealand,Mint Chip Choco,2023-01-18,9327.52,232,9327.52,0.5557504515593163,0.2972972972972973,0.8262359172640562,0.5429827254393509,-0.20029025273197626,0.9681837871826212
Van Tuxwell,New Zealand,Fruit & Nut Bars,2023-01-17,3184.03,85,3184.03,0.18943533806241442,0.1081081081081081,-0.6584683809454479,-0.6424453215458408,0.011330013956810395,-0.919884900770089
Andria Kimpton,New Zealand,Mint Chip Choco,2023-02-15,9738.74,209,9738.74,0.5802700814394327,0.2676962676962677,0.9256159278947745,0.3575075888362257,-0.40171325899691984,0.9073053397804236
Andria Kimpton,UK,Milk Bars,2023-02-11,16486.65,314,16486.65,0.9826246742713377,0.40283140283140284,2.5563911030689663,1.2042419081113627,-0.9561138649304339,2.659169103759603
Camilla Castle,USA,Manuka Honey Choco,2023-03-21,16792.23,184,16778.052499999998,1.0000000000000002,0.2355212355212355,2.6268146805890713,0.15590417948500263,-1.747197571035723,1.9676793760940898
Gunar Cockshoot,New Zealand,Almond Choco,2023-01-05,5752.62,125,5752.62,0.3425914980589323,0.15958815958815958,-0.03771427971993118,-0.31987986658388384,-0.19952119988898476,-0.25285724576404056
Brien Boise,India,Raspberry Choco,2023-05-30,6833.28,157,6833.28,0.4070275255533307,0.20077220077220076,0.22345006610029192,-0.06182750261431831,-0.20172170335851156,0.11428441063368669
Jehu Rudeforth,USA,99% Dark & Pure,2023-01-04,2815.72,222,2815.72,0.16747428344166237,0.28442728442728443,-0.7474782824954695,0.4623413616988617,0.855471674422506,-0.201622250261939
Beverie Moffet,Australia,Fruit & Nut Bars,2023-04-22,1545.36,269,1545.36,0.09172709941728464,0.34491634491634493,-1.0544876456218726,0.8413557712791611,1.3405637361585945,-0.15070699363474002
Gigi Bohling,Canada,Milk Bars,2023-02-10,3432.73,120,3432.73,0.20426446104083215,0.15315315315315314,-0.5983647657422485,-0.36020054845412847,0.16840753308041104,-0.677808033878473
Dotty Strutley,India,Spicy Special Slims,2023-08-12,1001.99,217,1001.99,0.059327820958165876,0.277992277992278,-1.1858044988304068,0.4220206798286171,1.136904086792264,-0.5400767177767323
Gunar Cockshoot,USA,Organic Choco Syrup,2023-08-10,2494.19,315,2494.19,0.14830255882867222,0.4041184041184041,-0.8251828076112102,1.2123060444854117,1.4407221839095177,0.27373746594862364
Kelci Walkden,Australia,Raspberry Choco,2023-06-07,770.25,61,770.25,0.04550996426729927,0.0772200772200772,-1.24180937131609,-0.835984594523015,0.28696145164388964,-1.4692222031533229
Jehu Rudeforth,India,Baker's Choco Chips,2023-06-06,2261.98,73,2261.98,0.13445667765931807,0.09266409266409266,-0.8813012655377681,-0.7392149580344278,0.10047019154936056,-1.1458780107107156
Karlen McCaffrey,New Zealand,Baker's Choco Chips,2023-04-05,5667.58,204,5667.58,0.337520856249183,0.26126126126126126,-0.0582659943837031,0.31718690696598106,0.2654852925605266,0.18308473307793613
Wilone O'Kielt,USA,50% Dark Bites,2023-04-18,4738.71,125,4738.71,0.28213554277526715,0.15958815958815958,-0.28274707622445844,-0.31987986658388384,-0.026256847867531335,-0.42612159778549635
Andria Kimpton,India,50% Dark Bites,2023-01-31,13661.89,15,13661.89,0.8141939809680997,0.018018018018018018,1.8737281031437967,-1.2069348677292655,-2.1783576772546343,0.47149401841094873
Madelene Upcott,USA,Baker's Choco Chips,2023-08-22,6067.19,151,6067.19,0.36134822188410665,0.19305019305019303,0.038308214186262735,-0.11021232085861185,-0.10501987747568564,-0.05084388142317814
Jehu Rudeforth,Australia,99% Dark & Pure,2023-02-25,11720.99,204,11720.99,0.698464810124469,0.26126126126126126,1.4046685665620124,0.31718690696598106,-0.768965655916346,1.2175356815548237
Jan Morforth,Australia,Mint Chip Choco,2023-02-22,19999.55,106,16778.052499999998,1.0000000000000002,0.13513513513513511,2.6268146805890713,-0.4730984576908134,-2.191969601166967,1.522907345962852
Oby Sorrel,New Zealand,Milk Bars,2023-01-12,4484.03,201,4484.03,0.26694985302800767,0.2574002574002574,-0.34429588490942364,0.2929944978438343,0.45063235122979856,-0.03627555867835728
Brien Boise,UK,Almond Choco,2023-05-25,107.24,129,107.24,0.005976965369346976,0.16473616473616473,-1.4020397610059705,-0.2876233210876882,0.7880114217319794,-1.194772223268994
Kelci Walkden,India,Smooth Sliky Salty,2023-02-01,2525.98,8,2525.98,0.15019808685233085,0.009009009009009009,-0.8175000817273754,-1.263383822347608,-0.31528741661340076,-1.4714071194333558
Rafaelita Blaksland,UK,Eclairs,2023-04-27,1577.84,67,1577.84,0.093663769760425,0.08494208494208494,-1.046638166643988,-0.7875997762787214,0.18316780241491845,-1.2970020877503123
Gigi Bohling,USA,Smooth Sliky Salty,2023-07-22,2972.07,129,2972.07,0.1767968945300243,0.16473616473616473,-0.7096929980683676,-0.2876233210876882,0.29844833072624893,-0.7052091322632562
Curtice Advani,New Zealand,Mint Chip Choco,2023-01-26,3691.63,284,3691.63,0.2197017748289799,0.36422136422136425,-0.5357961048009202,0.9623178168898949,1.0593265130175498,0.3015963949414027
Curtice Advani,USA,Mint Chip Choco,2023-08-24,5188.89,293,5188.89,0.3089782230423524,0.3758043758043758,-0.17395155755869107,1.0348950442563352,0.8547836295577234,0.6087789776622882
Madelene Upcott,New Zealand,Fruit & Nut Bars,2023-01-18,5766.51,21,5766.51,0.34341971083806466,0.02574002574002574,-0.034357467435361576,-1.1585500494849719,-0.7949241981268999,-0.8435129945427682
Karlen McCaffrey,India,85% Dark Bars,2023-03-30,1036.77,82,1036.77,0.06140163236624536,0.10424710424710423,-1.177399176205689,-0.6666377306679876,0.3611628817083426,-1.3039310016086452
Ches Bonnell,Australia,Caramel Stuffed Bars,2023-01-17,10033.52,163,10033.52,0.5978467958406308,0.2084942084942085,0.9968557497266971,-0.013442684370024768,-0.7143888737719375,0.6953780472211576
Kelci Walkden,USA,Fruit & Nut Bars,2023-02-17,5220.69,154,5220.69,0.3108743473315107,0.1969111969111969,-0.1662664149633485,-0.08601991173646507,0.05674284659823597,-0.17839337241008332
Kelci Walkden,Canada,Peanut Butter Cubes,2023-04-08,8106.62,47,8106.62,0.4829523966966296,0.0592020592020592,0.5311796092560699,-0.9488825037596998,-1.0465619566907434,-0.29536054922475835
Gigi Bohling,Canada,Drinking Coco,2023-07-06,3934.09,86,3934.09,0.2341588281355628,0.10939510939510938,-0.4772005175786937,-0.6343811851717919,-0.11114351592651414,-0.7860069598577567
Husein Augar,India,Fruit & Nut Bars,2023-04-04,4508.93,231,4508.93,0.2684345541223487,0.29601029601029605,-0.33827827325457965,0.534918589065302,0.6174434226572052,0.13904570076442174
Jan Morforth,New Zealand,Organic Choco Syrup,2023-03-02,1921.57,226,1921.57,0.1141592037828276,0.2895752895752896,-0.9635685419805552,0.4945979071950574,1.0310793843107824,-0.33161231603419267
Gigi Bohling,New Zealand,Raspberry Choco,2023-08-09,1161.31,181,1161.31,0.06882752289994919,0.23166023166023164,-1.1473014510854382,0.13171177036285586,0.9043989221133346,-0.7181303501420251
Dennison Crosswaite,Australia,Milk Bars,2023-06-09,5191.445,282,5191.445,0.3091305688775347,0.36164736164736166,-0.17333408776840503,0.9461895441417971,0.7916227518222999,0.5464913340786438
Ches Bonnell,UK,Caramel Stuffed Bars,2023-06-02,3032.3,313,3032.3,0.18038820163493022,0.4015444015444016,-0.6951371446558678,1.1961777717373137,1.337361602740889,0.3542892250592408
Van Tuxwell,USA,Fruit & Nut Bars,2023-07-05,6871.55,238,6871.55,0.4093094336208179,0.305019305019305,0.232698821041291,0.5913675436836445,0.25361708597992905,0.5827029146447469
Andria Kimpton,Canada,Eclairs,2023-08-11,339.99,124,339.99,0.019855044875686848,0.1583011583011583,-1.3457908006579824,-0.3279440029579328,0.7197263728627082,-1.1835092295447531
Madelene Upcott,India,Choco Coated Almonds,2023-02-11,3720.22,141,3720.22,0.2214064978927232,0.18018018018018017,-0.5288867265996358,-0.19085368459910107,0.2390254562636913,-0.5089333254526227
Kelci Walkden,New Zealand,Spicy Special Slims,2023-08-11,731.19,69,731.19,0.04318095122533307,0.08751608751608751,-1.2512490464662185,-0.7714715035306235,0.3392539540707687,-1.4302794173481523
Roddy Speechley,Australia,Drinking Coco,2023-05-12,13288.65,112,13288.65,0.7919389674559781,0.14285714285714285,1.7835267628203462,-0.42471363944651985,-1.5614617629330036,0.9608259739029167
Wilone O'Kielt,USA,Milk Bars,2023-07-15,5332.79,101,5332.79,0.3175584835835438,0.1287001287001287,-0.13917507895901124,-0.513419139561058,-0.2646305130705,-0.4614537972786747
Andria Kimpton,India,Organic Choco Syrup,2023-01-18,5191.445,131,5191.445,0.3091305688775347,0.1673101673101673,-0.17333408776840503,-0.2714950483395903,-0.06941028086767287,-0.3145416986113167
Madelene Upcott,UK,Fruit & Nut Bars,2023-01-05,9538.21,198,9538.21,0.5683131693732401,0.25353925353925355,0.8771536120254636,0.26880208872168754,-0.4301694874732605,0.8103130469376957
Curtice Advani,Australia,50% Dark Bites,2023-06-29,547.85,221,547.85,0.03224901955318547,0.28314028314028317,-1.2955570352533299,0.4542772253248128,1.2373196716073485,-0.5948746584757931
Brien Boise,Canada,Raspberry Choco,2023-06-14,2994.76,47,2994.76,0.1781498209489238,0.0592020592020592,-0.704209479656785,-0.9488825037596998,-0.17300995451659903,-1.168912551398915
Gunar Cockshoot,India,Mint Chip Choco,2023-08-08,4451.38,71,4451.38,0.2650030461713718,0.09009009009009009,-0.3521864479829437,-0.7553432307825257,-0.2850748949989423,-0.78314174622042
Dennison Crosswaite,India,Mint Chip Choco,2023-03-23,14691.77,143,14691.77,0.8756021722548423,0.18275418275418273,2.1226203879265513,-0.17472541185100324,-1.6244687937531315,1.3773697466222394
Barr Faughny,India,Caramel Stuffed Bars,2023-01-04,7042.98,107,7042.98,0.41953121308278063,0.1364221364221364,0.2741285064224106,-0.4650343213167645,-0.5226670478953958,-0.13499079627973767
Brien Boise,India,Milk Bars,2023-02-22,15583.0,248,15583.0,0.9287431423877542,0.3178893178893179,2.3380049676513095,0.6720089074241337,-1.1780371116166928,2.1284012225314517
Beverie Moffet,UK,Spicy Special Slims,2023-02-17,9059.82,268,9059.82,0.5397884241314015,0.34362934362934366,0.7615405501957148,0.8332916349051122,0.0507356785555132,1.1277166529393534
Barr Faughny,USA,Almond Choco,2023-02-03,430.59,85,430.59,0.02525721030328896,0.1081081081081081,-1.3238953943957794,-0.6424453215458408,0.48185796755224825,-1.390412854365534
Van Tuxwell,Canada,Raspberry Choco,2023-03-17,1264.25,137,1264.25,0.0749654799542247,0.17503217503217502,-1.1224238228224008,-0.22311023009529676,0.6359107398305651,-0.9514362531355274
Wilone O'Kielt,Australia,Baker's Choco Chips,2023-01-25,2995.47,156,2995.47,0.17819215579940498,0.19948519948519947,-0.7040378931397193,-0.06989163898836723,0.44840911657446486,-0.5472508203283052
Brien Boise,Australia,Milk Bars,2023-07-27,2117.82,56,2117.82,0.1258609142151335,0.07078507078507078,-0.9161405786366552,-0.8763052763932596,0.0281678123469115,-1.2674506190013721
Husein Augar,Australia,Fruit & Nut Bars,2023-01-28,8081.79,54,8081.79,0.4814718694607868,0.0682110682110682,0.5251789145817818,-0.8924335491413574,-1.0024033861932022,-0.25968824251925604
Madelene Upcott,Australia,Organic Choco Syrup,2023-07-05,5191.445,49,5191.445,0.3091305688775347,0.06177606177606177,-0.17333408776840503,-0.932754231011602,-0.5369911330569295,-0.7821225508005666
Van Tuxwell,India,White Choc,2023-03-15,2183.68,46,2183.68,0.1297879187963904,0.05791505791505791,-0.9002241166451687,-0.9569466401337487,-0.04010888100479781,-1.3132180359397245
Gunar Cockshoot,Canada,After Nines,2023-08-04,3125.34,191,3125.34,0.18593585584446776,0.24453024453024452,-0.6726520607857204,0.21235313410334508,0.6257931746913777,-0.3254804924300015
Jan Morforth,USA,Fruit & Nut Bars,2023-06-27,4891.86,380,4891.86,0.29126734890371375,0.4877734877734878,-0.24573513947990686,1.7364749087985916,1.401634166873847,1.0541121998697012
Jan Morforth,Canada,After Nines,2023-07-13,4881.32,183,4881.32,0.2906388850669927,0.23423423423423423,-0.24828235340930663,0.1478400431109537,0.2801008327593418,-0.07102343873001071
Barr Faughny,New Zealand,Manuka Honey Choco,2023-02-24,5917.62,238,5917.62,0.3524298788045653,0.305019305019305,0.0021614601615642212,0.5913675436836445,0.41663161717483305,0.41968838344984055
Karlen McCaffrey,New Zealand,85% Dark Bars,2023-06-28,6312.53,60,6312.53,0.3759769996546133,0.07593307593307592,0.09759981432278447,-0.8440487308970639,-0.665846071819406,-0.5278190907190197
Oby Sorrel,Australia,85% Dark Bars,2023-06-30,7956.28,27,7956.28,0.4739881411736086,0.03346203346203346,0.4948467684452576,-1.1101652312406785,-1.1349148688637094,-0.4350958576319162
Curtice Advani,Canada,Choco Coated Almonds,2023-08-18,5895.88,7,5895.88,0.35113359760814067,0.007722007722007722,-0.0030924706567612413,-1.2714479587216567,-0.8968627665658674,-0.901236180509887
Kaine Padly,India,70% Dark Bites,2023-01-24,13535.7,296,13535.7,0.8066697066269396,0.37966537966537967,1.8432316206247308,1.059087453378482,-0.5544736580876864,2.052249498394737
Beverie Moffet,USA,White Choc,2023-03-11,5639.9,129,5639.9,0.33587039334591556,0.16473616473616473,-0.06495545183776252,-0.2876233210876882,-0.15744996029898387,-0.24931084123801686
Ches Bonnell,New Zealand,After Nines,2023-06-23,5813.44,356,5813.44,0.34621798482832256,0.4568854568854569,-0.023015840328461247,1.5429356358214175,1.1072949077946705,1.0747455942527318
Husein Augar,India,Spicy Special Slims,2023-08-22,2514.82,32,2514.82,0.14953265455462622,0.039897039897039896,-0.8201971317702693,-1.0698445493704338,-0.1765273818907961,-1.3364612894598125
Gunar Cockshoot,Canada,50% Dark Bites,2023-01-04,3044.01,22,3044.01,0.1810864285351203,0.027027027027027025,-0.6923071754800356,-1.1504859131109229,-0.3239812923743019,-1.3030514892663667
Curtice Advani,India,Milk Bars,2023-04-05,3902.04,214,3902.04,0.23224779720891103,0.27413127413127414,-0.4849460779617357,0.3978282707064703,0.6242157282008255,-0.061601592272305196
Beverie Moffet,India,Milk Bars,2023-04-15,1928.74,354,1928.74,0.11458672614613784,0.4543114543114543,-0.961835759829341,1.5268073630733197,1.7597364281577401,0.3994952518316401
Husein Augar,Australia,White Choc,2023-05-11,3251.53,241,3251.53,0.19346013018562794,0.3088803088803089,-0.6421555782666543,0.6155599528057912,0.8893391808249659,-0.018805947113280153
Andria Kimpton,Canada,Manuka Honey Choco,2023-07-21,5031.94,495,5031.94,0.29961983602400627,0.6357786357786357,-0.21188184467627127,2.6638505918142177,2.0334499067205494,1.7338037283587104
Jan Morforth,New Zealand,Orange Choco,2023-02-11,1350.26,89,1350.26,0.0800939595174483,0.11325611325611325,-1.1016376871423559,-0.610188776049645,0.3475068576403916,-1.2104441003376503
Andria Kimpton,Canada,Smooth Sliky Salty,2023-07-08,1187.71,75,1187.71,0.07040166381925048,0.09523809523809523,-1.1409213327043988,-0.72308668528633,0.29545371260399683,-1.3180527097073425
Gunar Cockshoot,UK,Raspberry Choco,2023-08-11,7055.38,334,7055.38,0.4202705823024525,0.4285714285714286,0.2771252286922928,1.3655246355923412,0.7696146012584486,1.1615288581508212
Husein Augar,New Zealand,After Nines,2023-08-04,7231.89,8,7231.89,0.4307952646382809,0.009009009009009009,0.31978260351946103,-1.263383822347608,-1.119467715477479,-0.6672268205692661
Andria Kimpton,New Zealand,Orange Choco,2023-06-14,9295.83,93,9295.83,0.5538608861906551,0.1184041184041184,0.818577358495301,-0.5779322305534494,-0.987481400408409,0.17016180182719468
Dennison Crosswaite,UK,Baker's Choco Chips,2023-01-17,2276.94,296,2276.94,0.1353486908469221,0.37966537966537967,-0.8776858651218459,1.059087453378482,1.3695055471327553,0.12827029317426733
Jehu Rudeforth,Canada,Orange Choco,2023-06-23,4229.79,548,4229.79,0.2517903989627366,0.703989703989704,-0.40573835828803806,3.0912498196388105,2.472744054341277,1.8989433652753083
Jehu Rudeforth,UK,Smooth Sliky Salty,2023-08-24,1640.53,119,1640.53,0.09740175817826581,0.15186615186615185,-1.0314878022005276,-0.36826468482817737,0.46896956373366294,-0.9897744755607353
Andria Kimpton,UK,Caramel Stuffed Bars,2023-06-07,8234.5,294,8234.5,0.49057743990724506,0.3770913770913771,0.5620845160199828,1.0429591806303842,0.3400297362468296,1.134937282002196
Jan Morforth,UK,White Choc,2023-06-22,10087.04,46,10087.04,0.6010380087952144,0.05791505791505791,1.0097899897173497,-0.9569466401337487,-1.3906928077756884,0.0373658908311855
Dotty Strutley,USA,Fruit & Nut Bars,2023-07-13,3169.26,281,3169.26,0.18855465391930534,0.36036036036036034,-0.6620378638427187,0.9381254077677482,1.1314863003614135,0.19522337451051908
Kelci Walkden,UK,Choco Coated Almonds,2023-05-24,10355.42,215,10355.42,0.6170405822771112,0.2754182754182754,1.0746496931682326,0.40589240708051927,-0.47288281196052684,1.0469013589180691
Gunar Cockshoot,New Zealand,After Nines,2023-08-09,7772.63,140,7772.63,0.46303772527096926,0.17889317889317888,0.4504638616013993,-0.19891782097315,-0.4591821913267928,0.17786991110886521
Kaine Padly,Canada,85% Dark Bars,2023-04-06,1992.77,31,1992.77,0.11840461414094317,0.03861003861003861,-0.9463615560438128,-1.0779086857444826,-0.09301786745698024,-1.431375214922635
Jan Morforth,New Zealand,Manuka Honey Choco,2023-07-28,1815.56,266,1815.56,0.10783819322013333,0.3410553410553411,-0.9891881006765388,0.8171633621570144,1.277283368575844,-0.12163985913900763
Gunar Cockshoot,New Zealand,Raspberry Choco,2023-08-24,727.11,50,727.11,0.04293767490144105,0.06306306306306306,-1.2522350647614702,-0.9246900946375531,0.23160926951815566,-1.5393185423466569
Van Tuxwell,Australia,99% Dark & Pure,2023-01-17,114.96,132,114.96,0.006437282335142652,0.16859716859716858,-1.4001740597218182,-0.2634309119655414,0.8037987882457962,-1.1763463566957921
Curtice Advani,USA,Drinking Coco,2023-02-07,5378.09,142,5378.09,0.32025956629734487,0.18146718146718147,-0.12822737582790975,-0.18278954822505217,-0.03858128209829062,-0.2199221760616305
Brien Boise,Australia,Spicy Special Slims,2023-05-09,6707.63,269,6707.63,0.3995354495491563,0.34491634491634493,0.19308408600265628,0.8413557712791611,0.4583973047102528,0.7314594378136141
Mallorie Waber,New Zealand,85% Dark Bars,2023-06-06,8167.18,102,8167.18,0.4865633805630268,0.12998712998712997,0.5458152141483328,-0.5053550031870091,-0.7432895888591571,0.028609689538995595
Wilone O'Kielt,USA,Choco Coated Almonds,2023-06-06,9950.14,6,9950.14,0.5928751341038376,0.0064350064350064354,0.9767052091732479,-1.2795120950957057,-1.5953865556790108,-0.2141168024257398
Beverie Moffet,New Zealand,Organic Choco Syrup,2023-05-24,7229.26,215,7229.26,0.4306384468118505,0.2754182754182754,0.31914700839286503,0.40589240708051927,0.06133825964877443,0.5126802873087603
Gunar Cockshoot,UK,50% Dark Bites,2023-01-13,2260.21,128,2260.21,0.1343511386658649,0.16344916344916344,-0.8817290234746787,-0.2956874574617371,0.4143939653849286,-0.832559177950944
Marney O'Breen,USA,Raspberry Choco,2023-05-23,6206.9,149,6206.9,0.369678647180909,0.19047619047619047,0.07207209066410349,-0.12634059360670968,-0.1402989545213179,-0.038373626435557924
Jehu Rudeforth,UK,White Choc,2023-06-29,1889.83,286,1889.83,0.11226665708666765,0.3667953667953668,-0.97123918430685,0.9784460896379928,1.3786356783859495,0.005096051631010731
Jehu Rudeforth,New Zealand,85% Dark Bars,2023-03-11,7797.24,88,7797.24,0.4645051346658179,0.11196911196911195,0.45641138862251196,-0.6182529124236941,-0.7599024147688747,-0.11443923895737443
Dotty Strutley,USA,85% Dark Bars,2023-04-25,11644.92,536,11644.92,0.6939290184679824,0.6885456885456885,1.3862846421208892,2.9944801831502237,1.137165972535833,3.0976685147326966
Rafaelita Blaksland,Australia,Smooth Sliky Salty,2023-05-30,4207.22,255,4207.22,0.25044462772983395,0.32689832689832693,-0.41119287616152495,0.7284578620424762,0.8058547651683053,0.22434022294946912
Curtice Advani,India,Manuka Honey Choco,2023-05-23,1683.88,169,1683.88,0.09998656911961848,0.2162162162162162,-1.02101135781348,0.03494213387426877,0.7466718745900146,-0.6972562349667779
Mallorie Waber,USA,Peanut Butter Cubes,2023-05-23,1337.36,18,1337.36,0.07932477702278971,0.021879021879021878,-1.1047552449876366,-1.1827424586071187,-0.055145287596191486,-1.6175051381605061
Van Tuxwell,Canada,Peanut Butter Cubes,2023-06-24,7147.04,300,7147.04,0.42573595187302654,0.38481338481338484,0.29927680637434045,1.0913439988746778,0.5600760829723858,0.9833174014506741
Kelci Walkden,New Zealand,Smooth Sliky Salty,2023-03-11,12030.46,296,12030.46,0.7169174385447783,0.37966537966537967,1.4794585375991418,1.059087453378482,-0.29724724426715715,1.7950230845742041
Rafaelita Blaksland,USA,Smooth Sliky Salty,2023-07-27,15844.58,232,15844.58,0.9443402553298311,0.2972972972972973,2.401221307276774,0.5429827254393509,-1.3139731022797003,2.081866636730361
Rafaelita Blaksland,USA,White Choc,2023-08-16,5025.84,133,5025.84,0.2992561140691678,0.16988416988416988,-0.21335603869613248,-0.25536677559149246,-0.029706076941355467,-0.3314370804796221
Roddy Speechley,Canada,Smooth Sliky Salty,2023-03-07,9902.03,12,9902.03,0.5900065007846109,0.014157014157014158,0.9650784101084073,-1.231127276851412,-1.5529519341297497,-0.18812495780096367
Curtice Advani,New Zealand,After Nines,2023-04-05,7944.07,33,7944.07,0.47326010099843174,0.04118404118404118,0.4918959636940269,-1.0617804129963848,-1.0986151017271382,-0.40296915859445065
Camilla Castle,India,85% Dark Bars,2023-05-04,9523.65,55,9523.65,0.5674450068056254,0.06949806949806948,0.8736348800698602,-0.8843694127673085,-1.2430967568202231,-0.007590460863225419
Ches Bonnell,USA,Choco Coated Almonds,2023-01-04,16240.71,93,16240.71,0.9679601205708468,0.1184041184041184,2.496954500241966,-0.5779322305534494,-2.1742732587259628,1.3569536601447654
Marney O'Breen,Australia,Baker's Choco Chips,2023-01-13,5891.94,109,5891.94,0.3508986690012449,0.138996138996139,-0.004044654990901315,-0.4489060485686666,-0.3145645080869379,-0.3202845140301858
Wilone O'Kielt,New Zealand,Fruit & Nut Bars,2023-07-11,6924.52,94,6924.52,0.41246785197291597,0.11969111969111967,0.24550014189900507,-0.5698680941794004,-0.5765524088951561,-0.22936277865705781
Kaine Padly,Australia,Mint Chip Choco,2023-05-17,4552.57,158,4552.57,0.27103665676319366,0.20205920205920205,-0.32773174423380125,-0.05376336624026939,0.19372489790990352,-0.2697577796057278
Camilla Castle,New Zealand,Peanut Butter Cubes,2023-07-21,1724.91,60,1724.91,0.10243304646503255,0.07593307593307592,-1.0110955904962817,-0.8440487308970639,0.11811996719851454,-1.3117851297369516
Curtice Advani,Canada,Organic Choco Syrup,2023-02-22,897.3,21,897.3,0.05308551744143667,0.02574002574002574,-1.2111050516073387,-1.1585500494849719,0.03716199838598669,-1.675599191055667
Jan Morforth,India,99% Dark & Pure,2023-05-23,10283.9,178,10283.9,0.612776091423004,0.2277992277992278,1.0573653724632353,0.10751936124070909,-0.6716425556184361,0.8236978945027496
Rafaelita Blaksland,Canada,Drinking Coco,2023-07-12,10415.77,200,10415.77,0.620639044568014,0.25611325611325614,1.089234547118828,0.2849303614697854,-0.5687289438091552,0.971681325331605
Jan Morforth,UK,Orange Choco,2023-06-15,4220.83,193,4220.83,0.25125614507497374,0.24710424710424708,-0.40790373179917866,0.22848140685144294,0.44999224698619467,-0.12687074266680332
Barr Faughny,New Zealand,50% Dark Bites,2023-06-23,4909.86,304,4909.86,0.29234062680323736,0.38996138996138996,-0.2413850587655619,1.1236005443708734,0.9651905761997871,0.6238205523392918
Curtice Advani,Australia,Eclairs,2023-03-25,6549.62,53,6549.62,0.3901138583878383,0.06692406692406691,0.15489762746523145,-0.9004976855154063,-0.7462771826411115,-0.5272188571003567
Jan Morforth,India,Caramel Stuffed Bars,2023-07-04,88.72,165,88.72,0.004872681663837139,0.21106821106821105,-1.4065155107187297,0.002685588378073078,0.9964556532268777,-0.9926576577196697
Andria Kimpton,UK,White Choc,2023-05-12,9793.16,110,9793.16,0.5835149582889924,0.14028314028314026,0.9387676719211441,-0.4408419121946177,-0.9755312923182055,0.3520866812300973
Camilla Castle,New Zealand,Raspberry Choco,2023-04-04,4823.65,143,4823.65,0.28720022193001904,0.18275418275418273,-0.26221952867576626,-0.17472541185100324,0.06186768332071549,-0.3089667304516318
Madelene Upcott,Australia,Orange Choco,2023-04-15,7556.55,404,7556.55,0.4501536203526882,0.5186615186615187,0.39824355933719613,1.9300141817757657,1.0831253943486625,1.6463268370910407
Roddy Speechley,Canada,Eclairs,2023-03-08,7082.03,95,7082.03,0.42185962985924713,0.12097812097812097,0.2835657648610312,-0.5618039578053515,-0.5977666635071918,-0.19674411301601552
Karlen McCaffrey,India,White Choc,2023-01-17,8361.47,231,8361.47,0.49814822295738453,0.29601029601029605,0.5927695020366703,0.534918589065302,-0.0409067728598818,0.7973958962815182
Wilone O'Kielt,India,Mint Chip Choco,2023-08-22,1310.5,52,1310.5,0.07772320789050062,0.06563706563706563,-1.1112465320980423,-0.9085618218894552,0.1433197330313117,-1.428220183801799
Andria Kimpton,UK,99% Dark & Pure,2023-07-25,1288.1,67,1288.1,0.07638757317109347,0.08494208494208494,-1.1166599658758938,-0.7875997762787214,0.23268069148268178,-1.3465149768180764
Marney O'Breen,UK,50% Dark Bites,2023-06-14,3288.29,133,3288.29,0.195652002162655,0.16988416988416988,-0.6332717467633587,-0.25536677559149246,0.2672191677597288,-0.6283623251807107
Ches Bonnell,India,Choco Coated Almonds,2023-04-05,10669.09,85,10669.09,0.6357436422073094,0.1081081081081081,1.1504546830387095,-0.6424453215458408,-1.2677717512311253,0.3592168644178649
Madelene Upcott,UK,Raspberry Choco,2023-08-26,7361.93,344,7361.93,0.43854910119683915,0.44144144144144143,0.35120951996909533,1.4461659993328304,0.7742511516622537,1.2709364180370784
Wilone O'Kielt,Australia,50% Dark Bites,2023-08-03,10336.22,123,10336.22,0.6158957525176193,0.157014157014157,1.0700096070729312,-0.3360081393319817,-0.994204682951538,0.5190174152405116
Gigi Bohling,Canada,White Choc,2023-07-11,6985.95,4,6985.95,0.4161307109377901,0.003861003861003861,0.26034600069246105,-1.2956403678438035,-1.1002485126258283,-0.7320636675369416
Wilone O'Kielt,New Zealand,Eclairs,2023-03-11,3394.46,21,3394.46,0.20198255297334503,0.02574002574002574,-0.6076135206832475,-1.1585500494849719,-0.38957095551908605,-1.2488662371505879
Brien Boise,UK,Peanut Butter Cubes,2023-01-10,15337.23,31,15337.23,0.914088725200759,0.03861003861003861,2.278609448919945,-1.0779086857444826,-2.3734167341968315,0.8490236518172491
Roddy Speechley,UK,Baker's Choco Chips,2023-04-04,15925.17,378,15925.17,0.9491455589921981,0.4851994851994852,2.420697585319499,1.7203466360504938,-0.49522290543852865,2.928160450124092
Karlen McCaffrey,Australia,50% Dark Bites,2023-01-17,7355.77,772,7355.77,0.43818180164900217,0.9922779922779922,0.3497208256801862,4.89761636742577,3.2158477776963954,3.7104277124175833
Marney O'Breen,New Zealand,Organic Choco Syrup,2023-07-08,9489.27,54,9489.27,0.5653950460175353,0.0682110682110682,0.8653262259054616,-0.8924335491413574,-1.2429238566325462,-0.019167772079908732
Jan Morforth,UK,Organic Choco Syrup,2023-04-12,1281.32,354,1281.32,0.07598330516227292,0.4543114543114543,-1.1182984962782971,1.5268073630733197,1.8703722901038,0.2888593898855789
Rafaelita Blaksland,Canada,Fruit & Nut Bars,2023-08-24,518.07,192,518.07,0.030473340894973656,0.24581724581724582,-1.302754002124063,0.220417270477394,1.0770447357650277,-0.7653276424746517
Ches Bonnell,UK,Choco Coated Almonds,2023-06-07,1933.56,239,1933.56,0.11487412611701026,0.30630630630630634,-0.9606709048824997,0.5994316800576934,1.1031591171578703,-0.25543470550420033
Gunar Cockshoot,Canada,Almond Choco,2023-07-28,1308.52,30,1308.52,0.07760514732155302,0.03732303732303732,-1.1117250409766202,-1.0859728221185316,0.018209568585143065,-1.554007061993767
Husein Augar,USA,99% Dark & Pure,2023-02-21,9878.5,111,9878.5,0.5886034880637337,0.14157014157014156,0.9593918879301552,-0.43277777582056876,-0.98441260980033,0.37237240974122837
Dennison Crosswaite,Canada,Mint Chip Choco,2023-04-08,1943.7,297,1943.7,0.11547873933374189,0.380952380952381,-0.9582203594134188,1.067151589752531,1.4321542396802587,0.07702601165576967
Brien Boise,UK,Manuka Honey Choco,2023-06-28,80.62,103,80.62,0.00438970660905152,0.13127413127413126,-1.4084730470401852,-0.49729086681296014,0.6443030985350038,-1.347578586826179
Van Tuxwell,UK,Baker's Choco Chips,2023-03-24,2678.37,20,2678.37,0.15928457680279756,0.02445302445302445,-0.7806718150574296,-1.1666141858590209,-0.27290246754102826,-1.3769391361576537
Barr Faughny,Australia,Caramel Stuffed Bars,2023-07-29,2931.1,60,2931.1,0.17435399477760863,0.07593307593307592,-0.7195942651165185,-0.8440487308970639,-0.08800259670238073,-1.105662565836053
Dennison Crosswaite,USA,Eclairs,2023-05-25,2316.09,90,2316.09,0.13768307027838594,0.11454311454311453,-0.8682244395681455,-0.6021246396755962,0.18816097297639742,-1.0396938046446473
Gigi Bohling,Australia,Raspberry Choco,2023-03-30,5191.445,330,5191.445,0.3091305688775347,0.42342342342342343,-0.17333408776840503,1.3332680900961453,1.0653286165184501,0.8201971987747901
Dennison Crosswaite,USA,Organic Choco Syrup,2023-07-18,14528.51,134,14528.51,0.8658675417061632,0.17117117117117117,2.0831651558474427,-0.24730263921744355,-1.647889581227233,1.298150834835285
Beverie Moffet,Canada,Orange Choco,2023-05-10,9390.28,104,9390.28,0.5594926138356553,0.13256113256113256,0.8414031986880723,-0.48922673043891124,-0.9408974461354637,0.24902636887331744
Mallorie Waber,Australia,Choco Coated Almonds,2023-03-18,16230.41,94,16230.41,0.9673459671061194,0.11969111969111967,2.4944652873887576,-0.5698680941794004,-2.1668109139231384,1.3608957263709478
Ches Bonnell,India,Caramel Stuffed Bars,2023-06-15,5191.445,55,5191.445,0.3091305688775347,0.06949806949806948,-0.17333408776840503,-0.8843694127673085,-0.502777899969911,-0.7479093177135485
Van Tuxwell,Canada,50% Dark Bites,2023-05-12,15567.58,57,15567.58,0.9278237009871624,0.07207207207207206,2.334278398506021,-0.8682411400192106,-2.2645232825735966,1.0366448869481752
Kelci Walkden,New Zealand,Baker's Choco Chips,2023-06-23,2964.2,105,2964.2,0.1763276335817326,0.13384813384813385,-0.7115949500251397,-0.48116259406486234,0.16294028150429832,-0.8434069477374541
Beverie Moffet,India,Spicy Special Slims,2023-04-21,3357.08,186,3357.08,0.19975371253533433,0.23809523809523808,-0.6166471883000372,0.17203245223310046,0.5576807220047479,-0.314390094888402
Gigi Bohling,Australia,Almond Choco,2023-08-17,1010.37,127,1010.37,0.05982749144694408,0.16216216216216214,-1.1837792945867285,-0.303751593835786,0.6222735548329893,-1.051843178428014
Rafaelita Blaksland,New Zealand,Eclairs,2023-02-07,20470.43,54,16778.052499999998,1.0000000000000002,0.0682110682110682,2.6268146805890713,-0.8924335491413574,-2.4884842879211297,1.2263926592086933
Kelci Walkden,Canada,Smooth Sliky Salty,2023-03-17,8762.75,115,8762.75,0.5220751649307639,0.1467181467181467,0.6897473014284673,-0.4005212303243731,-0.7709362721167328,0.20451371617365313
Jan Morforth,India,Baker's Choco Chips,2023-08-01,14613.52,85,14613.52,0.8709363947194133,0.1081081081081081,2.1037096203766907,-0.6424453215458408,-1.9418247816223642,1.0332698948091135
Jehu Rudeforth,Australia,Milk Bars,2023-03-18,9839.46,31,9839.46,0.5862756675527669,0.03861003861003861,0.9499570462030423,-1.0779086857444826,-1.4339176103959175,-0.09047547198367933
Gigi Bohling,Canada,Fruit & Nut Bars,2023-06-14,6633.23,103,6633.23,0.3950992342311254,0.13127413127413126,0.17510375238336368,-0.49729086681296014,-0.4754547948670687,-0.2278206934240904
Beverie Moffet,UK,Eclairs,2023-04-22,9749.07,169,9749.07,0.5808860237006592,0.2162162162162162,0.9281123908825069,0.03494213387426877,-0.6315667454846517,0.6809823851079083
Marney O'Breen,New Zealand,Eclairs,2023-01-18,5254.38,31,5254.38,0.31288316580011905,0.03861003861003861,-0.15812451389299942,-1.0779086857444826,-0.650385625144243,-0.8740074572353645
Husein Augar,Australia,99% Dark & Pure,2023-08-26,3430.43,123,3430.43,0.204127319975893,0.157014157014157,-0.5989206093890815,-0.3360081393319817,0.18590719043587553,-0.6610944581469189
Gunar Cockshoot,New Zealand,Fruit & Nut Bars,2023-06-10,10454.55,434,10454.55,0.6229513621759875,0.5572715572715572,1.0986065543467334,2.1719382729972336,0.7589601367203965,2.3126244255895
Curtice Advani,Canada,70% Dark Bites,2023-01-31,2413.87,7,2413.87,0.14351335433479803,0.007722007722007722,-0.8445938344432207,-1.2714479587216567,-0.30183144585473837,-1.4962675012210245
Kelci Walkden,New Zealand,Manuka Honey Choco,2023-04-08,1445.14,108,1445.14,0.08575132657893715,0.1377091377091377,-1.078707928354742,-0.4569701849427156,0.4396349744862576,-1.0858884076323985
Dotty Strutley,Australia,Baker's Choco Chips,2023-06-07,4022.64,71,4022.64,0.23943875913571916,0.09009009009009009,-0.4558005371756246,-0.7553432307825257,-0.21180866990433045,-0.8564079713150329
Barr Faughny,Australia,85% Dark Bars,2023-02-10,8651.2,43,8651.2,0.5154238232812164,0.05405405405405405,0.6627888845570686,-0.9811390492558956,-1.1624325897811387,-0.2251075602503865
Beverie Moffet,Australia,50% Dark Bites,2023-05-16,725.16,453,725.16,0.04282140312899266,0.5817245817245816,-1.2527063235055242,2.325156864104163,2.5299313221165316,0.7583370497444585
Gunar Cockshoot,India,Baker's Choco Chips,2023-03-18,2385.4,540,2385.4,0.14181578645705153,0.6936936936936936,-0.8514742121064095,3.0267367286464193,2.7423092550781956,1.5381428763063358
Van Tuxwell,Australia,50% Dark Bites,2023-07-13,726.04,131,726.04,0.042873874492969366,0.1673101673101673,-1.252493652892823,-0.2714950483395903,0.6936707656141231,-1.0776227450931235
Oby Sorrel,USA,Manuka Honey Choco,2023-07-25,4742.35,83,4742.35,0.28235258341717084,0.10553410553410553,-0.2818673932355575,-0.6585735942939386,-0.2663715092834092,-0.664992199587878
Van Tuxwell,Canada,Choco Coated Almonds,2023-08-19,2556.96,312,2556.96,0.1520453173705109,0.40025740025740025,-0.8100131094756862,1.1881136353632649,1.412888970945826,0.2673574458252964
Karlen McCaffrey,Canada,70% Dark Bites,2023-06-24,8376.69,646,8376.69,0.4990557390479818,0.83011583011583,0.5964477369518001,3.8815351842956054,2.3229076108076323,3.1664120896515695
Kelci Walkden,Canada,Fruit & Nut Bars,2023-06-20,840.71,162,840.71,0.04971125097843443,0.2072072072072072,-1.2247812220309375,-0.02150682074407369,0.8508434887781178,-0.8812587263579263
Camilla Castle,India,99% Dark & Pure,2023-08-02,207.87,216,207.87,0.011977185093183629,0.2767052767052767,-1.3777203931012743,0.41395654345456817,1.2669069115341707,-0.6814839535476471
Madelene Upcott,New Zealand,70% Dark Bites,2023-02-22,13370.34,94,13370.34,0.7968098603233161,0.11969111969111967,1.8032688791289484,-0.5698680941794004,-1.6780612465108462,0.8721460589586483
Mallorie Waber,New Zealand,Orange Choco,2023-02-01,6811.37,25,6811.37,0.40572110784341064,0.03088803088803089,0.21815505118633097,-1.1262935039887763,-0.9506686903207794,-0.6421508582328618
Jan Morforth,Canada,70% Dark Bites,2023-02-14,6096.52,300,6096.52,0.3630970685948304,0.38481338481338484,0.045396429039137244,1.0913439988746778,0.739596619396306,0.803796865026751
Kelci Walkden,Australia,Milk Bars,2023-02-24,8684.58,120,8684.58,0.5174141575193328,0.15315315315315314,0.6708558675706704,-0.36020054845412847,-0.7290669835570318,0.21966648275898298
Dennison Crosswaite,India,Orange Choco,2023-03-18,873.26,140,873.26,0.05165209518007294,0.17889317889317888,-1.2169148260724971,-0.19891782097315,0.7198325855333374,-1.001144865751282
Husein Augar,UK,Eclairs,2023-08-30,1912.66,253,1912.66,0.11362793122256343,0.32432432432432434,-0.9657218319341558,0.7123295892943783,1.1865615391304185,-0.17917537307066228
Gigi Bohling,USA,Peanut Butter Cubes,2023-05-09,321.61,76,321.61,0.018759108887173307,0.09652509652509651,-1.3502327164096302,-0.7150225489122811,0.44916141691600736,-1.460356002990349
Wilone O'Kielt,USA,Smooth Sliky Salty,2023-01-18,511.12,96,511.12,0.030058936372657597,0.12226512226512226,-1.3044336166221018,-0.5537398214313026,0.5308206731740698,-1.313927038668287
Curtice Advani,India,White Choc,2023-07-04,7887.15,335,7887.15,0.46986615777393825,0.42985842985842987,0.47814004179066494,1.37358877196639,0.6331778693121474,1.3093700011261304
Oby Sorrel,New Zealand,Spicy Special Slims,2023-06-03,1793.67,13,1793.67,0.10653296804121269,0.015444015444015444,-0.9944782821674839,-1.2230631404773633,-0.16163390338749356,-1.5680385775142343
Beverie Moffet,New Zealand,Peanut Butter Cubes,2023-02-23,12129.42,29,12129.42,0.7228180819301592,0.036036036036036036,1.5033743146820073,-1.0940369584925804,-1.836647124792133,0.2894452203545299
Dotty Strutley,New Zealand,99% Dark & Pure,2023-05-09,11749.75,213,11749.75,0.7001796697017079,0.2728442728442729,1.4116190288589325,0.3897641343324214,-0.7225605253083514,1.273770250207885
Kelci Walkden,India,70% Dark Bites,2023-06-06,3967.25,101,3967.25,0.23613604453268514,0.1287001287001287,-0.46918670221826714,-0.513419139561058,-0.03127705639350158,-0.6948072539556762
Kelci Walkden,India,Drinking Coco,2023-07-04,8105.37,255,8105.37,0.4828778635091627,0.32689832689832693,0.5308775203175736,0.7284578620424762,0.13971039946284022,0.8904845886549438
Brien Boise,New Zealand,Drinking Coco,2023-06-06,1614.17,106,1614.17,0.09583000232096348,0.13513513513513511,-1.037858253735535,-0.4730984576908134,0.3993454815247462,-1.068407736728899
Dotty Strutley,Australia,Almond Choco,2023-05-13,1613.3,91,1613.3,0.09577812722248649,0.11583011583011582,-1.0380685076367282,-0.5940605033015472,0.3139610707665039,-1.1540894914057496
Wilone O'Kielt,New Zealand,Organic Choco Syrup,2023-01-31,2155.64,281,2155.64,0.12811599033513252,0.36036036036036034,-0.9070005757135149,0.9381254077677482,1.3047010950630988,0.022008579808831516
Ches Bonnell,New Zealand,Caramel Stuffed Bars,2023-06-30,8184.37,43,8184.37,0.4875883609570718,0.05405405405405405,0.5499695412305321,-0.9811390492558956,-1.0826572670659318,-0.30488288296559424
Barr Faughny,Canada,Manuka Honey Choco,2023-08-25,3613.32,251,3613.32,0.21503241970055254,0.32175032175032175,-0.5547213726198287,0.6962013165462805,0.884535916249468,0.10004142775228021
Gigi Bohling,New Zealand,Smooth Sliky Salty,2023-01-10,801.09,101,801.09,0.047348847068483045,0.1287001287001287,-1.2343562330255125,-0.513419139561058,0.5097795075976266,-1.2358638179468122
Brien Boise,USA,Manuka Honey Choco,2023-08-22,2069.48,8,2069.48,0.12297856678941291,0.009009009009009009,-0.9278229620661794,-1.263383822347608,-0.23727735980580078,-1.5494171762409568
Roddy Speechley,New Zealand,85% Dark Bars,2023-04-14,5096.21,284,5096.21,0.3034520343908053,0.36422136422136425,-0.19634963981455172,0.9623178168898949,0.8193016157758882,0.5416212921830674
Oby Sorrel,UK,Smooth Sliky Salty,2023-05-31,10573.5,338,10573.5,0.6300439402953393,0.4337194337194337,1.1273533377340297,1.3977811810885368,0.19122136185763794,1.785539741667665
Oby Sorrel,UK,Raspberry Choco,2023-04-08,4611.37,322,4611.37,0.27454269790163743,0.41312741312741313,-0.313521480566941,1.268754999103754,1.1188384284871313,0.6754520985740581
Roddy Speechley,USA,Drinking Coco,2023-02-21,3288.77,148,3288.77,0.1956806229066423,0.18918918918918917,-0.6331557446109762,-0.1344047299807586,0.3526702245686938,-0.542747216554583
Andria Kimpton,Australia,Manuka Honey Choco,2023-03-30,10883.13,394,10883.13,0.6485061089636444,0.5057915057915058,1.2021819761552865,1.8493728180352764,0.4576330330151867,2.1577750881344633
Mallorie Waber,India,Raspberry Choco,2023-03-02,1516.56,2,1516.56,0.09000985477804688,0.001287001287001287,-1.0614477747648245,-1.3117686405919013,-0.1770035816988262,-1.6781174205219698
Jehu Rudeforth,USA,Orange Choco,2023-07-28,5191.445,184,5191.445,0.3091305688775347,0.2355212355212355,-0.17333408776840503,0.15590417948500263,0.2328066114009931,-0.012324806342655056
Kaine Padly,New Zealand,70% Dark Bites,2023-03-24,7969.08,38,7969.08,0.47475136101326987,0.047619047619047616,0.4979401591754585,-1.0214597311261402,-1.0743779657663595,-0.370184239410198
Curtice Advani,Australia,After Nines,2023-08-11,63.71,109,63.71,0.003381421648999072,0.138996138996139,-1.4125597062001614,-0.4489060485686666,0.6814060360264398,-1.316255058143578
Husein Augar,UK,Almond Choco,2023-05-17,8832.33,175,8832.33,0.5262239802779224,0.22393822393822393,0.7065627801009184,0.08332695211856231,-0.44069428024473284,0.5585363860420242
Kaine Padly,Canada,Choco Coated Almonds,2023-05-18,3542.19,180,3542.19,0.2107911832009351,0.23037323037323035,-0.5719114415760153,0.12364763398880693,0.4918345390477296,-0.3169703781054203
Roddy Speechley,UK,Peanut Butter Cubes,2023-08-17,6052.07,173,6052.07,0.3604466684485068,0.22136422136422135,0.034654146386213,0.06719867937046446,0.0230124599637138,0.07202082377555835
Ches Bonnell,New Zealand,Eclairs,2023-04-04,543.2,54,543.2,0.031971756095808546,0.0682110682110682,-1.2966808061045358,-0.8924335491413574,0.2858459766747129,-1.54793760538719
Brien Boise,India,85% Dark Bars,2023-08-09,18894.92,201,16778.052499999998,1.0000000000000002,0.2574002574002574,2.6268146805890713,0.2929944978438343,-1.65026007728917,2.0646168698406417
Brien Boise,New Zealand,Organic Choco Syrup,2023-01-17,5191.445,331,5191.445,0.3091305688775347,0.4247104247104247,-0.17333408776840503,1.3413322264701943,1.0710308220329534,0.8258994042892932
Andria Kimpton,Canada,White Choc,2023-02-14,4435.95,31,4435.95,0.2640830085052802,0.03861003861003861,-0.35591543383974056,-1.0779086857444826,-0.5105263243927778,-1.0138667579868317
Gigi Bohling,New Zealand,Orange Choco,2023-05-16,9111.34,324,9111.34,0.5428603839860379,0.4157014157014157,0.7739914478847733,1.284883271851852,0.3612550731798952,1.4558442759393175
Ches Bonnell,Canada,Smooth Sliky Salty,2023-03-16,10369.71,129,10369.71,0.6178926456762329,0.16473616473616473,1.0781031739131206,-0.2876233210876882,-0.9657144658612036,0.5589536643242143
Husein Augar,Canada,70% Dark Bites,2023-01-31,5833.2,290,5833.2,0.3473962054557996,0.37194337194337196,-0.018240418388713625,1.0107026351341886,0.7275726106008416,0.7017767635321532
Barr Faughny,Canada,Organic Choco Syrup,2023-03-10,1229.96,219,1229.96,0.07292088555563225,0.2805662805662806,-1.130710726583228,0.43814895257671493,1.1093513178641428,-0.4897151267905983
Oby Sorrel,UK,Organic Choco Syrup,2023-06-30,8839.72,170,8839.72,0.5266646204822267,0.2175032175032175,0.7083487299053077,0.04300627024831769,-0.470468165034791,0.5312882156870513
Van Tuxwell,New Zealand,Eclairs,2023-03-01,5747.66,176,5747.66,0.3422957503710635,0.2252252252252252,-0.038912968627884015,0.09139108849261124,0.09213888240602149,0.03710763442026845
Mallorie Waber,UK,Drinking Coco,2023-05-27,3666.04,107,3666.04,0.21817593141515718,0.1364221364221364,-0.541980469549814,-0.4650343213167645,0.0544091432017695,-0.712066987376911
Oby Sorrel,UK,Milk Bars,2023-07-11,5191.445,220,5191.445,0.3091305688775347,0.28185328185328185,-0.17333408776840503,0.44621308895076384,0.43808600992310576,0.19295459217945474
Karlen McCaffrey,New Zealand,Mint Chip Choco,2023-03-02,4361.01,59,4361.01,0.25961459485026367,0.07464607464607463,-0.3740262698804633,-0.8521128672711128,-0.3380582750093375,-0.8670112985580993
Jehu Rudeforth,USA,Raspberry Choco,2023-03-04,7686.15,141,7686.15,0.45788122122925806,0.18018018018018017,0.42956414048047964,-0.19085368459910107,-0.43870165128277977,0.16879378209385812
Kelci Walkden,UK,85% Dark Bars,2023-06-23,4188.43,235,4188.43,0.24932424485583127,0.30115830115830117,-0.4157338770849995,0.5671751345614977,0.6950216274246058,0.10708514011304486
Kelci Walkden,USA,Almond Choco,2023-01-27,5425.24,234,5425.24,0.32307095812859693,0.2998712998712999,-0.11683258106783401,0.5591109981874488,0.47796428859091905,0.3127380679177287
Marney O'Breen,Canada,Orange Choco,2023-01-14,2896.97,456,2896.97,0.17231894062701195,0.5855855855855855,-0.727842501493218,2.3493492732263097,2.175903170915653,1.1465784340323608
Dennison Crosswaite,India,Fruit & Nut Bars,2023-07-29,1071.31,23,1071.31,0.06346113340233119,0.028314028314028312,-1.1690518546571629,-1.142421776736874,0.018830308680950238,-1.6344586792926177
Brien Boise,Canada,Smooth Sliky Salty,2023-05-13,6417.05,497,6417.05,0.382209166657847,0.6383526383526383,0.12285928300408094,2.6799788645623157,1.808156596424749,1.9819058607125275
Barr Faughny,Canada,Baker's Choco Chips,2023-02-03,10967.31,172,10967.31,0.6535254719404164,0.22007722007722005,1.2225258536293733,0.05913454299641554,-0.8226418849220634,0.9062707576323413
Brien Boise,India,Smooth Sliky Salty,2023-05-27,6345.02,28,6345.02,0.3779142662632534,0.03474903474903475,0.10545171001217728,-1.1021010948666294,-0.8538687769706453,-0.7047375384959782
Jan Morforth,Australia,Drinking Coco,2023-02-18,2824.71,25,2824.71,0.16801032612592445,0.03088803088803089,-0.745305658849805,-1.1262935039887763,-0.26939908884742636,-1.3234204597062245
Brien Boise,India,Spicy Special Slims,2023-01-28,1463.67,34,1463.67,0.08685620654994672,0.04247104247104247,-1.0742297619304748,-1.0537162766223358,0.014505224567144634,-1.504685073859743
Van Tuxwell,UK,Eclairs,2023-06-29,5856.52,115,5856.52,0.3487866966011824,0.1467181467181467,-0.012604647152128792,-0.4005212303243731,-0.27429844649581153,-0.2921241094472753
Wilone O'Kielt,India,Caramel Stuffed Bars,2023-01-13,4303.86,282,4303.86,0.2562069375192762,0.36164736164736166,-0.3878377761485087,0.9461895441417971,0.9432997644653962,0.39481432143554546
Jehu Rudeforth,UK,After Nines,2023-06-27,2047.77,169,2047.77,0.1216840743894875,0.2162162162162162,-0.933069642749981,0.03494213387426877,0.6844876915194399,-0.6350720518962023
Barr Faughny,Canada,White Choc,2023-03-29,5191.445,1,5191.445,0.3091305688775347,0.0,-0.17333408776840503,-1.3198327769659504,-0.8106969977530798,-1.0558284154967132
Gunar Cockshoot,India,Organic Choco Syrup,2023-06-03,7302.42,153,7302.42,0.43500072520791416,0.1956241956241956,0.33682766978516926,-0.094084048110514,-0.30470059781678116,0.17164566097593278
Mallorie Waber,Canada,Smooth Sliky Salty,2023-03-21,2056.92,103,2056.92,0.12222965732174533,0.13127413127413126,-0.9308583517201889,-0.49729086681296014,0.3065785086798901,-1.0098539969710605
Mallorie Waber,India,Eclairs,2023-04-12,5191.445,49,5191.445,0.3091305688775347,0.06177606177606177,-0.17333408776840503,-0.932754231011602,-0.5369911330569295,-0.7821225508005666
Rafaelita Blaksland,Australia,Raspberry Choco,2023-01-19,7773.64,247,7773.64,0.4630979480864425,0.31660231660231664,0.45070794946370424,0.6639447710500848,0.1507812025424011,0.7881784973433327
Karlen McCaffrey,UK,50% Dark Bites,2023-04-06,3843.01,295,3843.01,0.2287280419639734,0.3783783783783784,-0.4992119259932791,1.0510233170044332,1.09618185275806,0.3901895765199605
Kaine Padly,Australia,50% Dark Bites,2023-08-02,9163.79,81,9163.79,0.5459877965321498,0.10296010296010295,0.786667099744073,-0.6747018670420365,-1.033343906230036,0.07917137530074718
Gigi Bohling,Australia,Eclairs,2023-04-12,7628.59,146,7628.59,0.4544491170127815,0.1866151866151866,0.4156535490406078,-0.15053300272885647,-0.40035435017281523,0.18746853612892442
Oby Sorrel,India,Drinking Coco,2023-07-21,18220.59,139,16778.052499999998,1.0000000000000002,0.17760617760617758,2.6268146805890713,-0.20698195734719893,-2.0037968191883637,1.7110801279414527
Van Tuxwell,New Zealand,Baker's Choco Chips,2023-03-22,9828.94,24,9828.94,0.5856483962470455,0.029601029601029602,0.9474146656966588,-1.134357640362825,-1.4720353145010188,-0.13218864508162056
Husein Augar,India,Peanut Butter Cubes,2023-05-09,4726.65,5,4726.65,0.2814164465825863,0.005148005148005148,-0.2856616303030696,-1.2875762314697548,-0.7084606086547864,-1.1124471604789834
Andria Kimpton,Australia,Baker's Choco Chips,2023-08-09,344.82,118,344.82,0.020143041112059012,0.15057915057915056,-1.344623528999633,-0.3763288212022263,0.6846877540705838,-1.2168970769266658
Madelene Upcott,Canada,Choco Coated Almonds,2023-07-20,3451.24,283,3451.24,0.20536814848084223,0.36293436293436293,-0.5938914327409971,0.954253680515846,1.0947039078447311,0.25481458908521476
Brien Boise,India,70% Dark Bites,2023-04-14,5071.49,439,5071.49,0.3019780660754596,0.5637065637065637,-0.20232375066225217,2.2122589548674783,1.7073678048158427,1.4212388126390711
Jehu Rudeforth,Canada,White Choc,2023-01-25,5191.445,132,5191.445,0.3091305688775347,0.16859716859716858,-0.17333408776840503,-0.2634309119655414,-0.06370807535316975,-0.30883949309681363
Andria Kimpton,Australia,Almond Choco,2023-04-25,3430.58,174,3430.58,0.20413626395838905,0.22265122265122264,-0.598884358716462,0.07526281574451339,0.4766940385791033,-0.37025634381083145
Dotty Strutley,Canada,After Nines,2023-01-17,268.3,239,268.3,0.015580417508084246,0.30630630630630634,-1.363116205458615,0.5994316800576934,1.3877309182518978,-0.5400065065982318
Karlen McCaffrey,USA,Eclairs,2023-08-15,991.46,133,991.46,0.05869995338694457,0.16988416988416988,-1.1883492960482986,-0.25536677559149246,0.659718266943517,-1.0208614243645044
Karlen McCaffrey,Canada,Fruit & Nut Bars,2023-06-02,213.45,17,213.45,0.012309901242035943,0.02059202059202059,-1.3763718680798274,-1.1908065949811675,0.1312144629607829,-1.815269299746489
Gunar Cockshoot,USA,85% Dark Bars,2023-06-30,7586.38,131,7586.38,0.45193228033839866,0.1673101673101673,0.4054526097654689,-0.2714950483395903,-0.47867427955443936,0.09472230007545573
Dotty Strutley,New Zealand,Raspberry Choco,2023-02-10,6192.19,99,6192.19,0.3688015406307983,0.12612612612612611,0.06851710803588046,-0.5295474123091558,-0.42289547792305754,-0.32599765448412726
Marney O'Breen,Canada,Caramel Stuffed Bars,2023-02-23,1510.58,602,1510.58,0.08965328800920515,0.7734877734877734,-1.0628929682465902,3.5267131838374524,3.2453416331141356,1.7421839820687772
Dennison Crosswaite,India,Organic Choco Syrup,2023-01-27,8693.31,209,8693.31,0.5179346973006017,0.2676962676962677,0.6729656567171275,0.3575075888362257,-0.22306253897858683,0.728654619762088
Camilla Castle,UK,Mint Chip Choco,2023-05-26,5191.445,307,5191.445,0.3091305688775347,0.3938223938223938,-0.17333408776840503,1.1477929534930202,0.9341778896848784,0.6890464719412203
Brien Boise,USA,70% Dark Bites,2023-04-14,1863.2,22,1863.2,0.11067880206087247,0.027027027027027025,-0.9776748870525727,-1.1504859131109229,-0.12219584838967541,-1.5048369332509957
Madelene Upcott,Australia,99% Dark & Pure,2023-08-01,4822.5,159,4822.5,0.28713165139754954,0.20334620334620332,-0.26249745049918266,-0.045699229866220464,0.15329949195874307,-0.21792796262556047
Mallorie Waber,Australia,Eclairs,2023-08-22,5191.445,229,5191.445,0.3091305688775347,0.29343629343629346,-0.17333408776840503,0.5187903163172042,0.48940585955363397,0.2442744418099822
Marney O'Breen,India,99% Dark & Pure,2023-07-22,11252.11,159,11252.11,0.6705071133728788,0.20334620334620332,1.2913537973763425,-0.045699229866220464,-0.9454392623692118,0.8808107917024102
Husein Augar,USA,Fruit & Nut Bars,2023-04-28,1387.72,27,1387.72,0.08232757007945686,0.03346203346203346,-1.0925846858335024,-1.1101652312406785,-0.01243132287438327,-1.5575794036212585
Kelci Walkden,Australia,Almond Choco,2023-05-30,5509.22,341,5509.22,0.3280783957953743,0.4375804375804376,-0.09653703782390673,1.4219735902106836,1.0737491623871083,0.9372251742252009
Ches Bonnell,USA,Milk Bars,2023-07-21,2444.25,155,2444.25,0.14532480892299396,0.19819819819819817,-0.8372518648820095,-0.07795577536241616,0.5369034138277275,-0.6471495286105755
Jan Morforth,UK,Caramel Stuffed Bars,2023-08-02,3175.62,507,3175.62,0.188933878777137,0.6512226512226512,-0.6605008353236502,2.760620228302805,2.419097903350411,1.485008664076919
Brien Boise,New Zealand,70% Dark Bites,2023-06-15,7900.42,143,7900.42,0.47065740209208706,0.18275418275418273,0.4813470179617405,-0.17472541185100324,-0.463913264070125,0.21681421693921624
Oby Sorrel,India,85% Dark Bars,2023-07-05,9072.46,142,9072.46,0.5405421037230669,0.18146718146718147,0.7645952735417879,-0.18278954822505217,-0.6699022318645385,0.41139877370462646
Kaine Padly,New Zealand,Smooth Sliky Salty,2023-04-12,8.06,513,8.06,6.320414297194529e-05,0.6589446589446589,-1.426008705742011,2.8090050465470986,2.9946069426619215,0.9779260909394375
Gigi Bohling,Australia,70% Dark Bites,2023-08-18,1548.54,104,1548.54,0.09191671184620048,0.13256113256113256,-1.0537191313623382,-0.48922673043891124,0.3991564046212224,-1.0910274818833878
Jan Morforth,UK,50% Dark Bites,2023-01-12,5501.67,298,5501.67,0.3276282153430741,0.38223938223938225,-0.09836165501242368,1.0752157261265798,0.8298445244505435,0.6907401379144998
Gunar Cockshoot,Canada,White Choc,2023-08-11,7685.42,15,7685.42,0.4578376938477774,0.018018018018018018,0.429387720540398,-1.2069348677292655,-1.1570547983742063,-0.5498088604694947
Jehu Rudeforth,Australia,Spicy Special Slims,2023-01-13,5147.77,402,5147.77,0.3065263793074407,0.516087516087516,-0.1838890752794613,1.9138859090276679,1.4833509168070822,1.223292492574602
Husein Augar,UK,Baker's Choco Chips,2023-04-29,3070.43,143,3070.43,0.18266176198542103,0.18275418275418273,-0.6859222236759805,-0.17472541185100324,0.36147073216238035,-0.608569779293301
Rafaelita Blaksland,New Zealand,After Nines,2023-07-07,1127.5,88,1127.5,0.06681154924534403,0.11196911196911195,-1.1554723526938826,-0.6182529124236941,0.37987150920028245,-1.2542131629265478
Madelene Upcott,New Zealand,Mint Chip Choco,2023-03-11,8502.77,4,8502.77,0.5065734544686448,0.003861003861003861,0.6269176356442785,-1.2956403678438035,-1.3594538014908963,-0.4728583786718702
Madelene Upcott,UK,70% Dark Bites,2023-02-16,5961.02,241,5961.02,0.35501767107341664,0.3088803088803089,0.012649988106151628,0.6155599528057912,0.42632172448406,0.4442115092276321
Barr Faughny,Australia,Organic Choco Syrup,2023-01-07,2478.33,33,2478.33,0.147356881746092,0.04118404118404118,-0.8290157120628497,-1.0617804129963848,-0.16458949845097112,-1.336994761870631
Beverie Moffet,New Zealand,Drinking Coco,2023-01-12,1269.56,497,1269.56,0.07528209693458417,0.6383526383526383,-1.1211405490116693,2.6799788645623157,2.6877973134380055,1.1022651436992585
Beverie Moffet,India,Eclairs,2023-06-09,11130.52,144,11130.52,0.6632571211615969,0.18404118404118402,1.2619690021509422,-0.1666612754769543,-1.0101941571191002,0.7744995210172056
Andria Kimpton,India,Eclairs,2023-05-16,2455.09,83,2455.09,0.1459711607247071,0.10553410553410553,-0.8346321496073706,-0.6585735942939386,0.12449219834802698,-1.0558559072193199
Gigi Bohling,UK,85% Dark Bars,2023-06-23,12764.94,100,12764.94,0.7607119469693391,0.1274131274131274,1.65696116443648,-0.5214832759351069,-1.5403928362248769,0.8029041148467144
Roddy Speechley,UK,Raspberry Choco,2023-01-28,13351.42,198,13351.42,0.7956817259978168,0.25353925353925355,1.7986964609558702,0.26880208872168754,-1.0817986851059163,1.461942244570361
Dotty Strutley,UK,Mint Chip Choco,2023-07-14,2763.22,223,2763.22,0.16434388956805188,0.2857142857142857,-0.7601660179123091,0.47040549807291065,0.8701454636881572,-0.2048916284985841
Barr Faughny,Canada,Drinking Coco,2023-04-18,6523.34,245,6523.34,0.38854687265453386,0.31402831402831405,0.14854650962228788,0.647816498301987,0.35303719463834987,0.5631136831893686
Oby Sorrel,USA,Milk Bars,2023-06-14,1868.25,82,1868.25,0.11097991613823881,0.10424710424710423,-0.9764544477410481,-0.6666377306679876,0.21907350156730654,-1.1618416214676073
Oby Sorrel,UK,Orange Choco,2023-04-15,8431.83,251,8431.83,0.5023435470135224,0.32175032175032175,0.6097734842067433,0.6962013165462805,0.061113706330547135,0.9234636376712129
Curtice Advani,Canada,Peanut Butter Cubes,2023-05-19,5646.99,64,5646.99,0.33629314558522794,0.08108108108108107,-0.06324200337861216,-0.8117921854008682,-0.5293049097663663,-0.6187426086560363
Gigi Bohling,India,White Choc,2023-04-13,1484.67,180,1484.67,0.08810836409939092,0.23037323037323035,-1.069154667763739,0.12364763398880693,0.8434385961841425,-0.6685744352418383
Husein Augar,Canada,Choco Coated Almonds,2023-08-15,3859.95,395,3859.95,0.22973811572052502,0.507078507078507,-0.49511801669877903,1.8574369544093254,1.6635075731846696,0.9633049589939694
Wilone O'Kielt,India,Choco Coated Almonds,2023-08-22,3237.3,227,3237.3,0.19261164437950454,0.2908622908622909,-0.6455945587424948,0.5026620435691064,0.811940030036757,-0.10106855073115789
Wilone O'Kielt,New Zealand,Baker's Choco Chips,2023-04-22,4072.43,64,4072.43,0.24240756505890138,0.08108108108108107,-0.44376773057744484,-0.8117921854008682,-0.2602325876481314,-0.8878149307742751
Kaine Padly,UK,Choco Coated Almonds,2023-08-03,8054.87,118,8054.87,0.47986672273549924,0.15057915057915056,0.518673127202328,-0.3763288212022263,-0.6328619468920323,0.10065262403596949
Dennison Crosswaite,New Zealand,Organic Choco Syrup,2023-01-04,420.3,224,420.3,0.024643653104061306,0.287001287001287,-1.32638219053748,0.47846963444695956,1.2762229644834084,-0.5995647182648349
Kelci Walkden,Canada,After Nines,2023-01-13,17073.99,218,16778.052499999998,1.0000000000000002,0.2792792792792793,2.6268146805890713,0.43008481620266603,-1.5533225835426165,2.161554363587194
Van Tuxwell,Australia,Baker's Choco Chips,2023-05-11,13624.31,33,13624.31,0.8119532152200943,0.04118404118404118,1.8646461012968476,-1.0617804129963848,-2.069296032900852,0.567711772579277
Husein Augar,New Zealand,Peanut Butter Cubes,2023-02-16,2318.46,235,2318.46,0.13782438520182322,0.30115830115830117,-0.8676516789407568,0.5671751345614977,1.0145757696557283,-0.21246900211808198
Kaine Padly,UK,Caramel Stuffed Bars,2023-05-20,10740.05,67,10740.05,0.6399747421934312,0.08494208494208494,1.16760366789926,-0.7875997762787214,-1.3825376139775423,0.2687033286421707
Jehu Rudeforth,UK,Drinking Coco,2023-02-03,7624.67,422,7624.67,0.45421538093688524,0.5418275418275418,0.4147061981294838,2.0751686365086464,1.1741242500834679,1.7606073798783473
Beverie Moffet,India,Manuka Honey Choco,2023-05-06,10168.32,159,10168.32,0.6058844547770631,0.20334620334620332,1.0294330208541247,-0.045699229866220464,-0.7602333051567066,0.6956048344899023
Gunar Cockshoot,UK,Choco Coated Almonds,2023-06-30,6635.15,141,6635.15,0.3952137172070746,0.18018018018018017,0.1755677609928938,-0.19085368459910107,-0.2590990889502774,-0.01080878023864678
Gunar Cockshoot,UK,Smooth Sliky Salty,2023-03-22,860.12,158,860.12,0.05086860231342071,0.20205920205920205,-1.220090384993969,-0.05376336624026939,0.824717744041824,-0.9007506257376572
Camilla Castle,Canada,Orange Choco,2023-02-17,8671.21,52,8671.21,0.5166169505461866,0.06563706563706563,0.667624724284515,-0.9085618218894552,-1.1145321952146188,-0.17036825555585017
Jehu Rudeforth,UK,85% Dark Bars,2023-07-07,5534.11,63,5534.11,0.3295625006242155,0.07979407979407978,-0.09052184288057098,-0.8198563217749171,-0.5157173557793537,-0.6437345736720551
Oby Sorrel,UK,70% Dark Bites,2023-03-16,6800.26,187,6800.26,0.4050586568732047,0.23938223938223938,0.21547008470097703,0.1800965886071494,-0.025012838962219577,0.2797078771075801
Kelci Walkden,UK,99% Dark & Pure,2023-08-12,3927.83,123,3927.83,0.23378556593272845,0.157014157014157,-0.4787133789826826,-0.3360081393319817,0.10090784266785777,-0.5760951103788998
Gigi Bohling,New Zealand,After Nines,2023-01-21,5833.8,196,5833.8,0.34743198138578374,0.25096525096525096,-0.018095415698235372,0.2526738159735897,0.1914627598518197,0.16587197755459393
Oby Sorrel,Australia,50% Dark Bites,2023-05-06,733.08,147,733.08,0.043293645404783046,0.18790218790218788,-1.2507922879912126,-0.14246886635480754,0.7837030071869718,-0.9851844102018734
Oby Sorrel,Canada,50% Dark Bites,2023-06-24,7164.51,140,7164.51,0.4267776277010642,0.17889317889317888,0.30349880137876306,-0.19891782097315,-0.35526220064587816,0.07394992042794901
Barr Faughny,USA,White Choc,2023-05-05,7900.52,175,7900.52,0.4706633647470844,0.22393822393822393,0.48137118507682025,0.08332695211856231,-0.2814597763369794,0.3993018821342684
Rafaelita Blaksland,New Zealand,99% Dark & Pure,2023-03-25,3550.76,85,3550.76,0.21130218273420828,0.1081081081081081,-0.5698403198136854,-0.6424453215458408,-0.05133948907287428,-0.8572153977404036
Curtice Advani,Australia,Caramel Stuffed Bars,2023-02-14,10281.51,136,10281.51,0.6126335839685674,0.17374517374517373,1.0567877784128308,-0.2311743664693457,-0.9107267665577536,0.5837968422238075
Curtice Advani,New Zealand,85% Dark Bars,2023-05-12,5936.81,180,5936.81,0.3535741122985574,0.23037323037323035,0.006799129545357658,0.12364763398880693,0.08262436986346988,0.09223979107884527
Barr Faughny,New Zealand,Smooth Sliky Salty,2023-01-25,4552.15,172,4552.15,0.27101161361220477,0.22007722007722005,-0.327833246117136,0.05913454299641554,0.27362754778295656,-0.18999867507269427
Ches Bonnell,UK,85% Dark Bars,2023-06-28,15944.86,11,15944.86,0.950319605761177,0.01287001287001287,2.4254560902786912,-1.2391914132254611,-2.5912971003861327,0.8388157974264275
Dennison Crosswaite,Australia,Drinking Coco,2023-07-13,7722.58,188,7722.58,0.46005341644479386,0.24066924066924064,0.4383682205040123,0.18816072498119832,-0.17692341678788154,0.44302286596225054
Roddy Speechley,USA,Milk Bars,2023-05-16,3105.38,268,3105.38,0.18474570990699604,0.34362934362934366,-0.6774758169556273,0.8332916349051122,1.0682739100066503,0.11017842148820163
Jan Morforth,India,After Nines,2023-03-14,6994.35,179,6994.35,0.4166315739575678,0.22908622908622908,0.2623760383591555,0.115583497614758,-0.10379800098796434,0.26725775090127585
Gunar Cockshoot,USA,After Nines,2023-08-15,4264.49,252,4264.49,0.25385944024681817,0.323037323037323,-0.3973523693553842,0.7042654529203294,0.7789614324071155,0.21702032262364074
Ches Bonnell,India,Orange Choco,2023-02-16,5191.445,271,5191.445,0.3091305688775347,0.3474903474903475,-0.17333408776840503,0.857484044027259,0.7288984911627655,0.4837670734191103
Mallorie Waber,UK,Manuka Honey Choco,2023-06-15,8519.37,45,8519.37,0.5075632551982054,0.056628056628056624,0.6309293767475078,-0.9650107765077978,-1.1285001047347263,-0.23623122323878676
Barr Faughny,Australia,Raspberry Choco,2023-05-27,9810.95,105,9810.95,0.5845757146130216,0.13384813384813385,0.9430670016938218,-0.48116259406486234,-1.0070824051275387,0.3266157388944
Wilone O'Kielt,USA,Drinking Coco,2023-06-14,1065.63,107,1065.63,0.06312245459848154,0.1364221364221364,-1.1704245467936893,-0.4650343213167645,0.4987862118174328,-1.1564440559925808
Wilone O'Kielt,India,Eclairs,2023-02-25,3894.68,80,3894.68,0.23180894580110584,0.10167310167310166,-0.48672477763160127,-0.6827660034160854,-0.13862208014433777,-0.8269548618139702
Wilone O'Kielt,India,After Nines,2023-08-04,12194.27,252,12194.27,0.7266848636959429,0.323037323037323,1.519046688811189,0.7042654529203294,-0.576137337081972,1.5721190921127475
Kelci Walkden,India,99% Dark & Pure,2023-06-28,2455.13,236,2455.13,0.14597354578670602,0.30244530244530243,-0.8346224827613388,0.5752392709355466,0.9969228065746241,-0.18341162800797137
Gunar Cockshoot,Canada,Spicy Special Slims,2023-04-05,5191.445,12,5191.445,0.3091305688775347,0.014157014157014158,-0.17333408776840503,-1.231127276851412,-0.7479727370935453,-0.9931041548371795
Madelene Upcott,Canada,Peanut Butter Cubes,2023-07-05,15276.46,121,15276.46,0.9104652197588673,0.15444015444015444,2.263923093086015,-0.35213641208007956,-1.8498334160904597,1.3518373263214332
Kaine Padly,New Zealand,Eclairs,2023-01-20,13520.48,47,13520.48,0.8057621905363423,0.0592020592020592,1.8395533857096011,-0.9488825037596998,-1.9717219263476808,0.6297994204321924
Ches Bonnell,New Zealand,Drinking Coco,2023-02-16,9195.53,127,9195.53,0.5478803432283097,0.16216216216216214,0.7943377420703679,-0.303751593835786,-0.7764664157678716,0.34689679217286723
Curtice Advani,UK,Drinking Coco,2023-07-12,460.98,182,460.98,0.027069261156984638,0.23294723294723294,-1.3165510081230605,0.13977590673690476,1.029778637121959,-0.8321056541216449
Kelci Walkden,India,Raspberry Choco,2023-06-16,5191.445,257,5191.445,0.3091305688775347,0.32947232947232946,-0.17333408776840503,0.744586134790574,0.6490676139597217,0.4039361962160676
Dotty Strutley,Australia,Choco Coated Almonds,2023-04-13,1863.54,277,1863.54,0.11069907508786346,0.3552123552123552,-0.9775927188613016,0.9058688622715525,1.3318084561233774,-0.05071642536747262
Kaine Padly,UK,50% Dark Bites,2023-02-21,3283.0,72,3283.0,0.19533657771329502,0.09137709137709137,-0.6345501871510746,-0.7472790944084768,-0.07971137475746566,-0.9771008554328934
Roddy Speechley,Canada,Choco Coated Almonds,2023-05-11,5967.18,247,5967.18,0.35538497062125357,0.31660231660231664,0.014138682395060755,0.6639447710500848,0.4594822917442776,0.4794774081414518
Ches Bonnell,India,50% Dark Bites,2023-04-15,12083.5,334,12083.5,0.7200800307553745,0.4285714285714286,1.4922767754374118,1.3655246355923412,-0.08962729761434104,2.020770757023623
Oby Sorrel,Canada,Peanut Butter Cubes,2023-06-07,12397.06,179,12397.06,0.7387765317650756,0.22908622908622908,1.5680551814813009,0.115583497614758,-1.0270525771434673,1.190512327056792
Oby Sorrel,UK,White Choc,2023-06-27,1746.01,280,1746.01,0.10369116666947409,0.3590733590733591,-1.005996329214466,0.9300612713936992,1.3689994581577893,-0.05369419431486662
Barr Faughny,India,After Nines,2023-07-29,9021.65,104,9021.65,0.5375124787189117,0.13256113256113256,0.7523159623697955,-0.48922673043891124,-0.8779032572176418,0.18603217995549495
Wilone O'Kielt,Canada,Smooth Sliky Salty,2023-06-02,5191.445,165,5191.445,0.3091305688775347,0.21106821106821105,-0.17333408776840503,0.002685588378073078,0.12446470662543359,-0.12066671111821302
Rafaelita Blaksland,India,Mint Chip Choco,2023-01-26,15473.0,91,15473.0,0.9221842218906656,0.11583011583011582,2.3114211410636463,-0.5940605033015472,-2.05448577334366,1.2143573527044487
Rafaelita Blaksland,Canada,99% Dark & Pure,2023-03-02,5566.57,140,5566.57,0.3314979784363564,0.17889317889317888,-0.08267719732570225,-0.19891782097315,-0.08219453323046526,-0.19911774698746773
Van Tuxwell,Australia,70% Dark Bites,2023-01-10,8111.43,111,8111.43,0.4832392004020023,0.14157014157014156,0.5323420474914032,-0.43277777582056876,-0.6824427717214576,0.07040257166235166
Beverie Moffet,USA,70% Dark Bites,2023-06-27,2341.8,117,2341.8,0.1392160688782055,0.1492921492921493,-0.8620110742811562,-0.38439295757627523,0.33772700913956266,-0.8813407430246457
Barr Faughny,Canada,Orange Choco,2023-06-30,8650.42,19,8650.42,0.515377314572237,0.023166023166023165,0.6626003810594469,-1.1746783222330697,-1.2991522300277678,-0.36209378469990533
Roddy Speechley,Australia,85% Dark Bars,2023-07-08,4444.72,77,4444.72,0.26460593334854815,0.0978120978120978,-0.3537959778472513,-0.7069584125382322,-0.24972355243034927,-0.7500666226149758
Oby Sorrel,India,Spicy Special Slims,2023-06-08,5191.445,86,5191.445,0.3091305688775347,0.10939510939510938,-0.17333408776840503,-0.6343811851717919,-0.3260095290203138,-0.5711409467639539
Jan Morforth,UK,Manuka Honey Choco,2023-08-18,3558.89,231,3558.89,0.2117869465854931,0.29601029601029605,-0.5678755333577064,0.534918589065302,0.7797932022179765,-0.023304078796352067
Kaine Padly,Australia,After Nines,2023-04-08,7889.9,300,7889.9,0.47003013078636546,0.38481338481338484,0.47880463745535656,1.0913439988746778,0.43313073620328724,1.1102627482197744
Wilone O'Kielt,Canada,Fruit & Nut Bars,2023-08-08,3589.18,176,3589.18,0.21359303478419142,0.2252252252252252,-0.560555314200067,0.09139108849261124,0.4609957223141659,-0.33174920548788117
Wilone O'Kielt,UK,Milk Bars,2023-08-26,305.39,62,305.39,0.017791966246602595,0.0785070785070785,-1.3541526224755565,-0.827920458148966,0.3721023318737944,-1.5429586723542223
Oby Sorrel,Canada,Fruit & Nut Bars,2023-01-14,1896.64,161,1896.64,0.11267271389198742,0.2059202059202059,-0.9695934037699228,-0.029570957118122614,0.6646962464950522,-0.7065158951038645
Dennison Crosswaite,USA,Baker's Choco Chips,2023-08-11,18494.72,298,16778.052499999998,1.0000000000000002,0.38223938223938225,2.6268146805890713,1.0752157261265798,-1.0971461423823663,2.6177308047474375
Madelene Upcott,USA,Almond Choco,2023-05-31,11103.47,24,11103.47,0.6616442229848127,0.029601029601029602,1.2554317975218847,-1.134357640362825,-1.6898363171362654,0.08561235755362887
Van Tuxwell,New Zealand,50% Dark Bites,2023-07-11,5191.445,11,5191.445,0.3091305688775347,0.01287001287001287,-0.17333408776840503,-1.2391914132254611,-0.7536749426080486,-0.9988063603516827
Karlen McCaffrey,Canada,Caramel Stuffed Bars,2023-03-02,3357.3,308,3357.3,0.19976683037632853,0.39510939510939513,-0.6165940206468618,1.155857089867069,1.2533121995660297,0.38131657308907
Madelene Upcott,Australia,Raspberry Choco,2023-07-13,7033.52,94,7033.52,0.4189671459200311,0.11969111969111967,0.27184229733587173,-0.5698680941794004,-0.5951791256356345,-0.2107360619165792
Rafaelita Blaksland,UK,Spicy Special Slims,2023-08-03,9896.8,143,9896.8,0.5896946539282493,0.18275418275418273,0.963814469989739,-0.17472541185100324,-0.8050692711009155,0.5579702239700116
Curtice Advani,UK,Peanut Butter Cubes,2023-03-01,15653.44,175,15653.44,0.93294323656789,0.22393822393822393,2.3550282835134464,0.08332695211856231,-1.6063354162598187,1.724177522057127
Kelci Walkden,New Zealand,White Choc,2023-04-13,7899.31,148,7899.31,0.47059121662161646,0.18918918918918917,0.481078762984356,-0.1344047299807586,-0.4352125515840137,0.24513555959813588
Beverie Moffet,Canada,Fruit & Nut Bars,2023-02-14,5191.445,172,5191.445,0.3091305688775347,0.22007722007722005,-0.17333408776840503,0.05913454299641554,0.1643801452269555,-0.08075127251669166
Mallorie Waber,India,White Choc,2023-07-26,872.83,224,872.83,0.05162645576358432,0.287001287001287,-1.21701874466734,0.47846963444695956,1.198891330294705,-0.5222330840761306
Brien Boise,UK,Drinking Coco,2023-01-27,6337.94,128,6337.94,0.37749211028944074,0.16344916344916344,0.10374067826453473,-0.2956874574617371,-0.2824383433687486,-0.13572686919725666
Jehu Rudeforth,India,Peanut Butter Cubes,2023-04-14,31.15,451,31.15,0.0014399811818608284,0.5791505791505791,-1.4204285188701098,2.309028591356065,2.637124412785318,0.628335137017658
Oby Sorrel,USA,Almond Choco,2023-05-19,7107.55,142,7107.55,0.42338129941457175,0.18146718146718147,0.28973321262936924,-0.18278954822505217,-0.3341240484651503,0.07562059030523344
Husein Augar,India,Eclairs,2023-02-09,5465.85,56,5465.85,0.3254923923230222,0.07078507078507078,-0.10701831563397006,-0.8763052763932596,-0.5439680266312883,-0.6953147800231643
Brien Boise,UK,Spicy Special Slims,2023-05-25,2462.14,60,2462.14,0.14639152790202048,0.07593307593307592,-0.8329283679942523,-0.8440487308970639,-0.007863284017842066,-1.185801878520593
Oby Sorrel,Australia,Manuka Honey Choco,2023-01-26,4194.44,80,4194.44,0.24968260042117216,0.10167310167310166,-0.41428143346871005,-0.6827660034160854,-0.18984726005374875,-0.7757296819045584
Beverie Moffet,India,White Choc,2023-07-04,1994.44,299,1994.44,0.11850419047939897,0.3835263835263835,-0.945957965221982,1.0832798625006288,1.4348878286229176,0.09710124477112328
Ches Bonnell,India,Almond Choco,2023-04-13,12124.05,80,12124.05,0.7224978873568013,0.10167310167310166,1.5020765406022276,-0.6827660034160854,-1.544916978700213,0.5793400367419251
Gigi Bohling,Australia,Smooth Sliky Salty,2023-01-25,5884.09,117,5884.09,0.3504306005839527,0.1492921492921493,-0.005941773524657176,-0.38439295757627523,-0.26760539859097937,-0.2760083352940949
Camilla Castle,USA,85% Dark Bars,2023-04-25,2639.16,80,2639.16,0.15694661977833532,0.10167310167310166,-0.7901477408801776,-0.6827660034160854,0.07593035473644555,-1.0415072966947567
Camilla Castle,USA,Eclairs,2023-06-10,5031.4,401,5031.4,0.29958763768702057,0.5148005148005147,-0.21201234709770161,1.905821772653619,1.4975348675044096,1.197704130848269
Madelene Upcott,New Zealand,White Choc,2023-08-22,11510.71,56,11510.71,0.6859265391960344,0.07078507078507078,1.3538499569724314,-0.8763052763932596,-1.5769578886115452,0.3376750819571075
Van Tuxwell,India,After Nines,2023-06-27,15021.98,211,15021.98,0.8952914553216026,0.2702702702702703,2.2024226186312093,0.37363586158432355,-1.293147517251995,1.821548420093524
Husein Augar,India,Orange Choco,2023-06-30,4517.19,40,4517.19,0.26892706942513006,0.05019305019305019,-0.3362820695489971,-1.0053314583780424,-0.4730893597897401,-0.9486640233288138
Jehu Rudeforth,India,Almond Choco,2023-08-30,10778.53,99,10778.53,0.6422691718364129,0.12612612612612611,1.1769031737819269,-0.5295474123091558,-1.20664278118476,0.45774964877758634
Karlen McCaffrey,Australia,Raspberry Choco,2023-08-23,1145.72,60,1145.72,0.06789794498586181,0.07593307593307592,-1.1510691043263623,-0.8440487308970639,0.21709618801427272,-1.410761350552711
Camilla Castle,New Zealand,99% Dark & Pure,2023-08-26,2518.5,45,2518.5,0.14975208025852882,0.056628056628056624,-0.8193077819353366,-0.9650107765077978,-0.10302757550138318,-1.2617037524721446
Gigi Bohling,Australia,Orange Choco,2023-03-09,596.63,158,596.63,0.035157602660894426,0.20205920205920205,-1.2837683165174552,-0.05376336624026939,0.8697448412340132,-0.9457777229298471
Kelci Walkden,UK,Drinking Coco,2023-04-20,1858.71,24,1858.71,0.1104110788514913,0.029601029601029602,-0.9787599905196508,-1.134357640362825,-0.1100241533408095,-1.49419980624185
Mallorie Waber,Canada,Caramel Stuffed Bars,2023-06-10,5194.28,547,5194.28,0.3092996101467097,0.7027027027027026,-0.1726489500558957,3.083185683264762,2.302222747643068,2.058060260944514
Husein Augar,Australia,Organic Choco Syrup,2023-02-08,960.69,155,960.69,0.05686524444425895,0.19819819819819817,-1.1957855173583205,-0.07795577536241616,0.790424990777306,-0.9006711055601577
Brien Boise,Australia,White Choc,2023-08-25,5347.12,23,5347.12,0.31841293204466453,0.028314028314028312,-0.1357119313680911,-1.142421776736874,-0.7118513583475338,-0.9037770122641231
Dotty Strutley,India,Peanut Butter Cubes,2023-02-16,9805.11,76,9805.11,0.5842274955611761,0.09652509652509651,0.9416556421731677,-0.7150225489122811,-1.1714483831603828,0.16025379708606446
Dennison Crosswaite,UK,99% Dark & Pure,2023-05-30,13205.42,26,13205.42,0.786976249701681,0.032175032175032175,1.7634124729395169,-1.1182293676147272,-2.0376284864067866,0.4562133488821678
Gigi Bohling,New Zealand,50% Dark Bites,2023-06-29,5929.2,65,5929.2,0.3531203542532588,0.08236808236808237,0.00496001208779279,-0.8037280490268193,-0.5718288118787475,-0.5648142955146481
Gigi Bohling,USA,Milk Bars,2023-06-16,516.92,141,516.92,0.030404770362504087,0.18018018018018017,-1.3030319239474795,-0.19085368459910107,0.7864287749313457,-1.0563366441202848
Brien Boise,UK,Caramel Stuffed Bars,2023-03-04,5191.445,145,5191.445,0.3091305688775347,0.18532818532818532,-0.17333408776840503,-0.15859713910290538,0.010420596335370968,-0.23471082140827398
Curtice Advani,New Zealand,Peanut Butter Cubes,2023-03-15,1637.72,454,1637.72,0.09723420757284018,0.583011583011583,-1.0321668981342669,2.333221000478212,2.379688604432036,0.9199841784579632
Curtice Advani,New Zealand,50% Dark Bites,2023-01-27,10791.46,88,10791.46,0.6430401431275706,0.11196911196911195,1.180027981761731,-0.6182529124236941,-1.2715766147567198,0.39723496103047795
Beverie Moffet,Canada,Drinking Coco,2023-07-05,1093.46,115,1093.46,0.06478186148424496,0.1467181467181467,-1.1636988386670106,-0.4005212303243731,0.5396480621088019,-1.1060706180519004
Barr Faughny,USA,Caramel Stuffed Bars,2023-03-29,3407.61,316,3407.61,0.202766642105497,0.40540540540540543,-0.6044355450502676,1.2203701808594605,1.2903325031388118,0.43553155774833746
Mallorie Waber,Canada,Almond Choco,2023-05-12,4753.93,37,4753.93,0.28304305886586434,0.04633204633204633,-0.2790688413093289,-1.0295238675001892,-0.5306518379950923,-0.9253147782104796
Oby Sorrel,USA,Drinking Coco,2023-03-11,8280.62,47,8280.62,0.49332741639202443,0.0592020592020592,0.5732303894947379,-0.9488825037596998,-1.0762963485516903,-0.26562615736381046
Brien Boise,New Zealand,Eclairs,2023-07-11,4981.78,299,4981.78,0.29662896827733387,0.3835263835263835,-0.22400406960024583,1.0832798625006288,0.9243893333247465,0.6075997400693015
Gunar Cockshoot,New Zealand,Choco Coated Almonds,2023-08-01,13998.33,60,13998.33,0.8342547374411953,0.07593307593307592,1.9550359451179198,-0.8440487308970639,-1.9792517555255398,0.7855865929871328
Gunar Cockshoot,UK,Spicy Special Slims,2023-02-16,13105.65,199,13105.65,0.7810273088108216,0.2548262548262548,1.7393009422245058,0.2768662250957365,-1.0340975055243733,1.4256454760178237
Curtice Advani,USA,After Nines,2023-04-13,15728.81,256,15728.81,0.9374372896393951,0.3281853281853282,2.3732430381490115,0.7365219984165251,-1.157336546105522,2.1989359452523307
Oby Sorrel,India,Choco Coated Almonds,2023-02-14,53.85,399,53.85,0.002793503866260034,0.5122265122265122,-1.414942583747019,1.889693499905521,2.336730584104468,0.3356995921901862
Ches Bonnell,Australia,Peanut Butter Cubes,2023-03-14,10857.23,73,10857.23,0.6469617813193299,0.09266409266409266,1.1959226933496458,-0.7392149580344278,-1.3683489558230855,0.32294113666175145
Oby Sorrel,Australia,Spicy Special Slims,2023-04-26,12412.53,25,12412.53,0.7396989544931662,0.03088803088803089,1.5717938341841298,-1.1262935039887763,-1.9078358530556212,0.31501630450199425
Jehu Rudeforth,Canada,Manuka Honey Choco,2023-04-05,3669.15,209,3669.15,0.2183613699855749,0.2676962676962677,-0.5412288722708355,0.3575075888362257,0.6355026461484017,-0.12991056536491286
Camilla Castle,Canada,Drinking Coco,2023-03-03,13555.26,279,13555.26,0.807836001944422,0.3577863577863578,1.847958708334319,0.9219971350196503,-0.654753707608953,1.958654560422898
Kaine Padly,USA,Spicy Special Slims,2023-06-13,2333.84,171,2333.84,0.13874144154041618,0.2187902187902188,-0.8639347766414999,0.051070406622366615,0.6470063699067153,-0.5747819082254647
Marney O'Breen,New Zealand,70% Dark Bites,2023-02-14,5191.445,360,5191.445,0.3091305688775347,0.462033462033462,-0.17333408776840503,1.575192181317613,1.2363947819535441,0.9912633642098817
Roddy Speechley,New Zealand,99% Dark & Pure,2023-04-18,8610.38,188,8610.38,0.5129898675112966,0.24066924066924064,0.6529238681815371,0.18816072498119832,-0.3286371702025299,0.594736619376901
Oby Sorrel,New Zealand,85% Dark Bars,2023-02-01,3432.3,452,3432.3,0.20423882162434354,0.5804375804375804,-0.5984686843370911,2.317092727730114,2.0616132454385556,1.2152507153934355
Dotty Strutley,New Zealand,Orange Choco,2023-08-04,2283.39,155,2283.39,0.1357332820942514,0.19819819819819817,-0.8761270861992057,-0.07795577536241616,0.5643923464412445,-0.6746384612240929
Andria Kimpton,New Zealand,Almond Choco,2023-04-05,7190.49,165,7190.49,0.42832672546937656,0.21106821106821105,0.3097774178764675,0.002685588378073078,-0.21714671508529634,0.22094471059252183
Karlen McCaffrey,Australia,99% Dark & Pure,2023-01-26,11303.07,166,11303.07,0.6735456823595299,0.21235521235521235,1.3036693592209545,0.010749724752122002,-0.9142322410621373,0.929434647598379
Kaine Padly,UK,After Nines,2023-01-21,18911.49,171,16778.052499999998,1.0000000000000002,0.2187902187902188,2.6268146805890713,0.051070406622366615,-1.8213262427242638,1.8935507044055504
Kaine Padly,Canada,After Nines,2023-08-22,6233.02,178,6233.02,0.3712360926662177,0.2277992277992278,0.0783845411229198,0.10751936124070909,0.020601428873939794,0.13145391001036374
Kaine Padly,UK,Drinking Coco,2023-01-27,2334.5,233,2334.5,0.1387807950633987,0.2985842985842986,-0.8637752736819739,0.5510468618133999,1.0004303261816094,-0.22113238070197544
Rafaelita Blaksland,UK,50% Dark Bites,2023-02-16,11099.73,73,11099.73,0.6614212196879117,0.09266409266409266,1.2545279474179043,-0.7392149580344278,-1.4097891283879112,0.36438130922657774
Dotty Strutley,USA,Raspberry Choco,2023-01-03,3590.55,47,3590.55,0.21367472315765518,0.0592020592020592,-0.5602242247234751,-0.9488825037596998,-0.2748229046708157,-1.0670996012446972
Karlen McCaffrey,USA,White Choc,2023-08-24,5209.4,2,5209.4,0.31020116358230954,0.001287001287001287,-0.16899488225584597,-1.3117686405919013,-0.8080630738814691,-1.0470579283393175
Oby Sorrel,USA,Spicy Special Slims,2023-02-07,6315.14,398,6315.14,0.37613262495004424,0.5109395109395108,0.09823057602636463,1.8816293635314723,1.261053376204738,1.3999723890609255
Mallorie Waber,Australia,Smooth Sliky Salty,2023-02-11,4454.71,117,4454.71,0.2652016025827837,0.1492921492921493,-0.3513816830507899,-0.38439295757627523,-0.023342496072585296,-0.5202712378124925
Kaine Padly,Canada,Organic Choco Syrup,2023-03-29,6078.71,78,6078.71,0.36203511973980174,0.09909909909909909,0.04109226584344361,-0.6988942761641832,-0.5232495018403804,-0.4651362621759345
Marney O'Breen,USA,Peanut Butter Cubes,2023-06-15,695.96,363,695.96,0.04108030786976549,0.4658944658944659,-1.259763121108795,1.59938459043976,2.0217227352499836,0.2401486440004498
Dennison Crosswaite,UK,Smooth Sliky Salty,2023-04-26,563.76,151,563.76,0.03319767796326439,0.19305019305019303,-1.2917120472441506,-0.11021232085861185,0.8354464684972575,-0.9913102273961347
Brien Boise,Australia,Organic Choco Syrup,2023-07-15,4479.69,261,4479.69,0.26669107380112256,0.33462033462033464,-0.3453447377038824,0.7768426802867697,0.7935063330234148,0.3051151212683975
Beverie Moffet,India,Organic Choco Syrup,2023-06-23,5191.445,22,5191.445,0.3091305688775347,0.027027027027027025,-0.17333408776840503,-1.1504859131109229,-0.6909506819485141,-0.936082099692149
Dennison Crosswaite,Australia,Baker's Choco Chips,2023-01-11,15870.43,449,15870.43,0.9458816016466469,0.5765765765765766,2.4074685065248747,2.2929003186079675,-0.08101194258427614,3.323662670329278
Beverie Moffet,UK,50% Dark Bites,2023-02-09,2529.82,297,2529.82,0.15042705280422922,0.380952380952381,-0.8165720645083152,1.067151589752531,1.3319937698093487,0.1771864815266809
Van Tuxwell,UK,Almond Choco,2023-06-06,5191.445,217,5191.445,0.3091305688775347,0.277992277992278,-0.17333408776840503,0.4220206798286171,0.4209793933795964,0.1758479756359456
Dotty Strutley,UK,Caramel Stuffed Bars,2023-08-10,6180.45,230,6180.45,0.368101524934109,0.2947232947232947,0.06567988872552442,0.5268544526912531,0.32609966149091874,0.41898505090170607
Wilone O'Kielt,Australia,Smooth Sliky Salty,2023-01-04,2496.06,45,2496.06,0.14841406047712272,0.056628056628056624,-0.82473088255922,-0.9650107765077978,-0.09919286427517807,-1.2655384636983498
Andria Kimpton,Canada,70% Dark Bites,2023-04-08,10964.29,16,10964.29,0.6533453997594965,0.019305019305019305,1.2217960067539668,-1.1988707313552165,-1.711669865509724,0.016210617695037777
Barr Faughny,UK,Milk Bars,2023-03-02,5191.445,409,5191.445,0.3091305688775347,0.525096525096525,-0.17333408776840503,1.9703348636460103,1.5158028521641975,1.270671434420531
Van Tuxwell,Canada,Drinking Coco,2023-06-15,4919.25,746,4919.25,0.29290052010748885,0.9588159588159587,-0.23911576665957854,4.687948821700498,3.4839607817735376,3.1458000215862745
Jehu Rudeforth,Australia,After Nines,2023-02-14,5602.02,51,5602.02,0.3336117396329182,0.06435006435006434,-0.07410995502995048,-0.9166259582635042,-0.5957487791446382,-0.7005560826548448
Husein Augar,UK,After Nines,2023-07-05,3563.87,372,3563.87,0.2120838868043613,0.4774774774774775,-0.5666720110267376,1.6719618178062001,1.5829531609613803,0.7815579175501152
Barr Faughny,India,Mint Chip Choco,2023-01-12,8313.09,493,8313.09,0.49526349046966506,0.6332046332046332,0.5810774517611145,2.64772231906612,1.4613385999757584,2.2831062130454978
Curtice Advani,India,Mint Chip Choco,2023-03-03,8447.48,96,8447.48,0.5032767025206081,0.12226512226512226,0.6135556377167154,-0.5537398214313026,-0.8254025348118278,0.04229616931763008
Jehu Rudeforth,New Zealand,Milk Bars,2023-05-18,2646.23,198,2646.23,0.15736817948664822,0.25353925353925355,-0.7884391258440432,0.26880208872168754,0.7475824321693271,-0.36743887270490877
Gunar Cockshoot,India,Caramel Stuffed Bars,2023-07-28,2706.83,198,2706.83,0.16098154841504433,0.25353925353925355,-0.7737938541057485,0.26880208872168754,0.7372266612108593,-0.35708310174644076
Curtice Advani,UK,Manuka Honey Choco,2023-02-07,5191.445,108,5191.445,0.3091305688775347,0.1377091377091377,-0.17333408776840503,-0.4569701849427156,-0.20056100770124496,-0.4456924254448869
Andria Kimpton,India,Orange Choco,2023-05-30,318.19,417,318.19,0.01855518608626382,0.5353925353925354,-1.3510592317453558,2.0348479546384017,2.394197931960221,0.4835116428565445
Mallorie Waber,Australia,Raspberry Choco,2023-04-25,9479.65,26,9479.65,0.5648214386067899,0.032175032175032175,0.8630013494347948,-1.1182293676147272,-1.4009416751208044,-0.18047346240382373
Beverie Moffet,Canada,85% Dark Bars,2023-02-16,6393.2,44,6393.2,0.38078707344097823,0.05534105534105534,0.1170954260575738,-0.9730749128818467,-0.7708668393125055,-0.6052688996900187
Kelci Walkden,Australia,Drinking Coco,2023-05-04,1355.65,60,1355.65,0.08041534662180565,0.07593307593307592,-1.1003350796395606,-0.8440487308970639,0.18122181512134963,-1.3748869776597876
Van Tuxwell,Canada,70% Dark Bites,2023-06-02,7911.23,74,7911.23,0.47130196509730093,0.09395109395109394,0.4839594831018553,-0.7311508216603789,-0.8592127363870297,-0.17479067174530544
Dennison Crosswaite,USA,Caramel Stuffed Bars,2023-07-11,2583.03,501,2583.03,0.15359978152832093,0.6435006435006434,-0.8037127425744099,2.7122354100585113,2.4861507810270624,1.3495293202262286
Beverie Moffet,New Zealand,Spicy Special Slims,2023-06-07,66.13,65,66.13,0.003525717899935022,0.08236808236808237,-1.4119748620152328,-0.8037280490268193,0.43009544609920164,-1.5667385534926117
Jan Morforth,UK,Almond Choco,2023-07-06,10668.69,150,10668.69,0.63571979158732,0.19176319176319176,1.1503580145783907,-0.11827645723266077,-0.8970600378646033,0.7297918679367447
Husein Augar,India,Raspberry Choco,2023-06-15,10994.3,152,10994.3,0.655134792524202,0.19433719433719432,1.2290485579893826,-0.10214818448456292,-0.9412982436967635,0.796838895826918
Dotty Strutley,India,Mint Chip Choco,2023-04-14,1259.61,227,1259.61,0.0746888127623475,0.2908622908622909,-1.1235451769620988,0.5026620435691064,1.149902153252139,-0.4390306739465449
Camilla Castle,India,Drinking Coco,2023-08-08,492.13,164,492.13,0.028926628188660198,0.20978120978120976,-1.3090229517757355,-0.005378547995975845,0.9218157981685549,-0.9294222136903517
Marney O'Breen,UK,Drinking Coco,2023-03-29,1016.77,28,1016.77,0.060209101366774695,0.03474903474903475,-1.1822325992216278,-1.1021010948666294,0.05666153011608694,-1.6152678455827234
Roddy Speechley,Australia,Organic Choco Syrup,2023-07-04,4111.42,81,4111.42,0.24473240424236944,0.10296010296010295,-0.434344972407872,-0.6747018670420365,-0.16995799010076398,-0.7842145408285373
Ches Bonnell,India,99% Dark & Pure,2023-02-16,503.97,105,503.97,0.029632606540346836,0.13384813384813385,-1.3061615653502998,-0.48116259406486234,0.5833623670678494,-1.2638290333010112
Rafaelita Blaksland,Canada,Spicy Special Slims,2023-05-02,2883.71,163,2883.71,0.17152829257436292,0.2084942084942085,-0.7310470609527855,-0.013442684370024768,0.507422920890811,-0.5264337474416085
Van Tuxwell,India,Eclairs,2023-07-21,11861.89,105,11861.89,0.7068661910157398,0.13384813384813385,1.4387200317093014,-0.48116259406486234,-1.357562023767141,0.6770953575340073
Gunar Cockshoot,Australia,99% Dark & Pure,2023-08-18,8564.73,237,8564.73,0.5102679155050048,0.30373230373230375,0.6418915801476568,0.5833034073095955,-0.0414280943111166,0.8663436839067905
Kaine Padly,USA,85% Dark Bars,2023-06-22,538.03,271,538.03,0.031663486832445374,0.3474903474903475,-1.297930245954156,0.857484044027259,1.5241080607122435,-0.3114424961303791
Camilla Castle,UK,Peanut Butter Cubes,2023-07-19,5231.88,125,5231.88,0.31154156842571457,0.15958815958815958,-0.1635621147859306,-0.31987986658388384,-0.110533342316171,-0.3418451033368555
Madelene Upcott,UK,Peanut Butter Cubes,2023-08-12,7916.13,84,7916.13,0.47159413519217125,0.1068211068211068,0.48514367174076045,-0.6505094579198897,-0.8030280290587722,-0.11693126878350121
Madelene Upcott,USA,Choco Coated Almonds,2023-06-07,6016.32,143,6016.32,0.358315019286953,0.18275418275418273,0.026014402745222334,-0.17472541185100324,-0.1419444841551223,-0.10515456297579102
Marney O'Breen,Canada,Peanut Butter Cubes,2023-03-08,5191.445,97,5191.445,0.3091305688775347,0.12355212355212354,-0.17333408776840503,-0.5456756850572537,-0.26328526836077937,-0.5084166861044204
Ches Bonnell,Australia,Choco Coated Almonds,2023-04-08,1590.98,182,1590.98,0.09444726262707723,0.23294723294723294,-1.0434626077225162,0.13977590673690476,0.8366759773353484,-0.6390029943350317
Curtice Advani,Canada,Eclairs,2023-05-06,740.07,205,740.07,0.043710434989098046,0.2625482625482626,-1.2491030066471418,0.32525104334003,1.113236424734429,-0.6532619880669722
Roddy Speechley,India,Drinking Coco,2023-05-31,4591.11,11,4591.11,0.2733346639991736,0.01287001287001287,-0.3184177380820871,-1.2391914132254611,-0.6510853096319471,-1.101395993327786
Van Tuxwell,Australia,Mint Chip Choco,2023-01-13,2686.51,324,2686.51,0.15976993691958216,0.4157014157014157,-0.7787046118899423,1.284883271851852,1.4591769861682218,0.3579223629509753
Dennison Crosswaite,USA,70% Dark Bites,2023-03-15,735.48,77,735.48,0.04343674912471952,0.0978120978120978,-1.2502122772292998,-0.7069584125382322,0.38413849162884295,-1.3839286666741772
Andria Kimpton,Canada,Peanut Butter Cubes,2023-02-16,1160.54,311,1160.54,0.06878161045646956,0.398970398970399,-1.1474875378715517,1.1800494989892159,1.6458172222270915,0.023024783515021095
Gigi Bohling,USA,70% Dark Bites,2023-01-14,8078.15,189,8078.15,0.4812548288188831,0.24195624195624194,0.5242992315928808,0.19622486135524725,-0.23198361192853328,0.5094874721319093
Rafaelita Blaksland,Australia,White Choc,2023-03-21,5191.445,111,5191.445,0.3091305688775347,0.14157014157014156,-0.17333408776840503,-0.43277777582056876,-0.18345439115773549,-0.4285858089013777
Roddy Speechley,Canada,Drinking Coco,2023-05-17,7588.41,342,7588.41,0.4520533222348449,0.4388674388674389,0.40594320220158664,1.4300377265847326,0.7241441827673435,1.2982345648739768
Camilla Castle,New Zealand,85% Dark Bars,2023-08-08,15372.54,57,15372.54,0.9161941386803245,0.07207207207207206,2.2871428572545853,-0.8682411400192106,-2.2311934217198086,1.0033150260943866
Madelene Upcott,Canada,Milk Bars,2023-04-26,3907.5,86,3907.5,0.23257335817176653,0.10939510939510938,-0.4836265534783844,-0.6343811851717919,-0.10659962236569469,-0.7905508534185761
Madelene Upcott,Australia,70% Dark Bites,2023-04-15,3740.76,255,3740.76,0.2226312272291796,0.32689832689832693,-0.5239228011622664,0.7284578620424762,0.8855668595789801,0.14462812853879328
Oby Sorrel,Canada,Eclairs,2023-05-19,6211.75,561,6211.75,0.3699678359482806,0.7207207207207207,0.07324419574546874,3.196083592501447,2.2081809140026754,2.3117638489909953
Dennison Crosswaite,Canada,Drinking Coco,2023-01-10,2924.46,25,2924.46,0.17395807448578438,0.03088803088803089,-0.72119896155781,-1.1262935039887763,-0.28644509797460743,-1.3063744505790431
Mallorie Waber,New Zealand,After Nines,2023-05-04,501.79,241,501.79,0.029502620661404532,0.3088803088803089,-1.306688408459037,0.6155599528057912,1.3592348513750845,-0.4887016176634059
Roddy Speechley,Canada,White Choc,2023-04-05,6594.09,270,6594.09,0.3927654510651613,0.3462033462033462,0.1656447435411715,0.8494199076532101,0.4835020553505718,0.7177590982023013
Andria Kimpton,India,After Nines,2023-01-17,960.68,71,960.68,0.05686464817875921,0.09009009009009009,-1.1957879340698283,-0.7553432307825257,0.31144143643213845,-1.3796580776515093
Roddy Speechley,India,Spicy Special Slims,2023-03-22,11370.32,170,11370.32,0.6775555678452501,0.2175032175032175,1.3199217441120488,0.04300627024831769,-0.9029155905710713,0.9637356412233378
Dotty Strutley,Australia,White Choc,2023-07-05,6067.94,94,6067.94,0.36139294179658676,0.11969111969111967,0.038489467549360445,-0.5698680941794004,-0.4301737572845233,-0.37574143026769263
Oby Sorrel,Canada,Orange Choco,2023-04-27,8909.75,355,8909.75,0.5308402677768733,0.45559845559845563,0.7252729605956177,1.5348714994473684,0.5724726168608045,1.5981634741575992
Kaine Padly,Canada,Almond Choco,2023-08-12,6865.35,75,6865.35,0.408939749010982,0.09523809523809523,0.23120045990635,-0.72308668528633,-0.6747829115648982,-0.3478160855384334
Jan Morforth,UK,Baker's Choco Chips,2023-03-11,805.23,259,805.23,0.04759570098537347,0.33204633204633205,-1.2333557144612133,0.7607144075386719,1.4100205054276023,-0.3342078731938114
Jehu Rudeforth,UK,Fruit & Nut Bars,2023-05-13,9851.62,221,9851.62,0.5870007264004452,0.28314028314028317,0.9528957673967335,0.4542772253248128,-0.352576552324398,0.9950215654559761
Dennison Crosswaite,USA,Smooth Sliky Salty,2023-05-12,11823.35,90,11823.35,0.7045681837797599,0.11454311454311453,1.4294060255575876,-0.6021246396755962,-1.4365091095747982,0.5849762779065717
Brien Boise,USA,Raspberry Choco,2023-01-12,683.63,202,683.63,0.040345112508591824,0.2586872586872587,-1.2627429263981211,0.30105863421788326,1.1057746879416774,-0.6800134843612392
Madelene Upcott,New Zealand,Milk Bars,2023-03-29,14002.42,388,14002.42,0.834498610030587,0.4980694980694981,1.9560243801246795,1.800987999790983,-0.10962727586455462,2.6566089308401755
Roddy Speechley,India,50% Dark Bites,2023-03-14,8744.95,12,8744.95,0.5210138123412351,0.014157014157014158,0.6854455549442819,-1.231127276851412,-1.3552216460006425,-0.385855245930074
Barr Faughny,New Zealand,99% Dark & Pure,2023-05-24,9294.14,201,9294.14,0.5537601173211998,0.2574002574002574,0.8181689342504541,0.2929944978438343,-0.37135440528893865,0.7857111978403919
Dennison Crosswaite,Canada,Organic Choco Syrup,2023-01-28,8831.89,79,8831.89,0.526197744595934,0.10038610038610038,0.7064564447945677,-0.6908301397901343,-0.9880308192208331,0.011049466233531185
Beverie Moffet,India,Almond Choco,2023-05-24,3474.98,104,3474.98,0.20678368277721393,0.13256113256113256,-0.5881541596210776,-0.48922673043891124,0.06995225602005622,-0.761823333282217
Brien Boise,Australia,Peanut Butter Cubes,2023-08-19,311.61,204,311.61,0.018162843387437972,0.26126126126126126,-1.3526494279175996,0.31718690696598106,1.180752595867865,-0.7321825702294152
Karlen McCaffrey,Australia,Spicy Special Slims,2023-05-17,4791.2,335,4791.2,0.2852653403833779,0.42985842985842987,-0.270061757519127,1.37358877196639,1.1622364353000738,0.7803114351381966
Jehu Rudeforth,USA,White Choc,2023-06-07,6646.33,117,6646.33,0.3958803420357787,0.1492921492921493,0.1782696444588037,-0.38439295757627523,-0.39786254141907323,-0.14575119246599924
Ches Bonnell,Canada,Organic Choco Syrup,2023-07-26,593.63,229,593.63,0.03497872301097383,0.29343629343629346,-1.284493329969846,0.5187903163172042,1.2751140946923725,-0.5414337933287677
Dotty Strutley,India,Eclairs,2023-07-28,2345.95,406,2345.95,0.13946351906059565,0.5212355212355212,-0.861008139005349,1.9461424545238637,1.984955220496353,0.7673058330013501
Karlen McCaffrey,India,70% Dark Bites,2023-05-23,5083.07,368,5083.07,0.30266854152415307,0.4723294723294723,-0.19952519873602362,1.6397052723100045,1.3005323382415814,1.0183610961538934
Jehu Rudeforth,UK,Mint Chip Choco,2024-01-04,6339.57,187,6339.57,0.3775893015658976,0.23938223938223938,0.10413460224033377,0.1800965886071494,0.05371323567237661,0.20098180247298275
Van Tuxwell,India,85% Dark Bars,2024-08-01,9005.87,90,9005.87,0.5365715717603294,0.11454311454311453,0.74850239161022,-0.6021246396755962,-0.9550375326760552,0.10350470100782175
Gigi Bohling,India,Peanut Butter Cubes,2024-07-07,5159.07,87,5159.07,0.30720015932214156,0.11068211068211067,-0.18115819127545604,-0.626317048797743,-0.31477484685926943,-0.570971217895992
Jan Morforth,Australia,Peanut Butter Cubes,2024-04-27,13370.97,349,13370.97,0.7968474250497994,0.44787644787644787,1.8034211319539504,1.486486681203075,-0.22410649931756146,2.3263161241619397
Jehu Rudeforth,UK,Peanut Butter Cubes,2024-02-24,14791.64,182,14791.64,0.881557075800699,0.23294723294723294,2.1467560857566417,0.13977590673690476,-1.4191492942918358,1.616822277292185
Van Tuxwell,India,Smooth Sliky Salty,2024-06-06,6429.35,40,6429.35,0.38294257322252145,0.05019305019305019,0.12583183815888338,-1.0053314583780424,-0.7998532376105945,-0.6219001455079549
Oby Sorrel,UK,99% Dark & Pure,2024-01-25,15900.6,188,15900.6,0.9476805346593484,0.24066924066924064,2.4147597251444184,0.18816072498119832,-1.5744432519985863,1.8405427011729754
Gunar Cockshoot,Australia,After Nines,2024-03-24,3400.26,77,3400.26,0.20232838696319153,0.0978120978120978,-0.6062118280086252,-0.7069584125382322,-0.07123859310227565,-0.9285515819430522
Jehu Rudeforth,New Zealand,50% Dark Bites,2024-04-20,4357.76,63,4357.76,0.25942080856284966,0.07979407979407978,-0.37481170112055334,-0.8198563217749171,-0.3146940691953014,-0.8447578602561104
Brien Boise,Australia,99% Dark & Pure,2024-07-04,3356.17,111,3356.17,0.19969945237485845,0.14157014157014156,-0.6168671090472624,-0.43277777582056876,0.1301708158686996,-0.7422110159278174
Rafaelita Blaksland,UK,Smooth Sliky Salty,2024-01-13,5287.86,67,5287.86,0.3148794626932329,0.08494208494208494,-0.15003336376431792,-0.7875997762787214,-0.4508275337457192,-0.6630067515896655
Barr Faughny,USA,Orange Choco,2024-03-10,4244.36,11,4244.36,0.25265915779585096,0.01287001287001287,-0.40221720962092666,-1.2391914132254611,-0.5918301350469849,-1.160651167912749
Mallorie Waber,Canada,Eclairs,2024-01-13,1671.64,277,1671.64,0.09925674014794243,0.3552123552123552,-1.0239694126992347,0.9058688622715525,1.3646017308251916,-0.08350970006928769
Karlen McCaffrey,New Zealand,Drinking Coco,2024-07-28,181.84,167,181.84,0.010425105997372558,0.21364221364221364,-1.3840110931565186,0.018813861126170926,0.9919470379909909,-0.9653402204257703
Marney O'Breen,New Zealand,Peanut Butter Cubes,2024-08-03,8950.59,189,8950.59,0.5332754160777925,0.24195624195624194,0.7351428103941648,0.19622486135524725,-0.3810725362685603,0.6585763964719384
Beverie Moffet,Australia,Organic Choco Syrup,2024-01-26,7271.76,385,7271.76,0.43317257518572566,0.4942084942084942,0.3294180323017351,1.7767955906688362,1.0234504864586154,1.48931793542997
Van Tuxwell,Canada,Organic Choco Syrup,2024-02-14,4864.83,42,4864.83,0.2896556432579292,0.05276705276705276,-0.25226751068594816,-0.9892031856299445,-0.5210922130511914,-0.8778523480093489
Roddy Speechley,USA,Smooth Sliky Salty,2024-04-05,3175.11,149,3175.11,0.1889034692366505,0.19047619047619047,-0.6606240876105566,-0.12634059360670968,0.37779548168615806,-0.5564680626430413
Beverie Moffet,Canada,Milk Bars,2024-02-16,10137.79,250,10137.79,0.6040640562063712,0.3204633204633205,1.0220548006202943,0.6881371801722316,-0.23611541377649262,1.2092883467492506
Curtice Advani,UK,85% Dark Bars,2024-06-08,1206.95,174,1206.95,0.07154887864074125,0.22265122265122264,-1.1362715797630656,0.07526281574451339,0.8566841867041481,-0.7502464919358817
Brien Boise,Australia,Eclairs,2024-06-27,8222.65,92,8222.65,0.48987086529005863,0.1171171171171171,0.559220712883039,-0.5859963669274983,-0.8097907630646867,-0.018933246545536388
Gunar Cockshoot,USA,Spicy Special Slims,2024-02-17,1440.85,152,1440.85,0.08549552867955068,0.19433719433719432,-1.079744697591661,-0.10214818448456292,0.6912651236823464,-0.8357244715522153
Marney O'Breen,USA,After Nines,2024-05-30,5611.65,159,5611.65,0.3341859433091633,0.20334620334620332,-0.07178266184777612,-0.045699229866220464,0.018443771630775277,-0.08307224229759076
Husein Augar,UK,Drinking Coco,2024-03-14,3562.44,111,3562.44,0.21199862083789914,0.14157014157014156,-0.5670176007723772,-0.43277777582056876,0.0949218905287136,-0.7069620905878308
Kaine Padly,Australia,Eclairs,2024-02-28,8385.26,122,8385.26,0.49956673858125494,0.1557271557271557,0.5985188587141298,-0.3440722757060306,-0.6665125830348148,0.17992090429477745
Karlen McCaffrey,India,Fruit & Nut Bars,2024-01-26,181.31,330,181.31,0.010393503925886585,0.42342342342342343,-1.384139178866441,1.3332680900961453,1.9214971071290603,-0.03597129183583276
Roddy Speechley,Canada,Spicy Special Slims,2024-02-09,1800.27,191,1800.27,0.106926503271038,0.24453024453024452,-0.992883252572224,0.21235313410334508,0.8522308219510626,-0.5519181396896897
Husein Augar,USA,Eclairs,2024-07-07,4449.37,113,4449.37,0.26488319680592504,0.14414414414414414,-0.35267220699604557,-0.41664950307247095,-0.04523877989762393,-0.5439925981034787
Dennison Crosswaite,New Zealand,White Choc,2024-07-05,10113.4,155,10113.4,0.6026097646525166,0.19819819819819817,1.0161604412523566,-0.07795577536241616,-0.7736569961744709,0.6634108813916417
Dennison Crosswaite,New Zealand,Manuka Honey Choco,2024-06-15,5932.84,303,5932.84,0.35333739489516247,0.3886743886743887,0.005839695076693737,1.1155364079968244,0.7846740707662512,0.7929326467438237
Van Tuxwell,New Zealand,85% Dark Bars,2024-05-24,2006.71,124,2006.71,0.11923580824757422,0.1583011583011583,-0.9429926602017035,-0.3279440029579328,0.4349050762967442,-0.898687932978785
Rafaelita Blaksland,UK,99% Dark & Pure,2024-06-29,14086.69,157,14086.69,0.8395233393968567,0.20077220077220076,1.9763900080023378,-0.06182750261431831,-1.4412374232901919,1.3538001305653848
Wilone O'Kielt,Australia,Manuka Honey Choco,2024-05-11,4799.54,90,4799.54,0.2857626258101572,0.11454311454311453,-0.26804622012148044,-0.6021246396755962,-0.23622911591480428,-0.6153037157534396
Karlen McCaffrey,UK,Almond Choco,2024-06-30,8101.98,138,8101.98,0.4826757295047524,0.17631917631917632,0.530058255116372,-0.21504609372124786,-0.5268683377546662,0.22274723547872707
Andria Kimpton,Canada,After Nines,2024-05-11,2321.97,71,2321.97,0.1380336743922303,0.09009009009009009,-0.8668034132014596,-0.7553432307825257,0.07881425082070932,-1.147030892040077
Roddy Speechley,USA,Manuka Honey Choco,2024-07-22,10245.0,329,10245.0,0.6104566186290337,0.42213642213642216,1.0479643646972343,1.3252039537220965,0.1960379934128631,1.6780834108513834
Andria Kimpton,UK,50% Dark Bites,2024-08-24,2930.4,344,2930.4,0.1743122561926272,0.44144144144144143,-0.7197634349220763,1.4461659993328304,1.5315433905331903,0.513644179166131
Kelci Walkden,New Zealand,After Nines,2024-07-07,170.24,75,170.24,0.009733438017679572,0.09523809523809523,-1.3868144785057632,-0.72308668528633,0.46932642344743286,-1.491925420550781
Camilla Castle,Australia,85% Dark Bars,2024-05-19,4247.49,14,4247.49,0.2528457888972681,0.01673101673101673,-0.4014607789189322,-1.2149990041033143,-0.5752583957823534,-1.1430096740903615
Karlen McCaffrey,India,Manuka Honey Choco,2024-07-04,2696.1,605,2696.1,0.16034175553382832,0.7773487773487773,-0.7763869855537997,3.5509055929595994,3.059857926445059,1.9618809218248754
Kelci Walkden,USA,After Nines,2024-06-02,5191.445,16,5191.445,0.3091305688775347,0.019305019305019305,-0.17333408776840503,-1.1988707313552165,-0.7251639150355329,-0.9702953327791674
Karlen McCaffrey,USA,Raspberry Choco,2024-04-15,17037.09,347,16778.052499999998,1.0000000000000002,0.4453024453024453,2.6268146805890713,1.4703584084549772,-0.8177380721717128,2.897138874958087
Mallorie Waber,Canada,Choco Coated Almonds,2024-07-11,5706.43,247,5706.43,0.33983734771565477,0.31660231660231664,-0.04887707017524182,0.6639447710500848,0.5040411577083118,0.4349185421774169
Andria Kimpton,India,Spicy Special Slims,2024-02-23,6682.34,139,6682.34,0.3980274941003257,0.17760617760617758,0.18697222259900162,-0.20698195734719893,-0.2785676721167441,-0.01414901913019238
Madelene Upcott,Canada,Almond Choco,2024-08-22,8192.6,100,8192.6,0.48807908746335404,0.1274131274131274,0.551958494801591,-0.5214832759351069,-0.7590379552968143,0.021549233918640536
Kaine Padly,USA,Peanut Butter Cubes,2024-02-16,7568.16,206,7568.16,0.4508458845978809,0.26383526383526384,0.40104936139794856,0.3333151797140789,-0.0478952991867823,0.5192741468832621
Van Tuxwell,USA,50% Dark Bites,2024-01-13,10772.33,156,10772.33,0.641899487226577,0.19948519948519947,1.1754048126469856,-0.06989163898836723,-0.8805575655388981,0.7817158617850768
Curtice Advani,Australia,Milk Bars,2024-02-14,7467.12,18,7467.12,0.44482121798855506,0.021879021879021878,0.37663090832142554,-1.1827424586071187,-1.1026434821568762,-0.5700069435998064
Roddy Speechley,India,Eclairs,2024-06-10,4985.9,311,4985.9,0.2968746296632248,0.398970398970399,-0.22300838445896246,1.1800494989892159,0.9921117437834558,0.6767302619586661
Curtice Advani,India,Fruit & Nut Bars,2024-07-07,5693.6,177,5693.6,0.33907233907949436,0.2265122265122265,-0.05197771103996657,0.09945522486666016,0.10707925587456361,0.03357167198073237
Curtice Advani,Canada,Almond Choco,2024-03-24,5879.1,75,5879.1,0.3501330640995848,0.09523809523809523,-0.007147712567133863,-0.72308668528633,-0.5062453025254781,-0.516353694577856
Brien Boise,Australia,Fruit & Nut Bars,2024-06-06,9771.93,22,9771.93,0.5822490866330543,0.027027027027027025,0.9336369933897251,-1.1504859131109229,-1.4736974400128264,-0.15333534162782578
Dotty Strutley,Australia,Drinking Coco,2024-07-19,105.06,140,105.06,0.005846979490404674,0.17889317889317888,-1.4025666041147078,-0.19891782097315,0.8511082167263233,-1.1324204969442697
Beverie Moffet,USA,Raspberry Choco,2024-04-19,16414.69,80,16414.69,0.9783339477352421,0.10167310167310166,2.5390004470576177,-0.6827660034160854,-2.2781329045292593,1.3125559625709824
Marney O'Breen,India,85% Dark Bars,2024-07-19,2553.41,183,2553.41,0.15183364311810485,0.23423423423423423,-0.8108710420610153,0.1478400431109537,0.6779111095238094,-0.46883371549448405
Jehu Rudeforth,Canada,Drinking Coco,2024-07-15,473.99,25,473.99,0.027845002572140305,0.03088803088803089,-1.3134068664511922,-1.1262935039887763,0.13230912744777806,-1.7251286760014348
Ches Bonnell,New Zealand,Spicy Special Slims,2024-02-14,3873.98,19,3873.98,0.2305746762166537,0.023166023166023165,-0.4917273704530979,-1.1746783222330697,-0.48291924922143364,-1.1783267655062517
Brien Boise,Canada,99% Dark & Pure,2024-05-18,17718.25,430,16778.052499999998,1.0000000000000002,0.552123552123552,2.6268146805890713,2.1396817275010376,-0.34445501446795285,3.37042193266184
Barr Faughny,Australia,Fruit & Nut Bars,2024-06-30,16572.07,57,16572.07,0.9877179741700768,0.07207207207207206,2.577034652770041,-0.8682411400192106,-2.4361778761391295,1.2082994805137108
Andria Kimpton,Australia,50% Dark Bites,2024-06-02,5220.19,216,5220.19,0.31084453405652396,0.2767052767052767,-0.16638725053874698,0.41395654345456817,0.41036503215220294,0.17505792583433294
Andria Kimpton,Australia,Drinking Coco,2024-06-28,1797.26,49,1797.26,0.10674702735561768,0.06177606177606177,-0.9936106827361229,-0.932754231011602,0.043032009693350644,-1.3621456935508554
Marney O'Breen,Australia,Organic Choco Syrup,2024-05-16,295.62,182,295.62,0.017209414853361176,0.23294723294723294,-1.3565137496188426,0.13977590673690476,1.0580365626284316,-0.8603635796281178
Kelci Walkden,Canada,Baker's Choco Chips,2024-05-26,3597.37,288,3597.37,0.21408137622847465,0.36936936936936937,-0.55857602747504,0.9945743623860906,1.0982431728733375,0.3082973792016396
Karlen McCaffrey,India,Almond Choco,2024-07-06,6580.43,147,6580.43,0.39195095239252287,0.18790218790218788,0.16234351562128532,-0.14246886635480754,-0.21553490228491953,0.014053499270032278
Oby Sorrel,India,99% Dark & Pure,2024-05-27,12232.97,11,12232.97,0.7289924111799185,0.01287001287001287,1.5283993623470304,-1.2391914132254611,-1.9569822049566439,0.20450090199692988
Wilone O'Kielt,Australia,Caramel Stuffed Bars,2024-04-14,2243.44,11,2243.44,0.13335120142280876,0.01287001287001287,-0.8857818486735434,-1.2391914132254611,-0.2498982996308568,-1.5025830033288816
Van Tuxwell,Australia,Organic Choco Syrup,2024-08-10,22943.37,14,16778.052499999998,1.0000000000000002,0.01673101673101673,2.6268146805890713,-1.2149990041033143,-2.716572508501255,0.9983044386285713
Camilla Castle,India,50% Dark Bites,2024-07-04,10590.61,430,10590.61,0.6310641505653866,0.552123552123552,1.1314883311241655,2.1396817275010376,0.7129003873255993,2.3130665308682725
Oby Sorrel,India,Organic Choco Syrup,2024-07-08,6468.82,59,6468.82,0.3852960331499768,0.07464607464607463,0.13537059848083852,-0.8521128672711128,-0.6982562549428024,-0.506813318624629
Jan Morforth,USA,Peanut Butter Cubes,2024-07-22,10463.57,109,10463.57,0.6234891936567488,0.138996138996139,1.1007864281269217,-0.4489060485686666,-1.0957980590252232,0.4609490369081106
Gigi Bohling,USA,Choco Coated Almonds,2024-03-02,14154.35,105,14154.35,0.843557671768066,0.13384813384813385,1.9927414780652588,-0.48116259406486234,-1.749314345408215,1.0688476791750867
Gigi Bohling,UK,Almond Choco,2024-01-10,6031.14,9,6031.14,0.3591986847575608,0.010296010296010296,0.02959596920003316,-1.255319685973559,-0.908572573026009,-0.8667175519917328
Jehu Rudeforth,New Zealand,White Choc,2024-03-11,3308.4,258,3308.4,0.19685109208262275,0.3307593307593308,-0.6284117399208322,0.7526502711646229,0.9765583132776564,0.08784990792713405
Andria Kimpton,New Zealand,Peanut Butter Cubes,2024-06-20,1119.94,283,1119.94,0.06636077252754412,0.36293436293436293,-1.1572993865939074,0.954253680515846,1.4930934925885584,-0.1435749956586182
Van Tuxwell,UK,Organic Choco Syrup,2024-08-26,2303.39,222,2303.39,0.13692581309372207,0.28442728442728443,-0.8712936631832667,0.4623413616988617,0.9430223697220408,-0.289172945561475
Roddy Speechley,Canada,Milk Bars,2024-07-13,723.37,33,723.37,0.04271467160454003,0.04118404118404118,-1.2531389148654508,-1.0617804129963848,0.13531089430930301,-1.6368951546309096
Camilla Castle,USA,Spicy Special Slims,2024-02-11,1413.64,261,1413.64,0.08387309025477084,0.33462033462033464,-1.0863205696048457,0.7768426802867697,1.3174553684559254,-0.21883391416412068
Marney O'Breen,USA,Orange Choco,2024-01-27,9001.89,193,9001.89,0.5363342580914346,0.24710424710424708,0.7475405404300478,0.22848140685144294,-0.3670302331902407,0.6901517375096438
Van Tuxwell,UK,99% Dark & Pure,2024-01-31,5283.91,136,5283.91,0.3146439378208375,0.17374517374517373,-0.1509879648099658,-0.2311743664693457,-0.056700348372297885,-0.27022957596166053
Camilla Castle,USA,White Choc,2024-08-18,10958.51,23,10958.51,0.6530007583006494,0.028314028314028312,1.2203991475023603,-1.142421776736874,-1.6707666982590281,0.0551383276473849
Andria Kimpton,USA,Raspberry Choco,2024-06-30,15531.78,22,15531.78,0.9256890704981099,0.027027027027027025,2.3256265713074904,-1.1504859131109229,-2.457982709899471,0.8309499282588332
Dotty Strutley,Australia,Fruit & Nut Bars,2024-08-23,317.36,337,317.36,0.01850569604978579,0.43243243243243246,-1.3512598188005172,1.389717044714488,1.938163327266894,0.02719336522937785
Brien Boise,New Zealand,Mint Chip Choco,2024-08-01,71.41,188,71.41,0.003840546083795278,0.24066924066924064,-1.4106988383390249,0.18816072498119832,1.1305644393886856,-0.8644649902143353
Roddy Speechley,New Zealand,After Nines,2024-05-25,9317.33,11,9317.33,0.555142857015086,0.01287001287001287,0.8237732882374352,-1.2391914132254611,-1.458736329752898,-0.2937449732068236
Roddy Speechley,Canada,Organic Choco Syrup,2024-01-10,4790.71,86,4790.71,0.28523612337389087,0.10939510939510938,-0.27018017638301745,-0.6343811851717919,-0.2575290030295285,-0.6396214727547401
Dennison Crosswaite,Australia,70% Dark Bites,2024-02-07,6166.8,114,6166.8,0.3672876225269703,0.1454311454311454,0.06238107751714625,-0.408585366698422,-0.33302356641614606,-0.24480340055594613
Karlen McCaffrey,USA,Orange Choco,2024-05-12,11741.46,433,11741.46,0.6996853656024272,0.555984555984556,1.4096155750188257,2.1638741366231846,0.5333413436784712,2.526838807602422
Madelene Upcott,Australia,Spicy Special Slims,2024-03-07,5191.445,443,5191.445,0.3091305688775347,0.5688545688545688,-0.17333408776840503,2.244515500363674,1.709677839657304,1.4645464219136348
Dennison Crosswaite,Australia,85% Dark Bars,2024-04-05,8278.86,453,8278.86,0.493222473664071,0.5817245817245816,0.5728050482693353,2.325156864104163,1.239099852001381,2.0491685198596272
Andria Kimpton,Canada,Caramel Stuffed Bars,2024-01-03,7560.62,336,7560.62,0.4503963004110804,0.43114543114543114,0.3992271609209396,1.381652908340439,0.6946799080125989,1.259272373454684
Dennison Crosswaite,UK,Eclairs,2024-03-24,6702.11,285,6702.11,0.3992063109933024,0.3655083655083655,0.19175006125025704,0.9703819532639438,0.5505758908909951,0.8217514280969707
Madelene Upcott,India,Raspberry Choco,2024-07-07,4758.69,10,4758.69,0.28332688124373834,0.011583011583011582,-0.2779184866315356,-1.2472555495995101,-0.685424810480114,-1.0784609035086248
Van Tuxwell,USA,After Nines,2024-07-26,709.25,263,709.25,0.041872744718913744,0.3371943371943372,-1.2565513115147036,0.7929709530348675,1.4492310914558084,-0.327800815105993
Wilone O'Kielt,Australia,Organic Choco Syrup,2024-07-07,2003.05,110,2003.05,0.11901757507467109,0.14028314028314026,-0.9438771766136203,-0.4408419121946177,0.35569964664663767,-0.9791442577347648
Karlen McCaffrey,Canada,50% Dark Bites,2024-07-15,3248.0,64,3248.0,0.19324964846422135,0.08108108108108107,-0.6430086774289675,-0.8117921854008682,-0.11934796303939217,-1.0286995553830163
Roddy Speechley,New Zealand,Orange Choco,2024-04-01,51.98,95,51.98,0.0026820022178095262,0.12097812097812097,-1.4153945087990096,-0.5618039578053515,0.6035796669643668,-1.3980904434875916
Beverie Moffet,Australia,Eclairs,2024-06-20,2134.65,6,2134.65,0.12686442905118808,0.0064350064350064354,-0.9120732531687427,-1.2795120950957057,-0.25981849679789876,-1.5496848613068712
Kelci Walkden,UK,Fruit & Nut Bars,2024-06-29,15540.41,520,15540.41,0.9262036476243815,0.667953667953668,2.327712193338868,2.865454001165441,0.38024087884170876,3.672123031962731
Marney O'Breen,USA,50% Dark Bites,2024-06-15,1117.77,114,1117.77,0.06623138291410155,0.1454311454311454,-1.157823812991137,-0.408585366698422,0.5297915860992435,-1.107618553071348
Husein Augar,USA,After Nines,2024-04-08,13999.05,179,13999.05,0.8342976685571762,0.22908622908622908,1.9552099483464935,0.115583497614758,-1.3008123381625403,1.4642720880758688
Dennison Crosswaite,Australia,Raspberry Choco,2024-03-14,6265.59,31,6265.59,0.37317812939885564,0.03861003861003861,0.08625577050437612,-1.0779086857444826,-0.823188581429923,-0.701204500949682
Andria Kimpton,USA,Fruit & Nut Bars,2024-07-15,1536.82,386,1536.82,0.09121788868051067,0.4954954954954955,-1.0565515172496784,1.7848597270428852,2.0091811589789805,0.5149916739385967
Kelci Walkden,India,Eclairs,2024-04-19,6069.93,80,6069.93,0.36151159863103416,0.10167310167310166,0.03897039313944652,-0.6827660034160854,-0.5103447002335633,-0.45523224172473936
Marney O'Breen,USA,99% Dark & Pure,2024-03-28,4861.33,286,4861.33,0.2894469503330218,0.3667953667953668,-0.25311335971373744,0.9784460896379928,0.8708440380709823,0.5128876919459854
Brien Boise,Canada,Spicy Special Slims,2024-03-04,8993.24,97,8993.24,0.5358184884341636,0.12355212355212354,0.7454500849756543,-0.5456756850572537,-0.9129637873549714,0.14126183288978086
Karlen McCaffrey,New Zealand,70% Dark Bites,2024-08-02,150.42,40,150.42,0.008551639797204141,0.05019305019305019,-1.3916044007145585,-1.0053314583780424,0.27313621691501827,-1.6948896000335831
Husein Augar,UK,Spicy Special Slims,2024-08-25,5593.68,41,5593.68,0.33311445420613894,0.05148005148005148,-0.07612549242759702,-0.9972673220039934,-0.6513456341280587,-0.7590033379614864
Marney O'Breen,USA,Almond Choco,2024-02-25,5191.445,167,5191.445,0.3091305688775347,0.21364221364221364,-0.17333408776840503,0.018813861126170926,0.13586911765443985,-0.10926230008920691
Kelci Walkden,India,Orange Choco,2024-06-07,11315.16,134,11315.16,0.67426656734871,0.17117117117117117,1.3065911634340894,-0.24730263921744355,-1.0987688450986446,0.7490300987066887
Jan Morforth,India,Spicy Special Slims,2024-04-12,5191.445,506,5191.445,0.3091305688775347,0.6499356499356499,-0.17333408776840503,2.752556091928756,2.068916787071001,1.8237853693273267
Ches Bonnell,India,Spicy Special Slims,2024-07-06,5191.445,101,5191.445,0.3091305688775347,0.1287001287001287,-0.17333408776840503,-0.513419139561058,-0.2404764463027668,-0.48560786404640816
Kelci Walkden,UK,Smooth Sliky Salty,2024-01-19,6883.75,182,6883.75,0.410036877530495,0.23294723294723294,0.23564720908101364,0.13977590673690476,-0.06779124800870345,0.2654642310090332
Madelene Upcott,Australia,Fruit & Nut Bars,2024-01-05,6105.6,90,6105.6,0.3636384776685901,0.11454311454311453,0.047590803088373455,-0.6021246396755962,-0.45941819542002604,-0.3921146362482146
Madelene Upcott,Canada,70% Dark Bites,2024-01-24,12634.72,145,12634.72,0.7529473776317855,0.18532818532818532,1.625490747179702,-0.15859713910290538,-1.2615406426231985,1.0372504175503137
Wilone O'Kielt,Australia,Drinking Coco,2024-04-06,663.74,285,663.74,0.039159140429618246,0.3655083655083655,-1.2675497655874723,0.9703819532639438,1.5824566942323006,-0.21012937524434963
Gunar Cockshoot,Australia,Fruit & Nut Bars,2024-06-15,7044.68,21,7044.68,0.4196325782177357,0.02574002574002574,0.27453934737876556,-1.1585500494849719,-1.0133472305688929,-0.6250899621007724
Gigi Bohling,Canada,Baker's Choco Chips,2024-01-28,1804.9,47,1804.9,0.10720257419741548,0.0592020592020592,-0.9917643151440344,-0.9488825037596998,0.030322019619415587,-1.3722445255349327
Kelci Walkden,India,Caramel Stuffed Bars,2024-03-16,513.43,131,513.43,0.030196673703096456,0.1673101673101673,-1.3038753562637606,-0.2714950483395903,0.7300031164966285,-1.1139550959756297
Rafaelita Blaksland,Australia,Drinking Coco,2024-02-21,13699.76,389,13699.76,0.8164520384155974,0.49935649935649934,1.8828801896244771,1.8090521361650318,-0.052204317242958875,2.6105903832475845
Kelci Walkden,USA,Manuka Honey Choco,2024-02-16,19995.68,94,16778.052499999998,1.0000000000000002,0.11969111969111967,2.6268146805890713,-0.5698680941794004,-2.260396067341005,1.4544808797888154
Jehu Rudeforth,Canada,Spicy Special Slims,2024-01-13,2189.7,29,2189.7,0.13014687062723107,0.036036036036036036,-0.8987692563173711,-1.0940369584925804,-0.13807511635481587,-1.4091267880828113
Kelci Walkden,Australia,Eclairs,2024-03-23,8727.09,523,8727.09,0.5199488821587077,0.6718146718146718,0.6811293081910484,2.889646410287588,1.5616574192589436,2.524919724632499
Curtice Advani,Canada,Spicy Special Slims,2024-06-16,911.46,126,911.46,0.05392982938906191,0.16087516087516085,-1.2076829881120539,-0.31181573020983494,0.6334738131056487,-1.0744478477296795
Oby Sorrel,India,Raspberry Choco,2024-04-14,7620.86,46,7620.86,0.4539882037814861,0.05791505791505791,0.41378543104494736,-0.9569466401337487,-0.9692539427203404,-0.3840729742241687
Kelci Walkden,UK,Eclairs,2024-01-25,5054.56,60,5054.56,0.30096858858440767,0.07593307593307592,-0.20641524324524427,-0.8440487308970639,-0.45087496303023583,-0.7427901995081929
Jan Morforth,India,Almond Choco,2024-03-11,5230.5,23,5230.5,0.3114592837867511,0.028314028314028312,-0.1638956209740304,-1.142421776736874,-0.6919224803083174,-0.9237058903033397
Dotty Strutley,UK,Almond Choco,2024-07-28,17104.04,103,16778.052499999998,1.0000000000000002,0.13127413127413126,2.6268146805890713,-0.49729086681296014,-2.209076217710477,1.5058007294193427
Marney O'Breen,New Zealand,After Nines,2024-03-09,1642.32,43,1642.32,0.09750848970271843,0.05405405405405405,-1.031055210840601,-0.9811390492558956,0.03529605634733841,-1.4228362063788804
Husein Augar,Australia,Orange Choco,2024-06-28,10322.19,182,10322.19,0.6150591920214907,0.23294723294723294,1.0666189608272503,0.13977590673690476,-0.6553770086429274,0.8530499916432657
Marney O'Breen,Australia,Milk Bars,2024-07-28,2715.92,423,2715.92,0.16152355375430377,0.5431145431145431,-0.7715970633450043,2.0832327728826954,2.018669536330294,0.9274665046605157
Kelci Walkden,Canada,99% Dark & Pure,2024-08-15,5598.05,51,5598.05,0.33337502222952325,0.06435006435006434,-0.0750693894986144,-0.9166259582635042,-0.5950703565257418,-0.7012345052737412
Kaine Padly,Australia,Manuka Honey Choco,2024-01-12,2996.99,280,2996.99,0.17828278815536475,0.3590733590733591,-0.703670552990508,0.9300612713936992,1.1552228516623435,0.16008241218058242
Beverie Moffet,New Zealand,White Choc,2024-03-24,5191.445,7,5191.445,0.3091305688775347,0.007722007722007722,-0.17333408776840503,-1.2714479587216567,-0.776483764666061,-1.0216151824096948
Van Tuxwell,UK,Milk Bars,2024-07-25,4991.22,92,4991.22,0.29719184290908407,0.1171171171171171,-0.2217226939367226,-0.5859963669274983,-0.25758038437951264,-0.5711436252307185
Oby Sorrel,Canada,99% Dark & Pure,2024-08-01,4151.7,424,4151.7,0.24713416167530336,0.5444015444015443,-0.42461045845377127,2.0912969092567444,1.7790151605453104,1.1785252914745086
Van Tuxwell,India,Organic Choco Syrup,2024-05-16,22701.85,168,16778.052499999998,1.0000000000000002,0.2149292149292149,2.6268146805890713,0.02687799750021985,-1.8384328592677732,1.876444087862041
Roddy Speechley,India,Smooth Sliky Salty,2024-08-10,6014.3,141,6014.3,0.3581945736560065,0.18018018018018017,0.025526227020612625,-0.19085368459910107,-0.1530037028188464,-0.11690416637007929
Jan Morforth,India,Eclairs,2024-01-05,2788.6,27,2788.6,0.16585721140638016,0.03346203346203346,-0.7540324041050827,-1.1101652312406785,-0.25182393707072587,-1.3181867894249126
Ches Bonnell,UK,Smooth Sliky Salty,2024-07-11,6503.75,116,6503.75,0.38737878854055235,0.148005148005148,0.14381217177817576,-0.3924570939503242,-0.37919963433855436,-0.17581851057552478
Wilone O'Kielt,USA,After Nines,2024-04-25,433.92,31,433.92,0.025455766714700827,0.03861003861003861,-1.3230906294636255,-1.0779086857444826,0.17336981502829182,-1.697762897407911
Gigi Bohling,New Zealand,Fruit & Nut Bars,2024-04-04,12314.13,129,12314.13,0.7338317019757705,0.16473616473616473,1.5480133929457103,-0.2876233210876882,-1.2979911682880012,0.8912303667510169
Barr Faughny,USA,Raspberry Choco,2024-04-12,9876.86,106,9876.86,0.5885057005217771,0.13513513513513511,0.9589955472428483,-0.4730984576908134,-1.0126433821851908,0.34358112698105825
Wilone O'Kielt,New Zealand,85% Dark Bars,2024-08-02,2043.06,121,2043.06,0.12140323333911215,0.15444015444015444,-0.9342079138702346,-0.35213641208007956,0.41158670605124953,-0.9095827958203087
Gigi Bohling,New Zealand,Manuka Honey Choco,2024-06-28,8728.8,272,8728.8,0.5200508435591624,0.3487773487773488,0.6815425658589109,0.8655481804013079,0.13011161781933459,1.0939583577915561
Ches Bonnell,Australia,Eclairs,2024-07-05,4906.57,128,4906.57,0.29214445545382445,0.16344916344916344,-0.24218015685168384,-0.2956874574617371,-0.03783537510435865,-0.3803298374616502
Rafaelita Blaksland,New Zealand,Choco Coated Almonds,2024-06-07,2278.06,49,2278.06,0.13541547258289247,0.06177606177606177,-0.8774151934329533,-0.932754231011602,-0.03913060873620906,-1.2799830751212946
Brien Boise,New Zealand,Smooth Sliky Salty,2024-01-18,1108.18,27,1108.18,0.06565956429985537,0.03346203346203346,-1.1601414393272795,-1.1101652312406785,0.03533851563601386,-1.6053492421316564
Brien Boise,Australia,Baker's Choco Chips,2024-01-04,14957.65,206,14957.65,0.8914556793618053,0.26383526383526384,2.186875913500442,0.3333151797140789,-1.3106653642014379,1.7820442118979358
Dennison Crosswaite,Australia,99% Dark & Pure,2024-01-31,3020.67,19,3020.67,0.17969474485873801,0.023166023166023165,-0.6979477801396363,-1.1746783222330697,-0.3370993991130151,-1.324146615614672
Kelci Walkden,India,Almond Choco,2024-03-14,3677.47,152,3677.47,0.21885746288135466,0.19433719433719432,-0.539218168296205,-0.10214818448456292,0.3090551494063032,-0.4535144972761666
Camilla Castle,Australia,70% Dark Bites,2024-04-29,6999.62,500,6999.62,0.4169458058759283,0.6422136422136422,0.26364964532385526,2.7041712736844623,1.725709393046235,2.0985662971780608
Oby Sorrel,India,Smooth Sliky Salty,2024-02-07,10901.65,116,10901.65,0.6496103926691542,0.148005148005148,1.206657725868046,-0.3924570939503242,-1.1307449329894697,0.5757267880754013
Kaine Padly,UK,Organic Choco Syrup,2024-03-31,2586.62,172,2586.62,0.1538138408427259,0.22007722007722005,-0.802845143143049,0.05913454299641554,0.6095116813142633,-0.5258828086040058
Marney O'Breen,India,Caramel Stuffed Bars,2024-03-16,5077.5,81,5077.5,0.3023364216408005,0.10296010296010295,-0.2008713070459625,-0.6747018670420365,-0.3350488021066477,-0.6191237288226511
Karlen McCaffrey,UK,Eclairs,2024-01-25,8360.11,203,8360.11,0.4980671308494206,0.25997425997426,0.5924408292715868,0.30912277059193216,-0.20033612052498753,0.6375017351344509
Van Tuxwell,India,Baker's Choco Chips,2024-06-20,3566.77,426,3566.77,0.21225680379928455,0.546975546975547,-0.5659711646894264,2.107425182004842,1.8903766855468667,1.0899725885309626
Gigi Bohling,UK,After Nines,2024-03-29,9186.69,173,9186.69,0.5473532445265437,0.22136422136422135,0.792201369097323,0.06719867937046446,-0.5126543182843439,0.6076876020236238
Curtice Advani,Australia,Orange Choco,2024-07-12,917.35,140,917.35,0.05428102976840602,0.17889317889317888,-1.2062595450338598,-0.19891782097315,0.7122981640554684,-0.9936104442734127
Jehu Rudeforth,Canada,Smooth Sliky Salty,2024-07-11,6199.12,132,6199.12,0.3692147526221149,0.16859716859716858,0.07019188911090334,-0.2634309119655414,-0.23590694499960588,-0.13664062345037514
Karlen McCaffrey,Canada,Smooth Sliky Salty,2024-01-19,3368.63,180,3368.63,0.20044239918752865,0.23037323037323035,-0.6138558865083324,0.12364763398880693,0.5214937404924764,-0.3466295795501677
Andria Kimpton,USA,85% Dark Bars,2024-04-05,10527.23,82,10527.23,0.627285019828064,0.10424710424710423,1.116171213586655,-0.6666377306679876,-1.2606362940424851,0.31786817414220586
Jehu Rudeforth,Canada,Milk Bars,2024-02-21,5191.445,12,5191.445,0.3091305688775347,0.014157014157014158,-0.17333408776840503,-1.231127276851412,-0.7479727370935453,-0.9931041548371795
Rafaelita Blaksland,New Zealand,Caramel Stuffed Bars,2024-05-20,14493.5,15,14493.5,0.8637800161915897,0.018018018018018018,2.0747042488580414,-1.2069348677292655,-2.3204692727459113,0.6136056139022273
Mallorie Waber,Australia,Milk Bars,2024-07-29,3112.2,107,3112.2,0.1851523629778155,0.1364221364221364,-0.6758276197071923,-0.4650343213167645,0.14905337072054495,-0.806711214895688
Barr Faughny,USA,Fruit & Nut Bars,2024-01-28,9617.64,44,9617.64,0.5730493062376377,0.05534105534105534,0.8963495515332648,-0.9730749128818467,-1.3218827157039554,-0.054253023298561104
Marney O'Breen,UK,Caramel Stuffed Bars,2024-07-19,4198.08,107,4198.08,0.24989964106307586,0.1364221364221364,-0.4134017504798091,-0.4650343213167645,-0.03650974096891056,-0.6211481032062297
Mallorie Waber,New Zealand,Manuka Honey Choco,2024-04-13,10927.22,11,10927.22,0.6511350435519775,0.01287001287001287,1.2128372571939239,-1.2391914132254611,-1.7338461005173813,-0.018635202442335675
Roddy Speechley,India,Peanut Butter Cubes,2024-02-11,10759.18,20,10759.18,0.641115398094425,0.02445302445302445,1.1722268370140059,-1.1666141858590209,-1.6538103473907984,0.003968743692136351
Roddy Speechley,New Zealand,Milk Bars,2024-03-02,6250.42,111,6250.42,0.37227359463575715,0.14157014157014156,0.0825896191467865,-0.43277777582056876,-0.3644197797838646,-0.2476204202752459
Ches Bonnell,Australia,White Choc,2024-03-02,1103.54,195,1103.54,0.06538289710797816,0.24967824967824967,-1.1612627934669775,0.24460967959954077,0.9941019591888319,-0.648171632811436
Van Tuxwell,USA,99% Dark & Pure,2024-07-28,13435.98,6,13435.98,0.8007237470635789,0.0064350064350064354,1.8191321734672596,-1.2795120950957057,-2.1910723747856995,0.3815690166809576
Kelci Walkden,India,After Nines,2024-01-07,1855.03,563,1855.03,0.11019165314758869,0.7232947232947232,-0.9796493403545836,3.2122118652495444,2.9640934842755065,1.5786601007761658
Brien Boise,UK,White Choc,2024-04-12,5799.09,169,5799.09,0.3453623438362024,0.2162162162162162,-0.02648382134239723,0.03494213387426877,0.043434709474565555,0.00598093014868124
Van Tuxwell,Canada,Almond Choco,2024-06-27,3631.78,71,3631.78,0.21613312581306396,0.09009009009009009,-0.5502601231761172,-0.7553432307825257,-0.14501565609530864,-0.9232009851240557
Jehu Rudeforth,Australia,50% Dark Bites,2024-01-14,5461.43,456,5461.43,0.32522884297213916,0.5855855855855855,-0.10808650212049256,2.3493492732263097,1.7376695010781562,1.5848121038698637
Karlen McCaffrey,UK,Baker's Choco Chips,2024-02-07,5315.95,389,5315.95,0.3165543724819895,0.49935649935649934,-0.1432448211384318,1.8090521361650318,1.3804824173991508,1.1779036486054542
Jehu Rudeforth,Australia,Orange Choco,2024-03-23,16059.94,28,16059.94,0.9571814291321312,0.03474903474903475,2.4532676063124033,-1.1021010948666294,-2.5140253182220946,0.9554190027554953
Marney O'Breen,India,Peanut Butter Cubes,2024-01-10,7803.84,157,7803.84,0.4648986698956432,0.20077220077220076,0.4580064182177719,-0.06182750261431831,-0.36757809051116,0.2801407977863376
Oby Sorrel,UK,Choco Coated Almonds,2024-03-17,10751.19,44,10751.19,0.6406389819601365,0.05534105534105534,1.1702958845191385,-0.9730749128818467,-1.5155920254394533,0.13945628643693975
Gigi Bohling,USA,Spicy Special Slims,2024-01-21,12156.54,54,12156.54,0.7244351539654414,0.0682110682110682,1.5099284362916205,-0.8924335491413574,-1.6987264507644335,0.4366348220519853
Barr Faughny,Australia,White Choc,2024-07-04,9402.26,401,9402.26,0.5602069399043382,0.5148005148005147,0.8442984190746196,1.905821772653619,0.7506103617036094,1.9446286366490801
Kaine Padly,Canada,Peanut Butter Cubes,2024-07-04,3653.39,185,3653.39,0.21742165555799198,0.2368082368082368,-0.5450376096073953,0.16396831585905156,0.5013428977987664,-0.26945668171142595
Dotty Strutley,USA,Manuka Honey Choco,2024-08-10,320.11,201,320.11,0.018669669062213005,0.2574002574002574,-1.3505952231358256,0.2929944978438343,1.1621934371932177,-0.7478366446417863
Dennison Crosswaite,Australia,50% Dark Bites,2024-04-01,7618.91,12,7618.91,0.4538719320090377,0.014157014157014158,0.41331417230089335,-1.231127276851412,-1.1627956999598328,-0.5782811919708866
Gigi Bohling,India,Raspberry Choco,2024-02-22,2843.9,158,2843.9,0.16915455961991654,0.20205920205920205,-0.7406679894660118,-0.05376336624026939,0.48571491711130876,-0.5617477988071371
Camilla Castle,UK,White Choc,2024-01-03,11946.4,192,11946.4,0.7119052307540031,0.24581724581724582,1.459143660663151,0.220417270477394,-0.8759118305350737,1.1876289238254778
Karlen McCaffrey,India,Drinking Coco,2024-05-31,5055.05,241,5055.05,0.30099780559389466,0.3088803088803089,-0.2062968243813538,0.6155599528057912,0.5811405003131536,0.28939273339853644
Dotty Strutley,UK,99% Dark & Pure,2024-01-03,10378.36,301,10378.36,0.6184084153335041,0.3861003861003861,1.0801936293675145,1.0994081352487266,0.013586707405764672,1.5412111880463093
Husein Augar,New Zealand,Caramel Stuffed Bars,2024-01-27,595.16,461,595.16,0.03506995163243333,0.592020592020592,-1.2841235731091267,2.3896699550965543,2.5977643164734943,0.7817393436195444
Barr Faughny,UK,50% Dark Bites,2024-01-28,639.95,71,639.95,0.03774062480574789,0.09009009009009009,-1.2732991222649317,-0.7553432307825257,0.3662501232227222,-1.4344667644420939
Curtice Advani,Australia,Organic Choco Syrup,2024-06-28,3717.35,322,3717.35,0.2212353696942992,0.41312741312741313,-0.529580322802423,1.268754999103754,1.2716151009671541,0.5226754260940333
Husein Augar,UK,Choco Coated Almonds,2024-03-02,5057.1,41,5057.1,0.30112004002134046,0.05148005148005148,-0.20580139852222004,-0.9972673220039934,-0.5596509215720414,-0.8506980505175048
Wilone O'Kielt,Australia,After Nines,2024-05-27,3729.83,27,3729.83,0.22197950903796887,0.03346203346203346,-0.5265642668404771,-1.1101652312406785,-0.4126681994343997,-1.1573425270612365
Dennison Crosswaite,USA,Almond Choco,2024-06-30,13786.87,85,13786.87,0.8216461071837919,0.1081081081081081,1.9039321635703987,-0.6424453215458408,-1.8005607871864335,0.8920059003731812
Barr Faughny,Canada,Peanut Butter Cubes,2024-06-07,2206.28,79,2206.28,0.13113547882579227,0.10038610038610038,-0.8947623486371578,-0.6908301397901343,0.14420184777807343,-1.1211832007653917
Kaine Padly,USA,70% Dark Bites,2024-05-12,5191.445,103,5191.445,0.3091305688775347,0.13127413127413126,-0.17333408776840503,-0.49729086681296014,-0.2290720352737606,-0.47420345301740213
Barr Faughny,New Zealand,Raspberry Choco,2024-07-29,5191.445,69,5191.445,0.3091305688775347,0.08751608751608751,-0.17333408776840503,-0.7714715035306235,-0.4229470227668671,-0.6680784405105058
Dennison Crosswaite,UK,White Choc,2024-08-03,8338.51,270,8338.51,0.49677919736999226,0.3462033462033462,0.5872207324143728,0.8494199076532101,0.18540281483290885,1.0158583387199687
Barr Faughny,India,Baker's Choco Chips,2024-08-18,7548.62,153,7548.62,0.44968078181139803,0.1956241956241956,0.3963271071113763,-0.094084048110514,-0.3467730534269258,0.213718116586078
Van Tuxwell,New Zealand,Smooth Sliky Salty,2024-06-14,5191.445,46,5191.445,0.3091305688775347,0.05791505791505791,-0.17333408776840503,-0.9569466401337487,-0.5540977496004388,-0.7992291673440757
Beverie Moffet,UK,White Choc,2024-06-30,7108.96,80,7108.96,0.4234653728500344,0.10167310167310166,0.2900739689519929,-0.6827660034160854,-0.6879017414708039,-0.2776752004874963
Camilla Castle,New Zealand,Mint Chip Choco,2024-06-13,1293.02,201,1293.02,0.07668093579696325,0.2574002574002574,-1.1154709438139727,0.2929944978438343,0.9959354648631366,-0.5815786723117029
Ches Bonnell,UK,Orange Choco,2024-04-27,15365.78,57,15365.78,0.9157910632025034,0.07207207207207206,2.2855091602751982,-0.8682411400192106,-2.2300382235072798,1.002159827881858
Jan Morforth,Australia,White Choc,2024-07-27,3766.49,33,3766.49,0.2241654183599986,0.04118404118404118,-0.5177046024522612,-1.0617804129963848,-0.3847196951153254,-1.1168645652062739
Mallorie Waber,Canada,85% Dark Bars,2024-04-20,1664.68,465,1664.68,0.09884173936012663,0.5971685971685972,-1.0256514439087814,2.42192650059275,2.437805743226218,0.9873155609828476
Rafaelita Blaksland,India,Spicy Special Slims,2024-01-04,5191.445,134,5191.445,0.3091305688775347,0.17117117117117117,-0.17333408776840503,-0.24730263921744355,-0.052303664324163494,-0.29743508206780755
Ches Bonnell,Australia,Mint Chip Choco,2024-02-21,10576.55,96,10576.55,0.6302258012727585,0.12226512226512226,1.1280904347439602,-0.5537398214313026,-1.189233578946234,0.40612721345204134
Karlen McCaffrey,Australia,White Choc,2024-01-05,8857.15,50,8857.15,0.5277039112482654,0.06306306306306306,0.7125610580636985,-0.9246900946375531,-1.1577113925805478,-0.14999788024793342
Beverie Moffet,India,Drinking Coco,2024-07-15,6756.17,45,6756.17,0.4024297222848716,0.056628056628056624,0.2048148036623398,-0.9650107765077978,-0.8271916005437955,-0.537539727429722
Brien Boise,Australia,Choco Coated Almonds,2024-05-25,5532.85,63,5532.85,0.3294873711712489,0.07979407979407978,-0.09082634853057496,-0.8198563217749171,-0.5155020377693263,-0.6439498916820826
Karlen McCaffrey,Canada,Eclairs,2024-04-20,3713.66,352,3713.66,0.22101534772489684,0.4517374517374517,-0.5304720893488637,1.5106790903252219,1.4433118405744716,0.6931110173569014
Gigi Bohling,USA,99% Dark & Pure,2024-06-02,906.85,246,906.85,0.05365495099368392,0.3153153153153153,-1.2087970921172277,0.6558806346760359,1.31852626534303,-0.3909709764863194
Marney O'Breen,UK,Smooth Sliky Salty,2024-05-13,22558.88,84,16778.052499999998,1.0000000000000002,0.1068211068211068,2.6268146805890713,-0.6505094579198897,-2.317418122486036,1.3974588246437847
Beverie Moffet,New Zealand,Baker's Choco Chips,2024-08-03,1517.05,147,1517.05,0.09003907178753391,0.18790218790218788,-1.061329355900934,-0.14246886635480754,0.6497324831224504,-0.8512138861373502
Beverie Moffet,Australia,Milk Bars,2024-05-25,770.45,389,770.45,0.045521889577293986,0.49935649935649934,-1.2417610370859307,1.8090521361650318,2.1572506829390075,0.4011353830655866
Van Tuxwell,UK,Raspberry Choco,2024-03-16,7623.35,80,7623.35,0.4541366738909202,0.10167310167310166,0.4143871922104319,-0.6827660034160854,-0.7758044646280026,-0.18977247733029615
Jan Morforth,Australia,Orange Choco,2024-07-04,3418.05,117,3418.05,0.2033891432872207,0.1492921492921493,-0.6019124982359475,-0.38439295757627523,0.15380954224103202,-0.6974232761261125
Jehu Rudeforth,India,50% Dark Bites,2024-07-05,4055.71,137,4055.71,0.24141060914334392,0.17503217503217502,-0.4478084722187697,-0.22311023009529676,0.15888565072620087,-0.47441116403115613
Madelene Upcott,USA,After Nines,2024-03-15,5432.84,450,5432.84,0.3235241199083958,0.5778635778635778,-0.11499588032177717,2.300964454982016,1.7083419361710481,1.5457132026029345
Barr Faughny,UK,Raspberry Choco,2024-08-22,6016.8,71,6016.8,0.3583436400309403,0.09009009009009009,0.02613040489760498,-0.7553432307825257,-0.5525853071079299,-0.5156313341114287
Ches Bonnell,Australia,70% Dark Bites,2024-01-12,3609.76,122,3609.76,0.21482014918264675,0.1557271557271557,-0.5555817219166658,-0.3440722757060306,0.14955976370054677,-0.6361514424405957
Marney O'Breen,UK,Baker's Choco Chips,2024-06-10,302.25,154,302.25,0.0176047388796857,0.1969111969111969,-1.354911469889059,-0.08601991173646507,0.897241825360056,-1.0188923511719152
Kaine Padly,Australia,Peanut Butter Cubes,2024-03-25,6062.87,290,6062.87,0.361090635188221,0.37194337194337196,0.03726419481482002,1.0107026351341886,0.6883249222174869,0.7410244519155085
Rafaelita Blaksland,India,Almond Choco,2024-07-27,3589.91,106,3589.91,0.2136365621656721,0.13513513513513511,-0.5603788942599852,-0.4730984576908134,0.06171658856297845,-0.7307788437671263
Husein Augar,UK,Caramel Stuffed Bars,2024-04-15,16457.28,442,16457.28,0.9808734424986149,0.5675675675675675,2.5492932213700596,2.236451363989625,-0.22121259879267618,3.384032449334636
Roddy Speechley,India,Orange Choco,2024-06-27,4813.53,19,4813.53,0.2865968012442869,0.023166023166023165,-0.2646652407218313,-1.1746783222330697,-0.6434764209050706,-1.0177695938226123
Jehu Rudeforth,UK,70% Dark Bites,2024-04-14,5819.17,270,5819.17,0.3465596449596709,0.3462033462033462,-0.021631064634394657,0.8494199076532101,0.6159260492637048,0.5853351042891665
Husein Augar,Australia,Manuka Honey Choco,2024-03-15,7824.91,100,7824.91,0.46615500130358556,0.1274131274131274,0.46309842936506335,-0.5214832759351069,-0.6962044004499658,-0.041284320928208905
Madelene Upcott,USA,Eclairs,2024-03-18,9446.67,193,9446.67,0.5628549549886628,0.24710424710424708,0.8550310348815118,0.22848140685144294,-0.44303749072996523,0.7661589950493694
Brien Boise,India,Eclairs,2024-04-29,1447.58,67,1447.58,0.08589681536087256,0.08494208494208494,-1.0781182507467975,-0.7875997762787214,0.20542758335633773,-1.3192618686917321
Mallorie Waber,New Zealand,White Choc,2024-02-25,3356.27,238,3356.27,0.19970541502985578,0.305019305019305,-0.6168429419321827,0.5913675436836445,0.8543338274796426,-0.01801382685497528
Husein Augar,USA,Milk Bars,2024-03-02,1031.25,55,1031.25,0.06107249381039146,0.06949806949806948,-1.1787332009580882,-0.8843694127673085,0.2081466307654501,-1.45883384844892
Van Tuxwell,Australia,Milk Bars,2024-06-20,9471.51,95,9471.51,0.5643360784900054,0.12097812097812097,0.8610341462673078,-0.5618039578053515,-1.0060984719203867,0.21158769539718503
Beverie Moffet,Canada,White Choc,2024-07-15,10573.29,179,10573.29,0.6300314187198449,0.22908622908622908,1.1273025867923625,0.115583497614758,-0.7153934286133554,0.8788531785266758
Dotty Strutley,Australia,50% Dark Bites,2024-05-12,3321.9,247,3321.9,0.19765605050726545,0.31660231660231664,-0.6251491793850735,0.6639447710500848,0.9115270739392556,0.027432625946467143
Mallorie Waber,New Zealand,Organic Choco Syrup,2024-07-01,5318.0,281,5318.0,0.3166766069094353,0.36036036036036034,-0.142749395279298,0.9381254077677482,0.7642939028482442,0.5624157720236937
Husein Augar,USA,85% Dark Bars,2024-08-08,415.67,59,415.67,0.024367582177683846,0.07464607464607463,-1.3275011279656697,-0.8521128672711128,0.33615026283358834,-1.5412198364010345
Madelene Upcott,Australia,50% Dark Bites,2024-07-25,8295.88,6,8295.88,0.49423731754462047,0.0064350064350064354,0.5769182912558989,-1.2795120950957057,-1.3126945149899858,-0.4968088431147691
Wilone O'Kielt,UK,Drinking Coco,2024-05-18,3857.25,54,3857.25,0.2295771240355965,0.0682110682110682,-0.49577052880593075,-0.8924335491413574,-0.28048311152512484,-0.981608517187344
Camilla Castle,India,Peanut Butter Cubes,2024-07-15,14102.83,291,14102.83,0.8404857119134295,0.3732303732303732,1.9802905803762003,1.0187667715082374,-0.6799000055228397,2.12065379068486
Curtice Advani,India,70% Dark Bites,2024-07-05,2453.44,43,2453.44,0.14587277691725076,0.05405405405405405,-0.8350309070061857,-0.9811390492558956,-0.10331405817134794,-1.2842260918601924
Mallorie Waber,USA,Manuka Honey Choco,2024-07-04,5910.67,100,5910.67,0.3520154742822492,0.1274131274131274,0.00048184566352551953,-0.5214832759351069,-0.36908507702525667,-0.3684036443529228
Dotty Strutley,UK,70% Dark Bites,2024-06-20,1515.42,230,1515.42,0.08994188051107706,0.2947232947232947,-1.0617232798767329,0.5268544526912531,1.1232940871407695,-0.3782093747481563
Gunar Cockshoot,Australia,Almond Choco,2024-01-25,4498.05,464,4498.05,0.26778581725863665,0.5958815958815958,-0.3409076553752504,2.4138623642187014,1.9479165614642915,1.4658003317157753
Kaine Padly,New Zealand,Spicy Special Slims,2024-07-01,8755.31,38,8755.31,0.5216315433989608,0.047619047619047616,0.6879492680665379,-1.0214597311261402,-1.208734695150454,-0.23582751002610164
Gigi Bohling,USA,50% Dark Bites,2024-04-13,2651.48,60,2651.48,0.15768121887400927,0.07593307593307592,-0.7871703523023593,-0.8440487308970639,-0.04021908720721977,-1.1534460753312148
Beverie Moffet,UK,Smooth Sliky Salty,2024-05-04,5119.35,77,5119.35,0.3048317927571929,0.0978120978120978,-0.1907573693851104,-0.7069584125382322,-0.3650092580691468,-0.6347809169761768
Beverie Moffet,Australia,Baker's Choco Chips,2024-08-04,3360.74,119,3360.74,0.19997194570823748,0.15186615186615185,-0.6157626718881204,-0.36826468482817737,0.17500750498010098,-0.6958124168071693
Beverie Moffet,India,70% Dark Bites,2024-06-01,495.65,146,495.65,0.029136513644567034,0.1866151866151866,-1.3081722693249305,-0.15053300272885647,0.8185745755778979,-1.0314603896218062
Jehu Rudeforth,UK,Choco Coated Almonds,2024-04-22,5108.85,187,5108.85,0.30420571398247076,0.23938223938223938,-0.1932949164684783,0.1800965886071494,0.26402766527642724,-0.009332627131070869
Kaine Padly,USA,50% Dark Bites,2024-08-03,77.1,26,77.1,0.004179821153144683,0.032175032175032175,-1.4093237294909902,-1.1182293676147272,0.2058347972478634,-1.7872499347725144
Ches Bonnell,USA,Orange Choco,2024-06-10,1860.29,71,1860.29,0.11050528880044948,0.09009009009009009,-0.9783781501013917,-0.7553432307825257,0.15770950389175584,-1.2259261451111245
Gunar Cockshoot,UK,Manuka Honey Choco,2024-06-27,7917.76,50,7917.76,0.47169132646862816,0.06306306306306306,0.48553759571655947,-0.9246900946375531,-0.9971815628664381,-0.3105277099620454
Marney O'Breen,Australia,Smooth Sliky Salty,2024-01-03,4059.92,179,4059.92,0.2416616369187325,0.22908622908622908,-0.4467910366739145,0.115583497614758,0.397658846762145,-0.23419909684884072
Marney O'Breen,India,After Nines,2024-07-11,2816.85,188,2816.85,0.16754166144313246,0.24066924066924064,-0.747205194095069,0.18816072498119832,0.661403584269613,-0.39530413509525614
Ches Bonnell,New Zealand,Milk Bars,2024-08-17,5306.48,128,5306.48,0.31598970905374013,0.16344916344916344,-0.14553344693647888,-0.2956874574617371,-0.10617491906476872,-0.3119902935012391
Rafaelita Blaksland,USA,Fruit & Nut Bars,2024-01-18,2756.63,66,2756.63,0.1639509506037263,0.08365508365508365,-0.7617586307960608,-0.7956639126527704,-0.023974654718928696,-1.1012640416454689
Ches Bonnell,India,Organic Choco Syrup,2024-03-08,17903.7,107,16778.052499999998,1.0000000000000002,0.1364221364221364,2.6268146805890713,-0.4650343213167645,-2.186267395652464,1.528609551477355
Mallorie Waber,Australia,Orange Choco,2024-03-07,5191.445,284,5191.445,0.3091305688775347,0.36422136422136425,-0.17333408776840503,0.9623178168898949,0.8030271628513063,0.55789574510765
Husein Augar,India,70% Dark Bites,2024-05-09,7745.33,164,7745.33,0.46140992045669177,0.20978120978120976,0.44386623918464274,-0.005378547995975845,-0.3176640354281207,0.3100576199063414
Barr Faughny,New Zealand,85% Dark Bars,2024-05-23,2214.91,161,2214.91,0.13165005595206383,0.2059202059202059,-0.8926767266057802,-0.029570957118122614,0.610307942485951,-0.6521275910947624
Madelene Upcott,UK,Caramel Stuffed Bars,2024-04-15,190.24,156,190.24,0.010925969017150237,0.19948519948519947,-1.3819810554898244,-0.06989163898836723,0.9277873239312731,-1.0266290276851202
Gigi Bohling,Australia,Drinking Coco,2024-07-27,2960.0,141,2960.0,0.17607720207184377,0.18018018018018017,-0.7126099688584868,-0.19085368459910107,0.3689374067265029,-0.6388452759154362
Marney O'Breen,Canada,Choco Coated Almonds,2024-08-22,2937.62,389,2937.62,0.17474275988343607,0.49935649935649934,-0.7180185692133224,1.8090521361650318,1.7869088323109112,0.7714772336936878
Ches Bonnell,USA,70% Dark Bites,2024-05-11,4778.36,124,4778.36,0.28449973548171775,0.1583011583011583,-0.2731648150953598,-0.3279440029579328,-0.03873473520552044,-0.42504812147651344
Madelene Upcott,India,Organic Choco Syrup,2024-01-26,5401.01,41,5401.01,0.32162620682273824,0.05148005148005148,-0.12268827305164381,-0.9972673220039934,-0.6184207761978937,-0.7919281958916516
Barr Faughny,USA,50% Dark Bites,2024-04-14,15372.94,124,15372.94,0.916217989300314,0.1583011583011583,2.287239525714904,-0.3279440029579328,-1.849214007171917,1.3854311504899093
Dennison Crosswaite,New Zealand,Mint Chip Choco,2024-04-05,7121.02,433,7121.02,0.42418446904271523,0.555984555984556,0.29298852303060413,2.1638741366231846,1.3229159041956808,1.7372642470852016
Marney O'Breen,New Zealand,Smooth Sliky Salty,2024-06-14,9057.64,56,9057.64,0.5396584382524592,0.07078507078507078,0.7610137070869774,-0.8763052763932596,-1.157759356184341,-0.08152345047010257
Brien Boise,Canada,Almond Choco,2024-04-13,5439.43,125,5439.43,0.32391705887272143,0.15958815958815958,-0.11340326743802528,-0.31987986658388384,-0.14600100341237549,-0.3063774422406506
Beverie Moffet,Australia,White Choc,2024-06-27,2659.78,178,2659.78,0.1581761192387896,0.2277992277992278,-0.7851644817507446,0.10751936124070909,0.6312227988349206,-0.4791674599506258
Dotty Strutley,Australia,Eclairs,2024-01-26,7897.59,3,7897.59,0.47048865895566194,0.0025740025740025744,0.48066308860498513,-1.3037045042178526,-1.2617384250145494,-0.5819781661772252
Barr Faughny,UK,White Choc,2024-07-05,1959.22,70,1959.22,0.11640414338933112,0.08880308880308879,-0.9544696231530502,-0.7634073671565746,0.13510141684389915,-1.2147224690922738
Beverie Moffet,Canada,Baker's Choco Chips,2024-01-11,15305.32,91,15305.32,0.9121860419911035,0.11583011583011582,2.270897722498015,-0.5940605033015472,-2.0258313892790416,1.1857029686398297
Kelci Walkden,USA,White Choc,2024-03-07,11257.11,21,11257.11,0.6708052461227464,0.02574002574002574,1.2925621531303273,-1.1585500494849719,-1.7331980599183723,0.09476086724871761
Kaine Padly,Canada,50% Dark Bites,2024-03-04,9207.09,109,9207.09,0.5485696261460037,0.138996138996139,0.7971314605735804,-0.4489060485686666,-0.8810815723272759,0.24623255021016033
Karlen McCaffrey,Canada,Organic Choco Syrup,2024-07-15,2769.94,302,2769.94,0.16474457998387404,0.38738738738738737,-0.7585419877789535,1.1074722716227756,1.3194713366137574,0.2467309698673038
Kaine Padly,UK,Peanut Butter Cubes,2024-05-11,7477.56,85,7477.56,0.4454437191702788,0.1081081081081081,0.37915395513574573,-0.6424453215458408,-0.7223797761968233,-0.18617511061644496
Karlen McCaffrey,USA,Milk Bars,2024-01-27,5231.54,8,5231.54,0.3115212953987236,0.009009009009009009,-0.1636442829772016,-1.263383822347608,-0.7776332858277918,-1.009061250218958
Karlen McCaffrey,India,Orange Choco,2024-06-27,3745.21,161,3745.21,0.22289656537656183,0.2059202059202059,-0.52284736454122,-0.029570957118122614,0.34879909268820747,-0.3906187412970151
Ches Bonnell,India,Smooth Sliky Salty,2024-08-03,8503.93,19,8503.93,0.5066426212666141,0.023166023166023165,0.6271979741792029,-1.1746783222330697,-1.2741189480524222,-0.3871270666752514
Wilone O'Kielt,New Zealand,Mint Chip Choco,2024-08-19,12524.3,251,12524.3,0.746363413983708,0.32175032175032175,1.5988054187087035,0.6962013165462805,-0.6382374813658331,1.6228148253676034
Wilone O'Kielt,Australia,Fruit & Nut Bars,2024-06-15,472.27,101,472.27,0.027742444906185826,0.1287001287001287,-1.3138225408305628,-0.513419139561058,0.5659706727224346,-1.2920549830716213
Dennison Crosswaite,UK,Peanut Butter Cubes,2024-02-07,9771.87,158,9771.87,0.5822455090400559,0.20205920205920205,0.9336224931206775,-0.05376336624026939,-0.6981872368018278,0.6221543551060165
Karlen McCaffrey,Australia,Almond Choco,2024-07-08,8130.06,140,8130.06,0.48435004302800927,0.17889317889317888,0.5368443810307503,-0.19891782097315,-0.5202624423777027,0.238950162159776
Dennison Crosswaite,India,Milk Bars,2024-04-21,1624.06,96,1624.06,0.09641970890020171,0.12226512226512226,-1.0354681260541534,-0.5537398214313026,0.34063335088830843,-1.123739716382523
Ches Bonnell,UK,Mint Chip Choco,2024-04-08,2984.4,214,2984.4,0.17753208989119798,0.27413127413127414,-0.7067131927790414,0.3978282707064703,0.7810287589323169,-0.21841462300379896
Husein Augar,Australia,50% Dark Bites,2024-08-19,15593.5,56,15593.5,0.9293692211624763,0.07078507078507078,2.3405425147346777,-0.8763052763932596,-2.2746548871515238,1.0353720804970963
Jan Morforth,India,Fruit & Nut Bars,2024-05-04,3387.76,60,3387.76,0.20158305508852237,0.07593307593307592,-0.6092327173935869,-0.8440487308970639,-0.16603999547950798,-1.0276251670589247
Mallorie Waber,USA,85% Dark Bars,2024-05-11,2847.18,115,2847.18,0.16935013470382973,0.1467181467181467,-0.7398753080913978,-0.4005212303243731,0.2399595696123643,-0.8063821255554585
Mallorie Waber,USA,Eclairs,2024-03-22,7511.77,49,7511.77,0.44748354344487334,0.06177606177606177,0.3874215252045091,-0.932754231011602,-0.9335052295784932,-0.38560845427899704
Dennison Crosswaite,Canada,Spicy Special Slims,2024-08-10,2711.58,216,2711.58,0.1612647745274186,0.2767052767052767,-0.7726459161394631,0.41395654345456817,0.8390546457515737,-0.253631687765044
Dennison Crosswaite,USA,Fruit & Nut Bars,2024-05-04,1673.44,314,1673.44,0.09936406793789479,0.40283140283140284,-1.0235344046278,1.2042419081113627,1.5752757377046254,0.12777950112450745
Kelci Walkden,USA,99% Dark & Pure,2024-08-18,8853.16,261,8853.16,0.5274660013138711,0.33462033462033464,0.7115967901720188,0.7768426802867697,0.04613581134470005,1.052485642947123
Dotty Strutley,Canada,Raspberry Choco,2024-08-03,4722.39,258,4722.39,0.2811624374796991,0.3307593307593308,-0.2866911494054644,0.7526502711646229,0.7349253664531703,0.32948285475162387
Marney O'Breen,New Zealand,Milk Bars,2024-01-14,8408.12,318,8408.12,0.5009298015136499,0.40797940797940796,0.604043461221348,1.2364984536075583,0.4472132139115845,1.3014596690335893
Madelene Upcott,Australia,Choco Coated Almonds,2024-04-08,2442.36,78,2442.36,0.145212114743544,0.09909909909909909,-0.8377086233570157,-0.6988942761641832,0.09815656622602771,-1.0865423302423516
Kelci Walkden,UK,Orange Choco,2024-08-01,4010.08,3,4010.08,0.23868984966805157,0.0025740025740025744,-0.45883592682963414,-1.3037045042178526,-0.5974123002826498,-1.246304290909134
Dennison Crosswaite,Canada,Eclairs,2024-03-15,492.21,45,492.21,0.02893139831265808,0.056628056628056624,-1.3090036180836717,-0.9650107765077978,0.24323967095791854,-1.607970998931451
Karlen McCaffrey,India,Mint Chip Choco,2024-07-15,11650.88,192,11650.88,0.6942843927058245,0.24581724581724582,1.3877250021796386,0.220417270477394,-0.8254112128181362,1.1371283061085393
Barr Faughny,New Zealand,Almond Choco,2024-01-13,6426.04,132,6426.04,0.38274520934210904,0.16859716859716858,0.1250319066497454,-0.2634309119655414,-0.27468469328170997,-0.0978628751682704
Mallorie Waber,Australia,85% Dark Bars,2024-08-26,2665.28,54,2665.28,0.15850406526364405,0.0682110682110682,-0.7838352904213615,-0.8924335491413574,-0.07679056516596879,-1.1853010635465029
Ches Bonnell,Canada,Eclairs,2024-01-10,2048.58,170,2048.58,0.12173237189496605,0.2175032175032175,-0.9328738891178355,0.04300627024831769,0.6900514783132109,-0.6292314276609672
Gigi Bohling,Australia,White Choc,2024-05-11,6267.19,83,6267.19,0.3732735318788133,0.10553410553410553,0.0866424443456511,-0.6585735942939386,-0.5269473143710333,-0.40441639450025046
Beverie Moffet,New Zealand,85% Dark Bars,2024-08-30,12886.26,21,12886.26,0.7679458400121282,0.02574002574002574,1.6862807084511648,-1.1585500494849719,-2.0115991202647057,0.3731619275950548
Kaine Padly,USA,Caramel Stuffed Bars,2024-07-21,6143.64,117,6143.64,0.3659066716295833,0.1492921492921493,0.05678397366468912,-0.38439295757627523,-0.31195919978355885,-0.2316545341015148
Mallorie Waber,Australia,Almond Choco,2024-08-01,8273.83,130,8273.83,0.4929225521177041,0.16602316602316602,0.5715894423808265,-0.2795591847136392,-0.6018529660161153,0.20649657550812728
Brien Boise,Canada,85% Dark Bars,2024-02-17,12163.59,264,12163.59,0.7248555211427549,0.3384813384813385,1.511632217904739,0.8010350894089164,-0.5024680482510732,1.6353027356299228
Brien Boise,Australia,Drinking Coco,2024-07-27,7192.41,159,7192.41,0.42844120844532574,0.20334620334620332,0.3102414264859977,-0.045699229866220464,-0.2516880518066429,0.18705958113983126
Dotty Strutley,USA,Orange Choco,2024-02-23,1452.94,112,1452.94,0.0862164136687307,0.14285714285714285,-1.0768228933785258,-0.42471363944651985,0.4611108755298138,-1.0617466645599298
Rafaelita Blaksland,Australia,50% Dark Bites,2024-03-22,3375.83,41,3375.83,0.20087171034733808,0.05148005148005148,-0.6121158542225945,-0.9972673220039934,-0.2723432146521873,-1.1380057574373625
Dennison Crosswaite,India,99% Dark & Pure,2024-06-23,8328.8,327,8328.8,0.4962002235697492,0.4195624195624196,0.5848741055401342,1.3090756809739987,0.5120878449352758,1.3392247372709536
Curtice Advani,UK,White Choc,2024-02-01,5191.445,70,5191.445,0.3091305688775347,0.08880308880308879,-0.17333408776840503,-0.7634073671565746,-0.4172448172523639,-0.6623762349960026
Kelci Walkden,Australia,After Nines,2024-03-02,8265.41,298,8265.41,0.49242049656692694,0.38223938223938225,0.5695545712911162,1.0752157261265798,0.357556431566785,1.1630282307982647
Gigi Bohling,UK,Fruit & Nut Bars,2024-04-06,1448.1,92,1448.1,0.08592782116685879,0.1171171171171171,-1.077992581748383,-0.5859963669274983,0.3478938598179523,-1.1766178694281921
Gunar Cockshoot,Australia,Raspberry Choco,2024-03-17,709.53,77,709.53,0.04188944015290633,0.0978120978120978,-1.2564836435924804,-0.7069584125382322,0.3885730173115532,-1.3883631923568878
Curtice Advani,UK,Fruit & Nut Bars,2024-06-24,12197.19,135,12197.19,0.7268589732218655,0.17245817245817244,1.5197523685715162,-0.23923850284339462,-1.2437943732227115,0.9054600378597639
Barr Faughny,Canada,50% Dark Bites,2024-07-19,10917.59,302,10917.59,0.6505608398757324,0.38738738738738737,1.2105099640117494,1.1074722716227756,-0.07285865100604544,1.6390609574871267
Curtice Advani,USA,Spicy Special Slims,2024-07-11,1679.89,287,1679.89,0.09974865918522408,0.3680823680823681,-1.02197562570516,0.9865102260120417,1.4202139656664714,-0.025077824620505496
Brien Boise,India,Almond Choco,2024-01-13,2303.17,225,2303.17,0.1369126952527279,0.2882882882882883,-0.871346830836442,0.48653377082100846,0.9601665814736502,-0.2721039242260658
Oby Sorrel,New Zealand,Smooth Sliky Salty,2024-07-07,9261.26,65,9261.26,0.5517995963580701,0.08236808236808237,0.8102227868122508,-0.8037280490268193,-1.1412355805235028,0.0045924731301153696
Jan Morforth,India,85% Dark Bars,2024-05-25,5252.8,415,5252.8,0.3127889558511609,0.5328185328185328,-0.15850635431125856,2.0187196818903037,1.5395312943740416,1.3153694583847246
Marney O'Breen,India,Fruit & Nut Bars,2024-04-13,5385.55,161,5385.55,0.3207043803601474,0.2059202059202059,-0.12642450904296454,-0.029570957118122614,0.06848580334805814,-0.1103054519568618
Andria Kimpton,New Zealand,50% Dark Bites,2024-03-02,3741.19,222,3741.19,0.22265686664566822,0.28442728442728443,-0.5238188825674238,0.4623413616988617,0.697320596057272,-0.043471171896702764
Gunar Cockshoot,Canada,Raspberry Choco,2024-06-23,2223.49,127,2223.49,0.13216165175083674,0.16216216216216214,-0.8906031881319425,-0.303751593835786,0.41496674187694266,-0.8445363654719642
Kelci Walkden,USA,Drinking Coco,2024-07-26,7720.37,156,7720.37,0.45992164176935235,0.19948519948519947,0.43783412726075105,-0.06989163898836723,-0.3590163322978857,0.26017462854405693
Van Tuxwell,Canada,White Choc,2024-03-22,468.09,3,468.09,0.027493205927296458,0.0025740025740025744,-1.314832726240894,-1.3037045042178526,0.007868841255028758,-1.851585432446821
Rafaelita Blaksland,USA,Baker's Choco Chips,2024-06-09,3083.39,55,3083.39,0.18343452207307803,0.06949806949806948,-0.6827901655616522,-0.8843694127673085,-0.1425380526456071,-1.1081491650378574
Van Tuxwell,Australia,Caramel Stuffed Bars,2024-05-17,6898.94,58,6898.94,0.41094260482459294,0.07335907335907335,0.2393181938616191,-0.8601770036451617,-0.7774605100390904,-0.4390134745573463
Ches Bonnell,New Zealand,Peanut Butter Cubes,2024-03-04,1036.05,291,1036.05,0.061358701250264415,0.3732303732303732,-1.177573179434263,1.0187667715082374,1.5530468731023699,-0.11229308794038108
Kelci Walkden,Canada,Milk Bars,2024-07-07,17518.04,28,16778.052499999998,1.0000000000000002,0.03474903474903475,2.6268146805890713,-1.1021010948666294,-2.6367416312982117,1.078135315831614
Dennison Crosswaite,Canada,Choco Coated Almonds,2024-01-13,11691.86,128,11691.86,0.69672788872374,0.16344916344916344,1.3976286859392977,-0.2956874574617371,-1.1973553276915188,0.7791901151255265
Curtice Advani,Australia,Almond Choco,2024-07-13,3136.53,74,3136.53,0.1866030769386716,0.09395109395109394,-0.6699477606083026,-0.7311508216603789,-0.04327709949930463,-0.9907263086330422
Madelene Upcott,Australia,85% Dark Bars,2024-06-16,1677.71,325,1677.71,0.09961867330628177,0.416988416988417,-1.0225024688138973,1.2929474082259007,1.6372703095523995,0.19123345059580082
Gigi Bohling,UK,50% Dark Bites,2024-07-18,8937.37,66,8937.37,0.5324871530871423,0.08365508365508365,0.7319479177806295,-0.7956639126527704,-1.080184684320252,-0.045054012044130405
Ches Bonnell,UK,Manuka Honey Choco,2024-05-30,4761.38,406,4761.38,0.28348727666316714,0.5212355212355212,-0.2772683912358917,1.9461424545238637,1.5721888864004478,1.1800721670972611
Gigi Bohling,UK,70% Dark Bites,2024-06-21,942.02,84,942.02,0.05575201675625308,0.1068211068211068,-1.2002975177436994,-0.6505094579198897,0.3887588653168015,-1.308718163159092
Jehu Rudeforth,Australia,Peanut Butter Cubes,2024-06-24,6623.03,39,6623.03,0.39449104342139535,0.0489060489060489,0.1726387066452349,-1.0133955947520912,-0.8386528972379031,-0.5945048969096514
Marney O'Breen,India,Eclairs,2024-01-13,4067.36,94,4067.36,0.24210525845053557,0.11969111969111967,-0.44499300331198527,-0.5698680941794004,-0.08830002355364083,-0.71761516399858
Curtice Advani,Canada,Fruit & Nut Bars,2024-04-04,4712.55,211,4712.55,0.2805757122279595,0.2702702702702703,-0.2890691935293064,0.37363586158432355,0.46860323839745266,0.05979766444405111
Kaine Padly,UK,Smooth Sliky Salty,2024-06-08,9571.3,594,9571.3,0.5702862119118642,0.7631917631917632,0.8851505104053344,3.462200092845061,1.8222492351971133,3.07404109175377
Karlen McCaffrey,Canada,Spicy Special Slims,2024-08-02,6779.99,46,6779.99,0.40385002670524117,0.05791505791505791,0.2105714104743229,-0.9569466401337487,-0.8255599307426701,-0.5277669862018408
Kelci Walkden,USA,Organic Choco Syrup,2024-07-21,10772.46,150,10772.46,0.6419072386780734,0.19176319176319176,1.175436229896589,-0.11827645723266077,-0.9147930139761576,0.7475248440482992
Curtice Advani,India,Spicy Special Slims,2024-06-20,189.34,140,189.34,0.010872305122174058,0.17889317889317888,-1.3821985595255415,-0.19891782097315,0.8367058342778138,-1.11801811449576
Roddy Speechley,India,After Nines,2024-06-22,3015.47,115,3015.47,0.17938468679887565,0.1467181467181467,-0.6992044701237805,-0.4005212303243731,0.21120094428892305,-0.7776235002320169
Camilla Castle,Australia,Caramel Stuffed Bars,2024-05-02,5191.445,16,5191.445,0.3091305688775347,0.019305019305019305,-0.17333408776840503,-1.1988707313552165,-0.7251639150355329,-0.9702953327791674
Curtice Advani,Australia,99% Dark & Pure,2024-01-07,5196.97,87,5196.97,0.3094600055661385,0.11068211068211067,-0.1719988546602518,-0.626317048797743,-0.32125147589105063,-0.564494588864211
Mallorie Waber,UK,50% Dark Bites,2024-02-21,6654.14,102,6654.14,0.396346025391072,0.12998712998712997,0.18015709614652792,-0.5053550031870091,-0.48473025402417197,-0.2299496452959932
Ches Bonnell,Canada,Baker's Choco Chips,2024-03-21,8639.19,402,8639.19,0.5147077084160342,0.516087516087516,0.6598864140359972,1.9138859090276679,0.8867115465131292,1.819931862868565
Van Tuxwell,UK,Drinking Coco,2024-04-04,6397.05,136,6397.05,0.38101663565837635,0.17374517374517373,0.1180258599881421,-0.2311743664693457,-0.24692184811996845,-0.08000807621398726
Gunar Cockshoot,Canada,Fruit & Nut Bars,2024-03-24,5191.445,196,5191.445,0.3091305688775347,0.25096525096525096,-0.17333408776840503,0.2526738159735897,0.30123307757503065,0.05610165983138154
Gunar Cockshoot,New Zealand,Spicy Special Slims,2024-06-28,7712.91,192,7712.91,0.4594768277065498,0.24581724581724582,0.43603126047580587,0.220417270477394,-0.15246211444656235,0.464179207736956
Gunar Cockshoot,Australia,Drinking Coco,2024-01-14,2456.77,188,2456.77,0.1460713333286626,0.24066924066924064,-0.8342261420740318,0.18816072498119832,0.7229366866908189,-0.4568372375164629
Karlen McCaffrey,New Zealand,Fruit & Nut Bars,2024-02-07,1435.27,138,1435.27,0.08516281253069836,0.17631917631917632,-1.0810932226131078,-0.21504609372124786,0.6123877976665671,-0.9165088999425227
Dennison Crosswaite,New Zealand,Drinking Coco,2024-01-11,4324.48,202,4324.48,0.25743643697973045,0.2586872586872587,-0.38285451701907575,0.30105863421788326,0.48359962698231396,-0.05783842340186674
Jehu Rudeforth,India,99% Dark & Pure,2024-02-25,2207.76,247,2207.76,0.1312237261197531,0.31660231660231664,-0.8944046753339783,0.6639447710500848,1.1019194609964718,-0.16295976111075167
Dotty Strutley,Australia,Mint Chip Choco,2024-08-01,7571.51,26,7571.51,0.45104563354029226,0.032175032175032175,0.4018589597531184,-1.1182293676147272,-1.0748647642843243,-0.5065503732403089
Roddy Speechley,Australia,Mint Chip Choco,2024-05-05,7189.76,262,7189.76,0.4282831980878959,0.3359073359073359,0.30960099793638585,0.7849068166608186,0.3360919675574755,0.7739338977633493
Madelene Upcott,New Zealand,Raspberry Choco,2024-05-18,10858.21,451,10858.21,0.6470202153383039,0.5791505791505791,1.1961595310774267,2.309028591356065,0.7869172590957435,2.478542290707259
Dotty Strutley,New Zealand,Choco Coated Almonds,2024-01-04,6524.65,369,6524.65,0.3886249834349991,0.47361647361647363,0.14886309882983176,1.6477694086840535,1.0598868160612334,1.2704110293632516
Roddy Speechley,New Zealand,50% Dark Bites,2024-05-09,4624.45,212,4624.45,0.2753226131752912,0.27155727155727155,-0.310360421914517,0.38169999795837245,0.48936061588292956,0.050444697987580105
Rafaelita Blaksland,India,Smooth Sliky Salty,2024-05-06,1961.82,80,1961.82,0.11655917241926231,0.10167310167310166,-0.9538412781609782,-0.6827660034160854,0.19167916498411175,-1.1572561069424245
Husein Augar,UK,White Choc,2024-01-13,12782.63,158,12782.63,0.7617667406383708,0.20205920205920205,1.6612363270940775,-0.05376336624026939,-1.2126879128895582,1.1366550311937542
Roddy Speechley,Australia,Almond Choco,2024-06-24,4928.3,71,4928.3,0.29344014038474936,0.09009009009009009,-0.2369286427448662,-0.7553432307825257,-0.3665744706674646,-0.7016421705518964
Van Tuxwell,USA,Caramel Stuffed Bars,2024-02-14,1115.84,22,1115.84,0.06611630367265263,0.027027027027027025,-1.158290238312175,-1.1504859131109229,0.005518491272378559,-1.6325512729130518
Camilla Castle,Australia,99% Dark & Pure,2024-01-18,5346.62,109,5346.62,0.3183831187696778,0.138996138996139,-0.13583276694348956,-0.4489060485686666,-0.22137624044549153,-0.41347278167163354
Kaine Padly,India,Milk Bars,2024-05-02,3168.11,93,3168.11,0.18848608338683578,0.1184041184041184,-0.6623157856661352,-0.5779322305534494,0.05966818404080253,-0.8769877826220318
Ches Bonnell,Australia,Smooth Sliky Salty,2024-05-16,9007.92,52,9007.92,0.5366938061877751,0.06563706563706563,0.7489978174693536,-0.9085618218894552,-1.1720716612117426,-0.1128287895587256
Mallorie Waber,USA,Almond Choco,2024-01-28,5191.445,383,5191.445,0.3091305688775347,0.49163449163449163,-0.17333408776840503,1.7606673179207384,1.3675455087871162,1.122414091043452
Kaine Padly,Canada,99% Dark & Pure,2024-06-24,1420.22,422,1420.22,0.08426543295359669,0.5418275418275418,-1.0847303734326017,2.0751686365086464,2.2343860177941184,0.7003456121676809
Oby Sorrel,UK,After Nines,2024-07-18,2555.95,109,2555.95,0.15198509455503761,0.138996138996139,-0.8102571973379912,-0.4489060485686666,0.25551384768433183,-0.8903628698014638
Gunar Cockshoot,UK,Eclairs,2024-04-13,5191.445,175,5191.445,0.3091305688775347,0.22393822393822393,-0.17333408776840503,0.08332695211856231,0.18148676177046488,-0.06364465597318252
Dotty Strutley,USA,Caramel Stuffed Bars,2024-04-15,18581.37,83,16778.052499999998,1.0000000000000002,0.10553410553410553,2.6268146805890713,-0.6585735942939386,-2.3231203280005395,1.3917566191292818
Jan Morforth,India,Peanut Butter Cubes,2024-01-04,8813.58,182,8813.58,0.5251059824659187,0.23294723294723294,0.7020314460234758,0.13977590673690476,-0.39757470458922956,0.595247687589564
Husein Augar,Australia,Eclairs,2024-07-04,7914.74,31,7914.74,0.471511254287708,0.03861003861003861,0.48480774884115263,-1.0779086857444826,-1.1050073879671698,-0.41938569441243134
Beverie Moffet,USA,Smooth Sliky Salty,2024-03-24,2787.72,342,2787.72,0.16580474004240342,0.4388674388674389,-0.754245074717784,1.4300377265847326,1.5445211808301607,0.4778575668111479
Camilla Castle,Australia,Manuka Honey Choco,2024-03-17,681.71,170,681.71,0.04023062953264264,0.2175032175032175,-1.2632069350076514,0.04300627024831769,0.923632215111905,-0.8628121644596646
Oby Sorrel,Australia,Almond Choco,2024-02-15,6827.53,241,6827.53,0.4066846728909829,0.3088803088803089,0.2220604569832095,0.6155599528057912,0.278246161889639,0.5922870718220552
Jan Morforth,USA,Orange Choco,2024-06-29,5191.445,158,5191.445,0.3091305688775347,0.20205920205920205,-0.17333408776840503,-0.05376336624026939,0.08454926802391168,-0.16058214971973434
Gigi Bohling,USA,Fruit & Nut Bars,2024-05-24,2966.98,121,2966.98,0.17649339539065903,0.15444015444015444,-0.7109231042259241,-0.35213641208007956,0.2537005030158113,-0.7516965927848681
Mallorie Waber,UK,Milk Bars,2024-01-10,3951.74,287,3951.74,0.23521123674259564,0.3680823680823681,-0.47293502176712776,0.9865102260120417,1.0319836314751343,0.3631525095708374
Curtice Advani,USA,Raspberry Choco,2024-03-15,3151.23,144,3151.23,0.18747958722328253,0.18404118404118402,-0.6663951946915876,-0.1666612754769543,0.35336524306559314,-0.5890598791675073
Marney O'Breen,Canada,Milk Bars,2024-02-08,5191.445,317,5191.445,0.3091305688775347,0.4066924066924067,-0.17333408776840503,1.2284343172335095,0.9911999448299095,0.7460685270862507
Brien Boise,India,Caramel Stuffed Bars,2024-02-25,1742.37,106,1742.37,0.10347412602757043,0.13513513513513511,-1.006876012203367,-0.4730984576908134,0.37743772844099105,-1.0464999836451436
Gunar Cockshoot,USA,Eclairs,2024-05-03,7301.31,42,7301.31,0.43493453973744356,0.05276705276705276,0.3365594148077848,-0.9892031856299445,-0.9374557250130332,-0.46148883604750146
Roddy Speechley,USA,Fruit & Nut Bars,2024-06-14,6322.14,26,6322.14,0.37655001079985895,0.032175032175032175,0.09992227408194322,-1.1182293676147272,-0.8613632863572465,-0.7200518511673892
Gunar Cockshoot,India,50% Dark Bites,2024-08-09,13731.44,82,13731.44,0.818341007518759,0.10424710424710423,1.8905363316817243,-0.6666377306679876,-1.8081951201618267,0.865427000261555
Wilone O'Kielt,New Zealand,Manuka Honey Choco,2024-07-11,4051.88,253,4051.88,0.24118223945694528,0.32432432432432434,-0.44873407272632193,0.7123295892943783,0.8209959888041239,0.1863901772556377
Kaine Padly,UK,Manuka Honey Choco,2024-01-14,8474.69,115,8474.69,0.504899140945388,0.1467181467181467,0.6201315097299004,-0.4005212303243731,-0.7217104737290064,0.15528791778592593
Van Tuxwell,Canada,Manuka Honey Choco,2024-02-24,9426.56,49,9426.56,0.561655865068695,0.06177606177606177,0.8501710280389851,-0.932754231011602,-1.2607185410234527,-0.05839514283403356
Wilone O'Kielt,New Zealand,Almond Choco,2024-03-15,9770.28,154,9770.28,0.582150702825598,0.1969111969111969,0.9332382359909103,-0.08601991173646507,-0.7207243480376627,0.5990738222258265
Oby Sorrel,New Zealand,Baker's Choco Chips,2024-04-25,14234.61,45,14234.61,0.8483432986689418,0.056628056628056624,2.0121380046282216,-0.9650107765077978,-2.1051620917425384,0.7404307637690395
Dennison Crosswaite,Australia,Organic Choco Syrup,2024-05-10,5191.445,40,5191.445,0.3091305688775347,0.05019305019305019,-0.17333408776840503,-1.0053314583780424,-0.5883109826874577,-0.8334424004310942
Marney O'Breen,Australia,Spicy Special Slims,2024-06-23,14687.62,293,14687.62,0.8753547220724521,0.3758043758043758,2.121617452650744,1.0348950442563352,-0.7684287842430473,2.2319913914630822
Beverie Moffet,Canada,Smooth Sliky Salty,2024-02-28,16585.43,388,16585.43,0.9885145848777233,0.4980694980694981,2.580263379344688,1.800987999790983,-0.5510309052941234,3.0980125602697504
Brien Boise,USA,Organic Choco Syrup,2024-05-25,17415.67,148,16778.052499999998,1.0000000000000002,0.18918918918918917,2.6268146805890713,-0.1344047299807586,-1.9524769695578357,1.76239997757198
Roddy Speechley,New Zealand,Baker's Choco Chips,2024-02-22,5191.445,236,5191.445,0.3091305688775347,0.30244530244530243,-0.17333408776840503,0.5752392709355466,0.5293212981551558,0.28418988041150345
Van Tuxwell,UK,85% Dark Bars,2024-07-11,4179.91,140,4179.91,0.24881622665005673,0.17889317889317888,-0.4177929152897895,-0.19891782097315,0.15476806342413768,-0.43608034364207404
Marney O'Breen,Canada,Spicy Special Slims,2024-01-03,3939.95,365,3939.95,0.23450823971840767,0.46846846846846846,-0.4757843246350237,1.6155128631878577,1.4787704229859218,0.8059097783225317
Rafaelita Blaksland,New Zealand,70% Dark Bites,2024-08-24,791.19,280,791.19,0.04675854422374506,0.3590733590733591,-1.236748777418402,0.9300612713936992,1.532166079058189,-0.21686081521526845
Beverie Moffet,USA,50% Dark Bites,2024-07-28,2941.65,360,2941.65,0.17498305487982943,0.462033462033462,-0.7170446344756106,1.575192181317613,1.6208561965328514,0.6068019496305687
Brien Boise,USA,Mint Chip Choco,2024-05-25,12476.68,162,12476.68,0.7435239976739684,0.2072072072072072,1.5872970385077534,-0.02150682074407369,-1.1375961184760472,1.107180880896267
Karlen McCaffrey,New Zealand,Eclairs,2024-05-06,2817.14,191,2817.14,0.16755895314262478,0.24453024453024452,-0.7471351094613379,0.21235313410334508,0.6784606434933541,-0.37814796123197875
Barr Faughny,India,Drinking Coco,2024-01-28,2411.52,144,2411.52,0.14337323194236024,0.18404118404118402,-0.8451617616475935,-0.1666612754769543,0.479772294809623,-0.7154669309115389
Marney O'Breen,UK,Orange Choco,2024-06-06,13072.74,11,13072.74,0.7790649990511926,0.01287001287001287,1.7313475446517785,-1.2391914132254611,-2.100488240893814,0.3480069379341019
Brien Boise,New Zealand,Baker's Choco Chips,2024-07-12,6790.41,26,6790.41,0.40447133535596536,0.032175032175032175,0.21308962386562705,-1.1182293676147272,-0.9413846867981989,-0.640030450726436
Ches Bonnell,Canada,Spicy Special Slims,2024-08-05,6092.47,201,6092.47,0.3628555810674376,0.2574002574002574,0.044417660878409586,0.2929944978438343,0.1757703670641562,0.2385864254872891
Brien Boise,USA,Orange Choco,2024-01-28,7185.5,152,7185.5,0.42802918898500864,0.19433719433719432,0.30857147883399083,-0.10214818448456292,-0.29042265909920423,0.14596331122934939
Kaine Padly,India,Spicy Special Slims,2024-08-31,6170.8,138,6170.8,0.36752612872686446,0.17631917631917632,0.06334776212033402,-0.21504609372124786,-0.19685418330625362,-0.10726691896969023
Mallorie Waber,USA,50% Dark Bites,2024-04-19,1945.05,14,1945.05,0.11555923517620616,0.01673101673101673,-0.9578941033598428,-1.2149990041033143,-0.18180061879201403,-1.5364674510807068
Mallorie Waber,UK,Mint Chip Choco,2024-06-29,6767.42,2,6767.42,0.40310052097207383,0.001287001287001287,0.20753360410880542,-1.3117686405919013,-1.0743089198998188,-0.780812082320964
Beverie Moffet,India,Choco Coated Almonds,2024-02-24,3911.69,254,3911.69,0.23282319341615565,0.3256113256113256,-0.4826139513565452,0.7203937256684273,0.850654886243835,0.1681356908449326
Madelene Upcott,UK,Smooth Sliky Salty,2024-03-04,16733.76,88,16733.76,0.9973589910352973,0.11196911196911195,2.616110461142398,-0.6182529124236941,-2.2870402742699723,1.4126986205437448
Gigi Bohling,India,Eclairs,2024-06-21,3916.92,74,3916.92,0.23313504027251722,0.09395109395109394,-0.48135001123787724,-0.7311508216603789,-0.17663584699565238,-0.8573675611366924
Rafaelita Blaksland,Australia,Organic Choco Syrup,2024-01-26,1082.69,106,1082.69,0.06413968354103,0.13513513513513511,-1.1663016369610935,-0.4730984576908134,0.4901686688020805,-1.1592309240062346
Oby Sorrel,New Zealand,White Choc,2024-06-10,4822.33,42,4822.33,0.287121514884054,0.05276705276705276,-0.2625385345948182,-0.9892031856299445,-0.5138295023955004,-0.88511505866504
Andria Kimpton,UK,Drinking Coco,2024-05-23,5191.445,66,5191.445,0.3091305688775347,0.08365508365508365,-0.17333408776840503,-0.7956639126527704,-0.4400536393103764,-0.6851850570540149
Kelci Walkden,India,Milk Bars,2024-04-15,1142.41,111,1142.41,0.06770058110544941,0.14157014157014156,-1.1518690358355004,-0.43277777582056876,0.5084743062485287,-1.1205145063076518
Karlen McCaffrey,New Zealand,Caramel Stuffed Bars,2024-01-31,6290.89,232,6290.89,0.37468668111318604,0.2972972972972973,0.09237005061953879,0.5429827254393509,0.31863127805370073,0.4492622563969365
Andria Kimpton,New Zealand,Organic Choco Syrup,2024-03-04,5616.01,43,5616.01,0.3344459150670479,0.05405405405405405,-0.07072897563030132,-0.9811390492558956,-0.6437571367212073,-0.7437830133103254
Barr Faughny,New Zealand,After Nines,2024-04-19,11250.69,91,11250.69,0.6704224436719164,0.11583011583011582,1.2910106243422108,-0.5940605033015472,-1.3329465773758697,0.4928181567366479
Beverie Moffet,UK,Almond Choco,2024-05-16,2799.42,104,2799.42,0.16650237067709378,0.13256113256113256,-0.7514175222534597,-0.48922673043891124,0.18539688685673109,-0.8772679641188935
Oby Sorrel,Australia,Raspberry Choco,2024-02-17,1157.88,114,1157.88,0.06862300383353998,0.1454311454311454,-1.1481303831326715,-0.408585366698422,0.5229372961133665,-1.100764263085471
Dennison Crosswaite,USA,Raspberry Choco,2024-01-18,7049.32,273,7049.32,0.4199092454096129,0.35006435006435005,0.2756607015184632,0.8736123167753568,0.4228156419696045,0.8126587446702882
Roddy Speechley,Canada,Orange Choco,2024-02-09,9460.5,84,9460.5,0.5636795901747967,0.1068211068211068,0.8583733468970335,-0.6505094579198897,-1.0669412633018232,0.14698196545955372
Mallorie Waber,Canada,Orange Choco,2024-03-23,4173.73,175,4173.73,0.24844773457122027,0.22393822393822393,-0.4192864430017147,0.08332695211856231,0.35540134000473955,-0.23755923420745967
Madelene Upcott,New Zealand,Caramel Stuffed Bars,2024-02-01,4005.08,150,4005.08,0.23839171691818392,0.19176319176319176,-0.46004428258361885,-0.11827645723266077,0.24166634689703897,-0.408934516824914
Mallorie Waber,India,Drinking Coco,2024-03-07,4650.58,143,4650.58,0.27688065492609965,0.18275418275418273,-0.3040455547441929,-0.17472541185100324,0.09144314998378512,-0.33854219711470185
Ches Bonnell,UK,White Choc,2024-01-03,3814.56,220,3814.56,0.22703166661722635,0.28185328185328185,-0.5060874702334522,0.44621308895076384,0.6733781831268998,-0.042337581024342735
Ches Bonnell,USA,White Choc,2024-02-11,6321.35,325,6321.35,0.3765029058253799,0.416988416988417,0.09973135387281365,1.2929474082259007,0.8437311634537304,0.9847725966944813
Dennison Crosswaite,New Zealand,Orange Choco,2024-03-16,5245.53,144,5245.53,0.31235547083285325,0.18404118404118402,-0.16026330357755245,-0.1666612754769543,-0.004524049315909868,-0.23117058678599917
Dotty Strutley,India,White Choc,2024-08-15,12998.67,317,12998.67,0.774648460494653,0.4066924066924067,1.713446962512249,1.2284343172335095,-0.34295573043780764,2.0802242023539868
Gigi Bohling,India,Manuka Honey Choco,2024-05-12,5932.12,79,5932.12,0.3532944637791815,0.10038610038610038,0.005665691848119878,-0.6908301397901343,-0.49249692561957703,-0.484484427367732
Van Tuxwell,India,Spicy Special Slims,2024-04-11,6811.55,4,6811.55,0.40573184062240586,0.003861003861003861,0.2181985519934745,-1.2956403678438035,-1.0704457658410633,-0.7618664143217074
Jan Morforth,New Zealand,Mint Chip Choco,2024-06-30,21381.14,311,16778.052499999998,1.0000000000000002,0.398970398970399,2.6268146805890713,1.1800494989892159,-1.0230174706938255,2.691859476435977
Dotty Strutley,New Zealand,White Choc,2024-06-15,8423.36,63,8423.36,0.5018385101352465,0.07979407979407978,0.6077265295594934,-0.8198563217749171,-1.0094535148841899,-0.1499984145672122
Rafaelita Blaksland,Canada,Caramel Stuffed Bars,2024-08-01,7951.43,109,7951.43,0.473698952406237,0.138996138996139,0.49367466336389254,-0.4489060485686666,-0.6665052132231561,0.03165619110603742
Kaine Padly,USA,Milk Bars,2024-06-15,18389.1,62,16778.052499999998,1.0000000000000002,0.0785070785070785,2.6268146805890713,-0.827920458148966,-2.4428666438051048,1.2720103033247179
Brien Boise,India,After Nines,2024-06-16,6555.46,45,6555.46,0.39046207743968375,0.056628056628056624,0.15630898698588563,-0.9650107765077978,-0.7928928086448833,-0.5718385193286344
Oby Sorrel,New Zealand,Raspberry Choco,2024-05-13,5129.71,270,5129.71,0.3054495238149187,0.3462033462033462,-0.18825365626285417,0.8494199076532101,0.7337460137030644,0.467515139849805
Dennison Crosswaite,USA,Drinking Coco,2024-05-10,2399.02,149,2399.02,0.14262790006769105,0.19047619047619047,-0.8481826510325552,-0.12634059360670968,0.5104194137514596,-0.6890919947083447
Oby Sorrel,India,Eclairs,2024-08-25,6096.53,344,6096.53,0.36309766486033007,0.44144144144144143,0.045398845750645046,1.4461659993328304,0.9904919531613484,1.0546956165379804
Ches Bonnell,New Zealand,Organic Choco Syrup,2024-07-15,8134.67,83,8134.67,0.4846249214233872,0.10553410553410553,0.5379584850359241,-0.6585735942939386,-0.8460759472013867,-0.08528776166989241
Gigi Bohling,UK,Baker's Choco Chips,2024-05-16,9969.65,449,9969.65,0.5940384480938212,0.5765765765765766,0.9814202133252963,2.2929003186079675,0.9273564758366403,2.3152942519083473
Jan Morforth,Australia,50% Dark Bites,2024-06-14,3894.16,173,3894.16,0.2317779399951196,0.22136422136422135,-0.48685044663001564,0.06719867937046446,0.39177189410541713,-0.29673861036615024
Beverie Moffet,Australia,Smooth Sliky Salty,2024-01-25,11533.35,491,11533.35,0.6872764842874353,0.6306306306306306,1.3593213918264744,2.631594046318022,0.8996326215092028,2.8220033694540487
Ches Bonnell,USA,Organic Choco Syrup,2024-07-28,8754.31,14,8754.31,0.5215719168489873,0.01673101673101673,0.687707596915741,-1.2149990041033143,-1.3454167401889836,-0.37285132968372064
Brien Boise,Canada,Mint Chip Choco,2024-01-28,5475.65,194,5475.65,0.32607673251276276,0.24839124839124838,-0.10464993835616021,0.23654554322549184,0.2412616387365964,0.09326427661180414
Kaine Padly,UK,Orange Choco,2024-06-29,2252.94,196,2252.94,0.1339176536475573,0.25096525096525096,-0.8834859727409724,0.2526738159735897,0.8033862911115385,-0.4460515537051335
Karlen McCaffrey,Australia,70% Dark Bites,2024-06-24,278.78,332,278.78,0.016205303751806874,0.425997425997426,-1.360583491798263,1.3493963628442434,1.9162451320966503,-0.007910494745409336
Gunar Cockshoot,Canada,Mint Chip Choco,2024-07-01,8936.91,442,8936.91,0.5324597248741545,0.5675675675675675,0.7318367490512626,2.236451363989625,1.0639231972953167,2.098896653246625
Roddy Speechley,USA,Peanut Butter Cubes,2024-02-25,2010.22,144,2010.22,0.11944509743798132,0.18404118404118402,-0.9421443944624062,-0.1666612754769543,0.5483493721303015,-0.7840440082322184
Curtice Advani,Canada,Smooth Sliky Salty,2024-08-01,2901.91,12,2901.91,0.1726134957838812,0.014157014157014158,-0.7266486460082812,-1.231127276851412,-0.3567202608328928,-1.384356631097838
Oby Sorrel,Australia,Milk Bars,2024-06-21,9231.31,278,9231.31,0.5500137811863627,0.3564993564993565,0.8029847358458823,0.9139329986456014,0.07845226898655702,1.214044172798372
Camilla Castle,New Zealand,Spicy Special Slims,2024-01-25,12744.67,26,12744.67,0.7595033168013756,0.032175032175032175,1.6520624902098258,-1.1182293676147272,-1.9588921585336179,0.3774770210089976
Gigi Bohling,UK,Milk Bars,2024-05-17,1436.97,248,1436.97,0.08526417766565338,0.3178893178893179,-1.080682381656753,0.6720089074241337,1.239339895835684,-0.28897578492095977
Andria Kimpton,Australia,85% Dark Bars,2024-08-23,4900.32,254,4900.32,0.29177178951648985,0.3256113256113256,-0.24369060154416472,0.7203937256684273,0.6817105654076965,0.33708001168107377
Camilla Castle,Australia,Smooth Sliky Salty,2024-03-03,8263.11,129,8263.11,0.4922833555019879,0.16473616473616473,0.5689987276442834,-0.2876233210876882,-0.6057232595722889,0.19896245803529458
Roddy Speechley,India,Caramel Stuffed Bars,2024-05-30,10139.68,552,10139.68,0.6041767503858211,0.7091377091377091,1.0225115590953004,3.1235063651350066,1.485627674588412,2.931677389144213
Karlen McCaffrey,USA,Drinking Coco,2024-06-29,132.68,243,132.68,0.007493864800673663,0.31145431145431146,-1.3958916469296963,0.6316882255538891,1.4337154772304943,-0.5403734214608039
Andria Kimpton,Canada,Organic Choco Syrup,2024-01-04,9479.63,217,9479.63,0.5648202460757904,0.277992277992278,0.8629965160117787,0.4220206798286171,-0.3118170041045154,0.908644373120068
Jehu Rudeforth,Australia,Drinking Coco,2024-01-14,3114.84,65,3114.84,0.18530977706974566,0.08236808236808237,-0.6751896078690883,-0.8037280490268193,-0.09089040338578709,-1.0457527040076153
Karlen McCaffrey,USA,Mint Chip Choco,2024-02-15,17866.48,58,16778.052499999998,1.0000000000000002,0.07335907335907335,2.6268146805890713,-0.8601770036451617,-2.4656754658631175,1.2492014812667056
Curtice Advani,New Zealand,Spicy Special Slims,2024-01-10,4651.03,494,4651.03,0.27690748687358774,0.6344916344916345,-0.30393680272633433,2.6557864554401687,2.0928403862850886,1.6630088377651642
Madelene Upcott,USA,White Choc,2024-05-04,14360.42,218,14360.42,0.8558449149211119,0.2792792792792793,2.0425426521099848,0.43008481620266603,-1.140179870147438,1.7484116501920086
Andria Kimpton,USA,Spicy Special Slims,2024-05-23,2595.52,5,2595.52,0.15434451713749034,0.005148005148005148,-0.8006942699009562,-1.2875762314697548,-0.3442775366627163,-1.4766302324710587
Barr Faughny,New Zealand,Fruit & Nut Bars,2024-04-26,1853.03,153,1853.03,0.11007240004764163,0.1956241956241956,-0.9801326826561775,-0.094084048110514,0.626530997948314,-0.7595859347891758
Oby Sorrel,Canada,Organic Choco Syrup,2024-07-05,1392.99,70,1392.99,0.08264180199781739,0.08880308880308879,-1.0913110788688025,-0.7634073671565746,0.23186293812794548,-1.3114839903763214
Madelene Upcott,UK,Organic Choco Syrup,2024-07-21,7943.17,174,7943.17,0.4732064371034556,0.22265122265122264,0.49167845965830975,0.07526281574451339,-0.2944503256036054,0.4008880203718884
Dotty Strutley,USA,Mint Chip Choco,2024-02-21,5552.79,272,5552.79,0.3306763245777211,0.3487773487773488,-0.08600742578368405,0.8655481804013079,0.6728514218094873,0.5512185538013955
Kelci Walkden,USA,Orange Choco,2024-02-03,1539.14,143,1539.14,0.09135622227644927,0.18275418275418273,-1.0559908401798295,-0.17472541185100324,0.623148760396574,-0.8702478075274982
Gigi Bohling,Australia,Caramel Stuffed Bars,2024-07-08,9117.77,154,9117.77,0.5432437827023677,0.1969111969111969,0.7755453933843977,-0.08601991173646507,-0.6092186696860156,0.48756814387417785
Mallorie Waber,India,50% Dark Bites,2024-05-31,631.02,140,631.02,0.03720815971448423,0.17889317889317888,-1.2754572456415483,-0.19891782097315,0.7612283273976811,-1.0425406076156263
Van Tuxwell,New Zealand,Mint Chip Choco,2024-06-27,4486.37,104,4486.37,0.26708937915494574,0.13256113256113256,-0.34373037441655874,-0.48922673043891124,-0.10288145998134199,-0.5889896172808162
Van Tuxwell,India,50% Dark Bites,2024-05-13,5591.29,132,5591.29,0.33297194675170216,0.16859716859716858,-0.07670308647800178,-0.2634309119655414,-0.1320365116384594,-0.240511056811523
Van Tuxwell,USA,Manuka Honey Choco,2024-05-31,2662.54,102,2662.54,0.15834068851671654,0.12998712998712997,-0.7844974693745451,-0.5053550031870091,0.19738353075833664,-0.9120634300785115
Wilone O'Kielt,USA,Orange Choco,2024-02-28,7481.93,38,7481.93,0.4457042871936631,0.047619047619047616,0.38021005806472835,-1.0214597311261402,-0.9911302129211853,-0.45343199225537384
Barr Faughny,New Zealand,Eclairs,2024-03-28,7418.41,31,7418.41,0.44191680873934425,0.03861003861003861,0.3648591065661065,-1.0779086857444826,-1.0201908896203657,-0.5042021927592366
Gigi Bohling,USA,After Nines,2024-01-14,1969.06,235,1969.06,0.1169908686410707,0.30115830115830117,-0.9520915790292083,0.5671751345614977,1.074283795610986,-0.2721770280733408
Barr Faughny,New Zealand,Mint Chip Choco,2024-02-21,7197.75,159,7197.75,0.42875961422218445,0.20334620334620332,0.31153195043125337,-0.045699229866220464,-0.25260059003961677,0.18797211937280517
Dennison Crosswaite,Canada,85% Dark Bars,2024-08-01,11719.06,87,11719.06,0.6983497308830201,0.11068211068211067,1.4042021412409742,-0.626317048797743,-1.435793888605789,0.5500478238505436
Beverie Moffet,New Zealand,Smooth Sliky Salty,2024-05-19,2755.14,63,2755.14,0.1638621070442657,0.07979407979407978,-0.7621187208107483,-0.8198563217749171,-0.04082664917121486,-1.1186252802802008
Husein Augar,USA,White Choc,2024-07-13,2438.56,61,2438.56,0.14498553385364457,0.0772200772200772,-0.8386269737300441,-0.835984594523015,0.0018684442557481272,-1.1841291957651772
Andria Kimpton,Australia,Peanut Butter Cubes,2024-04-20,7661.86,144,7661.86,0.4564328923304009,0.18404118404118402,0.42369394822762196,-0.1666612754769543,-0.417444181990406,0.18174954588850287
Dennison Crosswaite,India,85% Dark Bars,2024-06-30,4886.15,23,4886.15,0.29092688130336486,0.028314028314028312,-0.24711508175095742,-1.142421776736874,-0.6330774352662648,-0.9825509353453932
Curtice Advani,UK,50% Dark Bites,2024-03-08,3572.26,156,3572.26,0.21258415355863924,0.19948519948519947,-0.5646443900715511,-0.06989163898836723,0.3498430253016159,-0.4486847290554549
Gunar Cockshoot,USA,Fruit & Nut Bars,2024-03-09,6937.75,94,6937.75,0.41325671122906577,0.11969111969111967,0.2486974512240485,-0.5698680941794004,-0.5788132480004452,-0.2271019395517686
Oby Sorrel,Canada,Raspberry Choco,2024-06-16,1941.25,221,1941.25,0.11533265428630673,0.28314028314028317,-0.9588124537328713,0.4542772253248128,0.9992052944864076,-0.35676028135484894
Gigi Bohling,UK,Drinking Coco,2024-06-30,6173.15,46,6173.15,0.36766625111930223,0.05791505791505791,0.0639156893247067,-0.9569466401337487,-0.721858675817974,-0.6314682411265387
Kelci Walkden,India,Mint Chip Choco,2024-07-28,3105.45,116,3105.45,0.18474988376549417,0.148005148005148,-0.6774588999750717,-0.3924570939503242,0.20152670969050637,-0.7565448546045938
Karlen McCaffrey,Canada,Peanut Butter Cubes,2024-08-12,3691.6,154,3691.6,0.2196999860324807,0.1969111969111969,-0.5358033549354442,-0.08601991173646507,0.31804492275142915,-0.43969544856328024
Barr Faughny,UK,Mint Chip Choco,2024-07-07,3950.65,324,3950.65,0.23514624380312452,0.4157014157014157,-0.47319844332149635,1.284883271851852,1.2431515026791546,0.5739478464400456
Barr Faughny,USA,85% Dark Bars,2024-08-25,13497.17,49,13497.17,0.8043722956564594,0.06177606177606177,1.8339200311845245,-0.932754231011602,-1.9563341321331649,0.6372204482756888
Husein Augar,Canada,Eclairs,2024-01-17,4389.23,241,4389.23,0.26129725609051674,0.3088803088803089,-0.3672063100049737,0.6155599528057912,0.6949206887548536,0.17561254495683473
Jan Morforth,Australia,70% Dark Bites,2024-03-04,6310.98,366,6310.98,0.3758845785021543,0.4697554697554698,0.09722522403904917,1.6235769995619067,1.079293690948348,1.2167909213891177
Marney O'Breen,New Zealand,Fruit & Nut Bars,2024-08-25,9693.37,4,9693.37,0.5775648248671336,0.003861003861003861,0.9146513077831174,-1.2956403678438035,-1.562912232235975,-0.2693999479267889
Ches Bonnell,UK,Peanut Butter Cubes,2024-04-15,2348.2,266,2348.2,0.13959767879803608,0.3410553410553411,-0.8604643789160559,0.8171633621570144,1.186261952019437,-0.030618442582599145
Kaine Padly,USA,Organic Choco Syrup,2024-03-11,2518.5,24,2518.5,0.14975208025852882,0.029601029601029602,-0.8193077819353366,-1.134357640362825,-0.22277389130594893,-1.3814500682767086
Camilla Castle,USA,Raspberry Choco,2024-05-20,3516.72,17,3516.72,0.20927249497310918,0.02059202059202059,-0.5780668057868134,-1.1908065949811675,-0.4332724600421525,-1.2507823767435458
Brien Boise,New Zealand,Manuka Honey Choco,2024-06-14,16807.37,44,16778.052499999998,1.0000000000000002,0.05534105534105534,2.6268146805890713,-0.9730749128818467,-2.5455063430661617,1.1693706040636627
Jehu Rudeforth,New Zealand,After Nines,2024-04-14,1736.59,70,1736.59,0.10312948456872341,0.08880308880308879,-1.0082728714549734,-0.7634073671565746,0.1731460585680522,-1.2527671108164273
Jehu Rudeforth,USA,Smooth Sliky Salty,2024-07-07,7900.11,168,7900.11,0.47063891786159523,0.2149292149292149,0.4812720999049933,0.02687799750021985,-0.3213051511415874,0.3593163797358332
Madelene Upcott,India,Mint Chip Choco,2024-08-24,4016.89,71,4016.89,0.23909590647337134,0.09009009009009009,-0.457190146292707,-0.7553432307825257,-0.21082606787444277,-0.8573905733449205
Jehu Rudeforth,India,Eclairs,2024-02-24,9642.62,140,9642.62,0.5745387774559767,0.17889317889317888,0.9023864968801727,-0.19891782097315,-0.7787397513041059,0.497427471086183
Karlen McCaffrey,Canada,Raspberry Choco,2024-05-09,773.7,217,773.7,0.04571567586470797,0.277992277992278,-1.2409756058458408,0.4220206798286171,1.1759159506884458,-0.5790885816729145
Kaine Padly,Australia,70% Dark Bites,2024-02-08,7852.03,240,7852.03,0.4677720733388678,0.3075933075933076,0.4696525509746764,0.6074958164317423,0.09746990774559396,0.7616589149370967
Roddy Speechley,UK,70% Dark Bites,2024-03-24,1649.57,293,1649.57,0.09794078219002654,0.3758043758043758,-1.0293030949973234,1.0348950442563352,1.4596085019789147,0.003954105241087886
Rafaelita Blaksland,USA,Drinking Coco,2024-06-20,9333.45,78,9333.45,0.5561040370006595,0.09909909909909909,0.8276690271882822,-0.6988942761641832,-1.0794432637110642,0.09105749969475742
Mallorie Waber,Canada,Manuka Honey Choco,2024-03-07,1540.11,117,1540.11,0.09141406002992358,0.1492921492921493,-1.0557564191635567,-0.38439295757627523,0.47472565632923336,-1.0183393902143183
Kaine Padly,Australia,Fruit & Nut Bars,2024-06-20,5191.445,82,5191.445,0.3091305688775347,0.10424710424710423,-0.17333408776840503,-0.6666377306679876,-0.3488183510783263,-0.5939497688219662
Oby Sorrel,New Zealand,Organic Choco Syrup,2024-02-17,17102.97,267,16778.052499999998,1.0000000000000002,0.34234234234234234,2.6268146805890713,0.8252274985310633,-1.2739145133319631,2.440962433797843
Madelene Upcott,UK,99% Dark & Pure,2024-01-26,11496.42,49,11496.42,0.6850744757969126,0.06177606177606177,1.3503964762275433,-0.932754231011602,-1.6144313475596597,0.29531766370217866
Madelene Upcott,Australia,Mint Chip Choco,2024-05-02,3072.89,166,3072.89,0.1828084432983559,0.21235521235521235,-0.68532771264502,0.010749724752122002,0.49220107621447007,-0.47699866967824855
Curtice Advani,Canada,99% Dark & Pure,2024-07-07,14990.79,7,14990.79,0.8934317032279282,0.007722007722007722,2.194884895437853,-1.2714479587216567,-2.4510674670259047,0.6529685199501724
Rafaelita Blaksland,Australia,Baker's Choco Chips,2024-08-22,3170.18,49,3170.18,0.18860951034528098,0.06177606177606177,-0.6618155263839856,-0.932754231011602,-0.19158259532809488,-1.1275310885294065
Karlen McCaffrey,Australia,After Nines,2024-08-11,2528.14,67,2528.14,0.15032688020027368,0.08494208494208494,-0.8169780720416541,-0.7875997762787214,0.02077359215366548,-1.1346078774890571
Marney O'Breen,UK,99% Dark & Pure,2024-01-13,8551.6,208,8551.6,0.5094850189038524,0.26640926640926643,0.6387184379376931,0.3494434524621768,-0.20454830385737288,0.6987359736118675
Gunar Cockshoot,Australia,50% Dark Bites,2024-03-02,13072.95,119,13072.95,0.7790775206266871,0.15186615186615185,1.7313982955934462,-0.36826468482817737,-1.4846859316624805,0.9638810198354361
Marney O'Breen,Australia,Choco Coated Almonds,2024-07-27,11987.26,41,11987.26,0.7143415715859217,0.05148005148005148,1.4690183438847142,-0.9972673220039934,-1.743927318693083,0.33357834660355373
Kelci Walkden,New Zealand,Drinking Coco,2024-03-10,18385.44,116,16778.052499999998,1.0000000000000002,0.148005148005148,2.6268146805890713,-0.3924570939503242,-2.134947546021936,1.5799294011078824
Beverie Moffet,USA,85% Dark Bars,2024-08-23,14028.4,344,14028.4,0.8360477077988994,0.44144144144144143,1.962302996622384,1.4461659993328304,-0.36496397080468906,2.4101515405040375
Roddy Speechley,USA,Eclairs,2024-04-25,4812.71,169,4812.71,0.2865479074733086,0.2162162162162162,-0.2648634110654847,0.03494213387426877,0.2119945338642265,-0.16257889424098212
Dennison Crosswaite,UK,Milk Bars,2024-03-07,11963.91,446,11963.91,0.7129492916440398,0.5727155727155726,1.4633753225136055,2.2687079094858205,0.5694561333585768,2.6389813612993973
Wilone O'Kielt,UK,Organic Choco Syrup,2024-07-12,5574.83,52,5574.83,0.3319904937391378,0.06563706563706563,-0.08068099362011945,-0.9085618218894552,-0.585400147683588,-0.6995003030868887
Madelene Upcott,USA,Orange Choco,2024-05-16,9205.15,144,9205.15,0.548453950639055,0.18404118404118402,0.7966626185410343,-0.1666612754769543,-0.6811728579391477,0.4454782218372483
Gunar Cockshoot,India,Smooth Sliky Salty,2024-03-02,4133.74,69,4133.74,0.24606326883777868,0.08751608751608751,-0.42895087232208434,-0.7714715035306235,-0.24219866102386087,-0.8488268022535144
Marney O'Breen,New Zealand,85% Dark Bars,2024-05-30,1312.23,164,1312.23,0.07782636182195483,0.20978120978120976,-1.1108284410071636,-0.005378547995975845,0.7816711156101485,-0.7892775311319435
Marney O'Breen,UK,Manuka Honey Choco,2024-06-10,11735.75,185,11735.75,0.6993448980020783,0.2368082368082368,1.4082356327477752,0.16396831585905156,-0.8798298573807997,1.1117160734681597
Brien Boise,USA,99% Dark & Pure,2024-07-25,7650.76,358,7650.76,0.45577103762569476,0.4594594594594595,0.42101139845377605,1.5590639085695153,0.8047246472492209,1.4001246768561988
Beverie Moffet,New Zealand,Mint Chip Choco,2024-06-09,4994.93,98,4994.93,0.29741305740948587,0.12483912483912482,-0.2208260939672659,-0.5376115486832048,-0.22400114321090836,-0.5362964002252857
Dennison Crosswaite,USA,Milk Bars,2024-05-12,5191.445,62,5191.445,0.3091305688775347,0.0785070785070785,-0.17333408776840503,-0.827920458148966,-0.4628624613683889,-0.7079938791120272
Gunar Cockshoot,USA,Drinking Coco,2024-05-09,4142.16,5,4142.16,0.24656532438855586,0.005148005148005148,-0.4269160012323741,-1.2875762314697548,-0.6085786850984362,-1.2123290840353353
Brien Boise,Canada,Manuka Honey Choco,2024-08-09,7308.24,178,7308.24,0.4353477517287601,0.2277992277992278,0.3382341958828074,0.10751936124070909,-0.16314002409575865,0.3151953629800648
Van Tuxwell,India,Choco Coated Almonds,2024-04-13,6833.86,115,6833.86,0.40706210895231537,0.1467181467181467,0.22359023536775413,-0.4005212303243731,-0.4413134496071795,-0.12510910633590488
Andria Kimpton,USA,Caramel Stuffed Bars,2024-05-02,8878.27,47,8878.27,0.5289632239837065,0.0592020592020592,0.7176651527685302,-0.9488825037596998,-1.1784271491016618,-0.16349535681383753
Dotty Strutley,USA,99% Dark & Pure,2024-08-09,4134.93,307,4134.93,0.24613422443224722,0.3938223938223938,-0.4286632836526359,1.1477929534930202,1.1147228955295247,0.5085014660965707
Camilla Castle,Australia,Raspberry Choco,2024-08-23,6641.89,188,6641.89,0.39561560015389624,0.24066924066924064,0.17719662454926538,0.18816072498119832,0.00775278976503177,0.2583466594093345
Gunar Cockshoot,India,Spicy Special Slims,2024-05-13,7117.3,174,7117.3,0.4239626582768137,0.22265122265122264,0.2920895063496394,0.07526281574451339,-0.1533196232691204,0.2597573180374014
Karlen McCaffrey,USA,Manuka Honey Choco,2024-02-01,11815.59,68,11815.59,0.7041054817519653,0.08622908622908622,1.4275306574274031,-0.7795356399046725,-1.5606315453717925,0.4582016710654299
Camilla Castle,USA,50% Dark Bites,2024-06-23,6962.79,303,6962.79,0.41474976004040304,0.3886743886743887,0.2547488968400039,1.1155364079968244,0.6086686862996852,0.9689380312103922
Madelene Upcott,UK,Choco Coated Almonds,2024-05-24,11786.42,147,11786.42,0.7023661752892373,0.18790218790218788,1.4204811099586563,-0.14246886635480754,-1.1051725269065977,0.9036911238917232
Jan Morforth,Canada,Mint Chip Choco,2024-04-01,1200.19,224,1200.19,0.07114580316292017,0.287001287001287,-1.137905276742453,0.47846963444695956,1.1429496606418335,-0.4662914144232578
Camilla Castle,Canada,70% Dark Bites,2024-07-27,5191.445,166,5191.445,0.3091305688775347,0.21235521235521235,-0.17333408776840503,0.010749724752122002,0.1301669121399367,-0.11496450560370995
Ches Bonnell,India,Peanut Butter Cubes,2024-01-27,26170.95,224,16778.052499999998,1.0000000000000002,0.287001287001287,2.6268146805890713,0.47846963444695956,-1.5191093504555977,2.195767596674212
Jan Morforth,India,Choco Coated Almonds,2024-08-12,2987.81,136,2987.81,0.1777354164266077,0.17374517374517373,-0.7058890941548238,-0.2311743664693457,0.335674003075522,-0.662603927409486
Gigi Bohling,Canada,Almond Choco,2024-02-01,11705.99,47,11705.99,0.697570411874866,0.0592020592020592,1.4010434993000582,-0.9488825037596998,-1.6616486120501524,0.31972610613465957
Rafaelita Blaksland,India,After Nines,2024-03-02,5256.03,201,5256.03,0.3129815496075754,0.2574002574002574,-0.15772575649418455,0.2929944978438343,0.318707348260539,0.0956494442909042
Kelci Walkden,Australia,99% Dark & Pure,2024-06-30,3794.1,36,3794.1,0.22581170740476786,0.04504504504504504,-0.5110320619787576,-1.037588003874238,-0.3723312771883719,-1.0950397500462083
Dotty Strutley,Australia,Spicy Special Slims,2024-01-17,9655.3,97,9655.3,0.575294842109641,0.12355212355212354,0.9054508870722775,-0.5456756850572537,-1.0261014395127797,0.2543994850475908
Brien Boise,USA,Milk Bars,2024-07-07,16001.54,133,16001.54,0.9536992386136769,0.16988416988416988,2.439154011105862,-0.25536677559149246,-1.9053139203217988,1.544170762900848
Mallorie Waber,New Zealand,Mint Chip Choco,2024-01-31,1386.1,104,1386.1,0.08223097506849973,0.13256113256113256,-1.0929761930977935,-0.48922673043891124,0.4269153391838216,-1.1187864164459875
Beverie Moffet,UK,99% Dark & Pure,2024-08-10,3821.76,122,3821.76,0.2274609777770358,0.1557271557271557,-0.5043474379477142,-0.3440722757060306,0.11333165407686413,-0.5999233328169126
Beverie Moffet,USA,Peanut Butter Cubes,2024-08-18,15722.43,351,15722.43,0.937056872250564,0.45045045045045046,2.3717011762069276,1.5026149539511728,-0.6145367611928235,2.7395552080952195
Brien Boise,New Zealand,White Choc,2024-06-15,6287.25,340,6287.25,0.3744696404712824,0.4362934362934363,0.09149036763063785,1.4139094538366346,0.935091503426785,1.0644784221565196
Marney O'Breen,USA,Baker's Choco Chips,2024-01-26,9831.97,9,9831.97,0.5858290646934652,0.010296010296010296,0.9481469292835732,-1.255319685973559,-1.558086185766489,-0.21720393925124304
Kelci Walkden,USA,Spicy Special Slims,2024-04-29,90.36,73,90.36,0.004970469205793734,0.09266409266409266,-1.406119170031423,-0.7392149580344278,0.47157249070493507,-1.5169803098662957
Mallorie Waber,Canada,White Choc,2024-03-03,3799.5,71,3799.5,0.22613369077462495,0.09009009009009009,-0.5097270377644542,-0.7553432307825257,-0.17367687565230883,-0.8945397655670551
Kaine Padly,Australia,Almond Choco,2024-02-22,4674.2,422,4674.2,0.27828903403647454,0.5418275418275418,-0.29833728216236916,2.0751686365086464,1.6783221302786901,1.256409499683118
Oby Sorrel,USA,Smooth Sliky Salty,2024-03-04,4011.83,169,4011.83,0.23879419613050526,0.2162162162162162,-0.4584130023157395,0.03494213387426877,0.34885476233316515,-0.29943912270992273
Dennison Crosswaite,India,Smooth Sliky Salty,2024-07-07,3429.85,9,3429.85,0.20409273657690835,0.010296010296010296,-0.5990607786565437,-1.255319685973559,-0.46404512357794514,-1.3112450014398032
Camilla Castle,New Zealand,Caramel Stuffed Bars,2024-06-17,4920.68,380,4920.68,0.29298578607395104,0.4877734877734878,-0.23877017691393884,1.7364749087985916,1.3967091946127408,1.0590371721308078
Jan Morforth,Canada,Caramel Stuffed Bars,2024-08-02,5191.445,118,5191.445,0.3091305688775347,0.15057915057915056,-0.17333408776840503,-0.3763288212022263,-0.1435389525562136,-0.3886703702998564
Oby Sorrel,USA,Baker's Choco Chips,2024-08-12,8485.1,120,8485.1,0.5055198533306124,0.15315315315315314,0.6226473064096965,-0.36020054845412847,-0.6949783830488611,0.18557788225081154
Madelene Upcott,New Zealand,Peanut Butter Cubes,2024-01-28,6030.31,351,6030.31,0.35914919472108275,0.45045045045045046,0.029395382144871716,1.5026149539511728,1.0417235494009847,1.0832948975013874
Kelci Walkden,Australia,Orange Choco,2024-04-29,13331.77,443,13331.77,0.7945100642908369,0.5688545688545688,1.7939476228427105,2.244515500363674,0.31859960157992306,2.855624659991036
Marney O'Breen,Australia,Manuka Honey Choco,2024-04-05,15245.95,233,15245.95,0.908646013719175,0.2985842985842986,2.2565497062752007,0.5510468618133999,-1.2059726266518709,1.9852705721315367
Kaine Padly,Canada,Manuka Honey Choco,2024-01-18,11618.55,133,11618.55,0.6923566663451802,0.16988416988416988,1.3799117738743736,-0.25536677559149246,-1.1563165514562093,0.795173394035248
Jehu Rudeforth,UK,Baker's Choco Chips,2024-05-16,2629.59,98,2629.59,0.15637599369508864,0.12483912483912482,-0.7924605337933043,-0.5376115486832048,0.18020544554985393,-0.9405029889860539
Kelci Walkden,Australia,White Choc,2024-08-24,10089.49,168,10089.49,0.6011840938426495,0.2149292149292149,1.0103820840368019,0.02687799750021985,-0.6954424089146931,0.7334536375089442
Curtice Advani,India,85% Dark Bars,2024-01-18,308.24,402,308.24,0.017961901914027165,0.516087516087516,-1.3534638596957853,1.9138859090276679,2.3103651779726535,0.39627823140901935
Kaine Padly,USA,Eclairs,2024-08-22,7978.76,10,7978.76,0.4753285460170137,0.011583011583011582,0.5002795359151729,-1.2472555495995101,-1.2356939093288495,-0.5281918046598815
Gunar Cockshoot,UK,99% Dark & Pure,2024-03-07,8.16,84,8.16,6.916679796929861e-05,0.1068211068211068,-1.4259845386269316,-0.6505094579198897,0.5483436882091238,-1.4683029860514167
Beverie Moffet,UK,Choco Coated Almonds,2024-03-04,3303.13,73,3303.13,0.19653686016426225,0.09266409266409266,-0.6296853468855321,-0.7392149580344278,-0.07744913078411683,-0.9679586883772358
Dotty Strutley,Canada,Manuka Honey Choco,2024-04-22,13959.74,113,13959.74,0.8319537488777167,0.14414414414414414,1.9457098554086658,-0.41664950307247095,-1.6704403219815063,1.081208943980427
Kaine Padly,Australia,Milk Bars,2024-06-09,4251.42,91,4251.42,0.25308012123866414,0.11583011583011582,-0.4005110112963002,-0.5940605033015472,-0.13686015829212692,-0.7032682623471121
Jan Morforth,Canada,Fruit & Nut Bars,2024-07-25,9885.53,217,9885.53,0.5890226627100477,0.277992277992278,0.9610908361202578,0.4220206798286171,-0.3811801630491044,0.9780075320646577
Jan Morforth,India,Smooth Sliky Salty,2024-08-03,12864.47,93,12864.47,0.7666465774882049,0.1184041184041184,1.6810146940752992,-0.5779322305534494,-1.5973166887454797,0.7799970901642741
Rafaelita Blaksland,Australia,Manuka Honey Choco,2024-08-03,5245.6,144,5245.6,0.31235964469135147,0.18404118404118402,-0.1602463865969965,-0.1666612754769543,-0.004536011427578199,-0.2311586246743309
Jehu Rudeforth,UK,Milk Bars,2024-05-03,14345.5,219,14345.5,0.8549552867955068,0.2805662805662806,2.0389369185400943,0.43814895257671493,-1.131928025974513,1.75156421704809
Husein Augar,Canada,After Nines,2024-01-19,11462.19,288,11462.19,0.6830334589913186,0.36936936936936937,1.342124072735764,0.9945743623860906,-0.2457547569876629,1.6522953090626593
Roddy Speechley,USA,50% Dark Bites,2024-02-11,11667.94,306,11667.94,0.6953016216483731,0.39253539253539255,1.391847912012235,1.1397288171189712,-0.17827512166562887,1.790095072262737
Van Tuxwell,India,Almond Choco,2024-06-14,7455.17,383,7455.17,0.4441086807163714,0.49163449163449163,0.3737429380694021,1.7606673179207384,0.9807036339858373,1.509255965844736
Kelci Walkden,USA,50% Dark Bites,2024-03-23,7203.64,234,7203.64,0.42911081460152856,0.2998712998712999,0.31295539350944745,0.5591109981874488,0.17405829729489403,0.6166440592137582
Madelene Upcott,Canada,85% Dark Bars,2024-02-17,8081.58,105,8081.58,0.4814593478852923,0.13384813384813385,0.5251281636401144,-0.48116259406486234,-0.711555018618538,0.03108835238539472
Dennison Crosswaite,Canada,Smooth Sliky Salty,2024-03-17,2055.4,485,2055.4,0.12213902496578556,0.6229086229086228,-0.9312256918694003,2.5832092280737284,2.485080763930596,1.1681287608585953
Mallorie Waber,Australia,Spicy Special Slims,2024-06-29,5191.445,304,5191.445,0.3091305688775347,0.38996138996138996,-0.17333408776840503,1.1236005443708734,0.9170712731413688,0.6719398553977108
Ches Bonnell,Canada,Choco Coated Almonds,2024-08-24,17490.08,289,16778.052499999998,1.0000000000000002,0.3706563706563707,2.6268146805890713,1.0026384987601396,-1.1484659920128943,2.56641095511691
Gigi Bohling,Canada,Spicy Special Slims,2024-07-04,13644.0,281,13644.0,0.8131272619890733,0.36036036036036034,1.8694046062560394,0.9381254077677482,-0.6585138364290294,1.9852235113009875
Roddy Speechley,New Zealand,Almond Choco,2024-03-28,2930.46,70,2930.46,0.1743158337856256,0.08880308880308879,-0.7197489346530285,-0.7634073671565746,-0.030871173679240336,-1.0487498785691318
Curtice Advani,India,Smooth Sliky Salty,2024-04-19,22717.09,143,16778.052499999998,1.0000000000000002,0.18275418275418273,2.6268146805890713,-0.17472541185100324,-1.9809879971303515,1.7338889499994647
Ches Bonnell,New Zealand,Mint Chip Choco,2024-01-18,9471.72,248,9471.72,0.5643486000654998,0.3178893178893179,0.861084897208975,0.6720089074241337,-0.13369691453641216,1.0840610254511562
Van Tuxwell,New Zealand,Fruit & Nut Bars,2024-01-17,3400.47,92,3400.47,0.20234090853868594,0.1171171171171171,-0.6061610770669579,-0.5859963669274983,0.014258603280266763,-0.8429826128905018
Andria Kimpton,New Zealand,Mint Chip Choco,2024-02-15,10696.21,201,10696.21,0.6373607142425916,0.2574002574002574,1.1570088046483222,0.2929944978438343,-0.6109503753836407,1.0253071679350971
Andria Kimpton,UK,Milk Bars,2024-02-11,17101.67,307,16778.052499999998,1.0000000000000002,0.3938223938223938,2.6268146805890713,1.1477929534930202,-1.0458262927518378,2.669050654377965
Camilla Castle,USA,Manuka Honey Choco,2024-03-21,18936.88,180,16778.052499999998,1.0000000000000002,0.23037323037323035,2.6268146805890713,0.12364763398880693,-1.7700063930937355,1.9448705540360778
Gunar Cockshoot,New Zealand,Almond Choco,2024-01-05,6015.37,136,6015.37,0.35825837406447814,0.17374517374517373,0.025784815151965283,-0.2311743664693457,-0.18169757981257587,-0.14523234452138073
Brien Boise,India,Raspberry Choco,2024-05-30,7623.58,162,7623.58,0.4541503879974141,0.2072072072072072,0.4144427765751151,-0.02150682074407369,-0.3082629165199413,0.2778476789401493
Jehu Rudeforth,USA,99% Dark & Pure,2024-01-04,2996.83,227,2996.83,0.17827324790736898,0.2908622908622909,-0.7037092203746355,0.5026620435691064,0.853033301363205,-0.14216182205760658
Beverie Moffet,Australia,Fruit & Nut Bars,2024-04-22,1718.97,260,1718.97,0.10207886475818975,0.33333333333333337,-1.0125311171320155,0.7687785439127208,1.2595761407178419,-0.1723590974550427
Gigi Bohling,Canada,Milk Bars,2024-02-10,3523.33,114,3523.33,0.20966662646843426,0.1454311454311454,-0.5764693594800456,-0.408585366698422,0.1187119097485543,-0.6965388767206531
Dotty Strutley,India,Spicy Special Slims,2024-08-12,1092.36,209,1092.36,0.06471627227927407,0.2676962676962677,-1.1639646769328873,0.3575075888362257,1.0758433565125964,-0.5702512757291139
Gunar Cockshoot,USA,Organic Choco Syrup,2024-08-10,2495.71,310,2495.71,0.14839319118463198,0.39768339768339767,-0.8248154674619989,1.171985362615167,1.4119514076264923,0.24548618708661757
Kelci Walkden,Australia,Raspberry Choco,2024-06-07,813.41,58,813.41,0.04808344616415697,0.07335907335907335,-1.231378844447694,-0.8601770036451617,0.26247933882038904,-1.4789533234168406
Jehu Rudeforth,India,Baker's Choco Chips,2024-06-06,2489.06,81,2489.06,0.147996674627308,0.10296010296010295,-0.8264225806147986,-0.6747018670420365,0.10728274541375422,-1.0614552763430594
Karlen McCaffrey,New Zealand,Baker's Choco Chips,2024-04-05,5701.35,201,5701.35,0.33953444484178924,0.2574002574002574,-0.05010475962129027,0.2929944978438343,0.24260781157365974,0.17174898097778452
Wilone O'Kielt,USA,50% Dark Bites,2024-04-18,5084.32,126,5084.32,0.30274307471162,0.16087516087516085,-0.19922310979752744,-0.31181573020983494,-0.0796150054051083,-0.36135902921891244
Andria Kimpton,India,50% Dark Bites,2024-01-31,15789.48,16,15789.48,0.9410548324262894,0.019305019305019305,2.387905226867862,-1.1988707313552165,-2.53623360265641,0.8407743548417355
Madelene Upcott,USA,Baker's Choco Chips,2024-08-22,6541.75,141,6541.75,0.3896445974395466,0.18018018018018017,0.15299567550845955,-0.19085368459910107,-0.24313821423871165,-0.026769654950212784
Jehu Rudeforth,Australia,99% Dark & Pure,2024-02-25,11409.11,217,11409.11,0.6798684817187235,0.277992277992278,1.3292961680514623,0.4220206798286171,-0.641540650126701,1.2383680191422584
Jan Morforth,Australia,Mint Chip Choco,2024-02-22,19258.41,99,16778.052499999998,1.0000000000000002,0.12612612612612611,2.6268146805890713,-0.5295474123091558,-2.2318850397684895,1.4829919073613307
Oby Sorrel,New Zealand,Milk Bars,2024-01-12,5074.86,201,5074.86,0.30217900754887034,0.2574002574002574,-0.2015093188840665,0.2929944978438343,0.3496670021309286,0.06468979042051418
Brien Boise,UK,Almond Choco,2024-05-25,115.9,120,115.9,0.006493331292117774,0.15315315315315314,-1.399946888840069,-0.36020054845412847,0.7352116880007855,-1.2446121887988557
Kelci Walkden,India,Smooth Sliky Salty,2024-02-01,2797.19,9,2797.19,0.16636940347065282,0.010296010296010296,-0.7519564489197369,-1.255319685973559,-0.35593155832077955,-1.41935856669697
Rafaelita Blaksland,UK,Eclairs,2024-04-27,1608.04,75,1608.04,0.0954644915696257,0.09523809523809523,-1.0393396978899203,-0.72308668528633,0.2236246497826642,-1.2462236468860088
Gigi Bohling,USA,Smooth Sliky Salty,2024-07-22,2960.99,133,2960.99,0.17613623235631753,0.16988416988416988,-0.7123707144191979,-0.25536677559149246,0.3231505841740275,-0.6842937415950103
Curtice Advani,New Zealand,Mint Chip Choco,2024-01-26,3703.51,260,3703.51,0.2204101382426655,0.33333333333333337,-0.5329250515294526,0.7687785439127208,0.920443439432072,0.16677360383073214
Curtice Advani,USA,Mint Chip Choco,2024-08-24,5679.57,285,5679.57,0.3382357785833657,0.3655083655083655,-0.05536835728564782,0.9703819532639438,0.7253150003938277,0.6470123185941358
Madelene Upcott,New Zealand,Fruit & Nut Bars,2024-01-18,6764.17,20,6764.17,0.4029067346846599,0.02445302445302445,0.20674817286871536,-1.1666141858590209,-0.9711138368827391,-0.6787277668159328
Karlen McCaffrey,India,85% Dark Bars,2024-03-30,1108.85,87,1108.85,0.06569951408833763,0.11068211068211067,-1.1599795196562455,-0.626317048797743,0.3773563520088061,-1.2631024167640776
Ches Bonnell,Australia,Caramel Stuffed Bars,2024-01-17,9477.32,160,9477.32,0.5646825087453516,0.2046332046332046,0.8624382556534379,-0.03763509349217154,-0.6364479687461434,0.5832239091083437
Kelci Walkden,USA,Fruit & Nut Bars,2024-02-17,5301.93,155,5301.93,0.3157184082513606,0.19819819819819817,-0.1466330506726048,-0.07795577536241616,0.048562167085248506,-0.15880828186808943
Kelci Walkden,Canada,Peanut Butter Cubes,2024-04-08,8041.25,43,8041.25,0.47905460912485975,0.05405405405405405,0.5153815661284737,-0.9811390492558956,-1.0581998753237551,-0.32934027470777133
Gigi Bohling,Canada,Drinking Coco,2024-07-06,5191.445,89,5191.445,0.3091305688775347,0.11325611325611325,-0.17333408776840503,-0.610188776049645,-0.30890291247680435,-0.5540343302204447
Husein Augar,India,Fruit & Nut Bars,2024-04-04,4591.77,222,4591.77,0.27337401752215623,0.28442728442728443,-0.31825823512256096,0.4623413616988617,0.5519672683039134,0.10188215585665795
Jan Morforth,New Zealand,Organic Choco Syrup,2024-03-02,1928.33,217,1928.33,0.11456227926064867,0.277992277992278,-0.9619348450011678,0.4220206798286171,0.9786043364677253,-0.38177696745219136
Gigi Bohling,New Zealand,Raspberry Choco,2024-08-09,5191.445,186,5191.445,0.3091305688775347,0.23809523809523808,-0.17333408776840503,0.17203245223310046,0.24421102242999934,-0.0009203953136489597
Dennison Crosswaite,Australia,Milk Bars,2024-06-09,5191.445,296,5191.445,0.3091305688775347,0.37966537966537967,-0.17333408776840503,1.059087453378482,0.8714536290253437,0.6263222112816864
Ches Bonnell,UK,Caramel Stuffed Bars,2024-06-02,3063.08,301,3063.08,0.18222350684311556,0.3861003861003861,-0.6876985066343381,1.0994081352487266,1.2636752251790357,0.2911226702730201
Van Tuxwell,USA,Fruit & Nut Bars,2024-07-05,7093.33,233,7093.33,0.42253340987394805,0.2985842985842986,0.2862966488650367,0.5510468618133999,0.1872066708963741,0.5920912745832715
Andria Kimpton,Canada,Eclairs,2024-08-11,337.37,120,337.37,0.01969882331475619,0.15315315315315314,-1.3464239790730703,-0.36020054845412847,0.6973652755557054,-1.206765776353775
Madelene Upcott,India,Choco Coated Almonds,2024-02-11,3764.59,158,3764.59,0.22405212791504892,0.20205920205920205,-0.5181637776387753,-0.05376336624026939,0.32838068008570287,-0.4044135617815291
Kelci Walkden,New Zealand,Spicy Special Slims,2024-08-11,695.32,68,695.32,0.04104214687778243,0.08622908622908622,-1.259917790645305,-0.7795356399046725,0.33968147634966905,-1.442111350656059
Roddy Speechley,Australia,Drinking Coco,2024-05-12,14609.99,111,14609.99,0.8707259129980066,0.14157014157014156,2.1028565212143775,-0.43277777582056876,-1.7929642060425866,1.1809240059834962
Wilone O'Kielt,USA,Milk Bars,2024-07-15,5298.68,96,5298.68,0.3155246219639466,0.12226512226512226,-0.14741848191269485,-0.5537398214313026,-0.2873125745144127,-0.4957937909797928
Andria Kimpton,India,Organic Choco Syrup,2024-01-18,4552.3,132,4552.3,0.27102055759470084,0.16859716859716858,-0.3277969954445163,-0.2634309119655414,0.04551369410639938,-0.4180612625563843
Madelene Upcott,UK,Fruit & Nut Bars,2024-01-05,9099.26,199,9099.26,0.5421400952623576,0.2548262548262548,0.7710720603831462,0.2768662250957365,-0.3494562974336843,0.7410042679271246
Curtice Advani,Australia,50% Dark Bites,2024-06-29,603.97,239,603.97,0.035595261537700165,0.30630630630630634,-1.2819944502706055,0.5994316800576934,1.3303691750567015,-0.48264476340303486
Brien Boise,Canada,Raspberry Choco,2024-06-14,3172.23,46,3172.23,0.18873174477272672,0.05791505791505791,-0.6613201005248518,-0.9569466401337487,-0.2090395308561728,-1.1442873860883471
Gunar Cockshoot,India,Mint Chip Choco,2024-08-08,4737.32,74,4737.32,0.2820526618708039,0.09395109395109394,-0.28308299912406626,-0.7311508216603789,-0.3168317957469226,-0.7171716123854205
Dennison Crosswaite,India,Mint Chip Choco,2024-03-23,15201.56,142,15201.56,0.9059991911658497,0.18146718146718147,2.245821923891324,-0.18278954822505217,-1.7172876408009232,1.4587841826410262
Barr Faughny,India,Caramel Stuffed Bars,2024-01-04,7912.62,106,7912.62,0.47138484600176417,0.13513513513513511,0.48429540600146315,-0.4730984576908134,-0.676979693283198,0.007917438079060615
Brien Boise,India,Milk Bars,2024-02-22,14190.78,269,14190.78,0.8457298669836019,0.34491634491634493,2.0015455580887913,0.8413557712791611,-0.8203780657164504,2.0102348082403356
Beverie Moffet,UK,Spicy Special Slims,2024-02-17,9327.08,259,9327.08,0.555724215877328,0.33204633204633205,0.8261295819577055,0.7607144075386719,-0.046255513424191624,1.1220681456580033
Barr Faughny,USA,Almond Choco,2024-02-03,434.42,83,434.42,0.025485579989687594,0.10553410553410553,-1.322969793888227,-0.6585735942939386,0.46979905812768186,-1.40116276699898
Van Tuxwell,Canada,Raspberry Choco,2024-03-17,1497.58,132,1497.58,0.08887814285954922,0.16859716859716858,-1.0660346932069504,-0.2634309119655414,0.5675265763217576,-0.9400741447717501
Wilone O'Kielt,Australia,Baker's Choco Chips,2024-01-25,3124.74,155,3124.74,0.18590007991448362,0.19819819819819817,-0.6727970634761986,-0.07795577536241616,0.42061630855499244,-0.5308624233378387
Brien Boise,Australia,Milk Bars,2024-07-27,2356.21,54,2356.21,0.1400752874633241,0.0682110682110682,-0.8585285929981723,-0.8924335491413574,-0.023974424404687746,-1.2381172043077846
Husein Augar,Australia,Fruit & Nut Bars,2024-01-28,8548.0,55,8548.0,0.5092703633239477,0.06949806949806948,0.637848421794824,-0.8843694127673085,-1.0763705532619874,-0.17431666442146376
Madelene Upcott,Australia,Organic Choco Syrup,2024-07-05,12094.34,52,12094.34,0.7207263825570877,0.06563706563706563,1.4948964907120508,-0.9085618218894552,-1.699501671139699,0.4146012203692383
Van Tuxwell,India,White Choc,2024-03-15,2119.42,46,2119.42,0.12595631669509116,0.05791505791505791,-0.9157539047953801,-0.9569466401337487,-0.029127662493392766,-1.3241992544511296
Gunar Cockshoot,Canada,After Nines,2024-08-04,3038.32,220,3038.32,0.1807471534657709,0.28185328185328185,-0.6936822843280702,0.44621308895076384,0.806027748288633,-0.1749871461860777
Jan Morforth,USA,Fruit & Nut Bars,2024-06-27,5191.445,382,5191.445,0.3091305688775347,0.49034749034749037,-0.17333408776840503,1.7526031815466894,1.361843303272613,1.1167118855289486
Jan Morforth,Canada,After Nines,2024-07-13,5384.52,180,5384.52,0.32064296501367473,0.23037323037323035,-0.12667343032828532,0.12364763398880693,0.17700372205244963,-0.0021395611101358075
Barr Faughny,New Zealand,Manuka Honey Choco,2024-02-24,6575.07,249,6575.07,0.3916313540846647,0.31917631917631917,0.16104815825301358,0.6800730437981827,0.3670060161735647,0.5947625057701784
Karlen McCaffrey,New Zealand,85% Dark Bars,2024-06-28,6350.37,59,6350.37,0.37823326830561177,0.07464607464607463,0.10674465066894079,-0.8521128672711128,-0.6780146531271175,-0.5270549204403142
Oby Sorrel,Australia,85% Dark Bars,2024-06-30,7488.06,28,7488.06,0.4460697979450009,0.03474903474903475,0.38169150221911363,-1.1021010948666294,-1.0491998072737314,-0.5094065081928891
Curtice Advani,Canada,Choco Coated Almonds,2024-08-18,6997.57,7,6997.57,0.41682357144848253,0.007722007722007722,0.2631542194647215,-1.2714479587216567,-1.0851276066192397,-0.7129713404565116
Kaine Padly,India,70% Dark Bites,2024-01-24,13081.57,324,13081.57,0.7795915014874589,0.4157014157014157,1.7334815009133155,1.284883271851852,-0.3172068497976221,2.134306198916845
Beverie Moffet,USA,White Choc,2024-03-11,5964.72,136,5964.72,0.3552382893083187,0.17374517374517373,0.013544171364100268,-0.2311743664693457,-0.1730421375840876,-0.1538877867498691
Ches Bonnell,New Zealand,After Nines,2024-06-23,6651.11,377,6651.11,0.39616535694465216,0.4839124839124839,0.17942483255961303,1.7122824996764447,1.0838940510121122,1.3376390826444218
Husein Augar,India,Spicy Special Slims,2024-08-22,2606.11,31,2606.11,0.15497596230171007,0.03861003861003861,-0.7981349724140165,-1.0779086857444826,-0.19782988989372338,-1.3265631924858905
Gunar Cockshoot,Canada,50% Dark Bites,2024-01-04,3615.98,24,3615.98,0.2151910263234821,0.029601029601029602,-0.5540785273587089,-1.134357640362825,-0.4103192957861342,-1.1939046637965207
Curtice Advani,India,Milk Bars,2024-04-05,3658.27,210,3658.27,0.21771263312186284,0.268983268983269,-0.5438582543915063,0.36557172521027465,0.6430641055907618,-0.1260676137782668
Beverie Moffet,India,Milk Bars,2024-04-15,1997.46,314,1997.46,0.11868426266031903,0.40283140283140284,-0.9452281183465752,1.2042419081113627,1.5199048316656367,0.1831504071634971
Husein Augar,Australia,White Choc,2024-05-11,3618.67,213,3618.67,0.21535142174291091,0.2728442728442729,-0.5534284319630651,0.3897641343324214,0.6669378595922798,-0.11572813469276633
Andria Kimpton,Canada,Manuka Honey Choco,2024-07-21,5538.85,492,5538.85,0.3298451304710901,0.6319176319176318,-0.08937632162579331,2.639658182692071,1.9297188040952427,1.8033215978969999
Jan Morforth,New Zealand,Orange Choco,2024-02-11,1382.49,86,1382.49,0.08201572322309528,0.10939510939510938,-1.0938486259521705,-0.6343811851717919,0.3248925431102252,-1.2220430188945022
Andria Kimpton,Canada,Smooth Sliky Salty,2024-07-08,1223.79,81,1223.79,0.07255298974229554,0.10296010296010295,-1.1322018375836451,-0.6747018670420365,0.3235013315626077,-1.2776738624919162
Gunar Cockshoot,UK,Raspberry Choco,2024-08-11,8043.29,344,8043.29,0.47917624728680575,0.44144144144144143,0.5158745752760996,1.4461659993328304,0.6578153744302141,1.3873721952691198
Husein Augar,New Zealand,After Nines,2024-08-04,6878.47,7,6878.47,0.40972204934663475,0.007722007722007722,0.23437118540480584,-1.2714479587216567,-1.0647749280523502,-0.7333240190234015
Andria Kimpton,New Zealand,Orange Choco,2024-06-14,9420.22,94,9420.22,0.5612778327418628,0.11969111969111967,0.8486388329429325,-0.5698680941794004,-1.003035867328292,0.19712067977608425
Dennison Crosswaite,UK,Baker's Choco Chips,2024-01-17,2516.34,293,2516.34,0.149623286910586,0.3758043758043758,-0.819829791621058,1.0348950442563352,1.311488508684012,0.15207409853599316
Jehu Rudeforth,Canada,Orange Choco,2024-06-23,4334.75,529,4334.75,0.2580488016479587,0.6795366795366795,-0.380372554300391,2.938031228531881,2.3464658175558037,1.8085377925096646
Jehu Rudeforth,UK,Smooth Sliky Salty,2024-08-24,1588.49,111,1588.49,0.09429879251764313,0.14157014157014156,-1.0440643688880005,-0.43277777582056876,0.4322448952063948,-1.044285095265517
Andria Kimpton,UK,Caramel Stuffed Bars,2024-06-07,8959.38,271,8959.38,0.5337995334520598,0.3474903474903475,0.7372670998096698,0.857484044027259,0.08500621646979009,1.127659348112095
Jan Morforth,UK,White Choc,2024-06-22,9409.06,46,9409.06,0.5606124004441582,0.05791505791505791,0.8459417829000386,-0.9569466401337487,-1.2748346296499127,-0.07849228729459198
Dotty Strutley,USA,Fruit & Nut Bars,2024-07-13,3315.64,268,3315.64,0.19728278830443113,0.34362934362934366,-0.6266620407890624,0.8332916349051122,1.0323431443015774,0.14610918719327537
Kelci Walkden,UK,Choco Coated Almonds,2024-05-24,10920.7,210,10920.7,0.6507462784461501,0.268983268983269,1.211261561290728,0.36557172521027465,-0.5979930178730206,1.1149895096855336
Gunar Cockshoot,New Zealand,After Nines,2024-08-09,7605.55,154,7605.55,0.45307532130139133,0.1969111969111969,0.4100854457262463,-0.08601991173646507,-0.3507994624448579,0.22914893663301641
Kaine Padly,Canada,85% Dark Bars,2024-04-06,1859.96,33,1859.96,0.11048561203895821,0.04118404118404118,-0.9784579015811546,-1.0617804129963848,-0.058917912847213184,-1.4426663474743904
Jan Morforth,New Zealand,Manuka Honey Choco,2024-07-28,1743.87,259,1743.87,0.10356356585253072,0.33204633204633205,-1.0065135054771717,0.7607144075386719,1.2496188411956515,-0.17380620896185833
Gunar Cockshoot,New Zealand,Raspberry Choco,2024-08-24,5191.445,57,5191.445,0.3091305688775347,0.07207207207207206,-0.17333408776840503,-0.8682411400192106,-0.49137348894090455,-0.7365049066845423
Van Tuxwell,Australia,99% Dark & Pure,2024-01-17,125.37,138,125.37,0.007057994720367135,0.17631917631917632,-1.397658263042022,-0.21504609372124786,0.8362330844404444,-1.140354186716403
Curtice Advani,USA,Drinking Coco,2024-02-07,6170.75,149,6170.75,0.36752314739936576,0.19047619047619047,0.06333567856279412,-0.12634059360670968,-0.13412137828124185,-0.044551202675634
Brien Boise,Australia,Spicy Special Slims,2024-05-09,5191.445,273,5191.445,0.3091305688775347,0.35006435006435005,-0.17333408776840503,0.8736123167753568,0.7403029021917718,0.4951714844481164
Mallorie Waber,New Zealand,85% Dark Bars,2024-06-06,8775.45,113,8775.45,0.5228324221154279,0.14414414414414414,0.6928165250435886,-0.41664950307247095,-0.7845109519769693,0.19527957397587722
Wilone O'Kielt,USA,Choco Coated Almonds,2024-06-06,10422.84,6,10422.84,0.6210606042763268,0.0064350064350064354,1.0909431621549626,-1.2795120950957057,-1.6761649869012507,-0.13333837120349862
Beverie Moffet,New Zealand,Organic Choco Syrup,2024-05-24,7402.04,231,7402.04,0.44094072211627755,0.29601029601029605,0.3609029498275606,0.534918589065302,0.12304763853752312,0.6334414848841108
Gunar Cockshoot,UK,50% Dark Bites,2024-01-13,2498.04,129,2498.04,0.14853212104607033,0.16473616473616473,-0.8242523736806421,-0.2876233210876882,0.37945404207018435,-0.786214843607193
Marney O'Breen,USA,Raspberry Choco,2024-05-23,6873.56,152,6873.56,0.4094292829862647,0.19433719433719432,0.2331845800543929,-0.10214818448456292,-0.23711607175952698,0.09265672388967142
Jehu Rudeforth,UK,White Choc,2024-06-29,2015.93,304,2015.93,0.1197855650383302,0.38996138996138996,-0.9407644521913556,1.1236005443708734,1.4597264879132967,0.12928464062577505
Jehu Rudeforth,New Zealand,85% Dark Bars,2024-03-11,5191.445,95,5191.445,0.3091305688775347,0.12097812097812097,-0.17333408776840503,-0.5618039578053515,-0.27468967938978556,-0.5198210971334265
Dotty Strutley,USA,85% Dark Bars,2024-04-25,11149.46,538,11149.46,0.6643864480180955,0.6911196911196911,1.266546253747036,3.0106084558983213,1.2332382099523385,3.0244050993742024
Rafaelita Blaksland,Australia,Smooth Sliky Salty,2024-05-30,4739.39,236,4739.39,0.28217608882924916,0.30244530244530243,-0.2825827398419164,0.5752392709355466,0.606571760871825,0.20693941769483334
Curtice Advani,India,Manuka Honey Choco,2024-05-23,1844.54,185,1844.54,0.10956617063836632,0.2368082368082368,-0.9821844707264435,0.16396831585905156,0.8104524076704571,-0.578566191583121
Mallorie Waber,USA,Peanut Butter Cubes,2024-05-23,1263.98,19,1263.98,0.07494938078573185,0.023166023166023165,-1.1224890740331162,-1.1746783222330697,-0.03690337130722704,-1.6243426434204646
Van Tuxwell,Canada,Peanut Butter Cubes,2024-06-24,7527.84,306,7527.84,0.448441742102948,0.39253539253539255,0.39130518059781594,1.1397288171189712,0.5292154285844121,1.0826045220126854
Kelci Walkden,New Zealand,Smooth Sliky Salty,2024-03-11,12265.45,268,12265.45,0.730929081523059,0.34362934362934366,1.5362488413249156,0.8332916349051122,-0.49706580754338286,1.6755181390382574
Rafaelita Blaksland,USA,Smooth Sliky Salty,2024-07-27,5191.445,230,5191.445,0.3091305688775347,0.2947232947232947,-0.17333408776840503,0.5268544526912531,0.49510806506813704,0.24997664732448524
Rafaelita Blaksland,USA,White Choc,2024-08-16,5520.0,120,5520.0,0.32872117000408896,0.15315315315315314,-0.09393182281831576,-0.36020054845412847,-0.18828042151498595,-0.32112007928307074
Roddy Speechley,Canada,Smooth Sliky Salty,2024-03-07,10712.76,11,10712.76,0.6383475336446536,0.01287001287001287,1.1610084621940118,-1.2391914132254611,-1.6971976081122166,-0.05528369484750159
Curtice Advani,New Zealand,After Nines,2024-04-05,8416.8,29,8416.8,0.5014473599674201,0.036036036036036036,0.6061411668102651,-1.0940369584925804,-1.2022074816266763,-0.3449944228109357
Camilla Castle,India,85% Dark Bars,2024-05-04,9986.05,54,9986.05,0.5950163235133872,0.0682110682110682,0.985383620198366,-0.8924335491413574,-1.3278172542686455,0.06572562555619177
Ches Bonnell,USA,Choco Coated Almonds,2024-01-04,15629.82,89,15629.82,0.9315348574575151,0.11325611325611325,2.3493200109316223,-0.610188776049645,-2.092688732255619,1.2297514895583956
Marney O'Breen,Australia,Baker's Choco Chips,2024-01-13,6224.33,100,6224.33,0.3707179379469477,0.1274131274131274,0.07628441882249425,-0.5214832759351069,-0.42268559053735244,-0.3148031308408262
Wilone O'Kielt,New Zealand,Fruit & Nut Bars,2024-07-11,7736.85,95,7736.85,0.4609042873129162,0.12097812097812097,0.4418168678258848,-0.5618039578053515,-0.7096670915438896,-0.08484368497931628
Kaine Padly,Australia,Mint Chip Choco,2024-05-17,4860.75,162,4860.75,0.28941236693403716,0.2072072072072072,-0.2532535289811996,-0.02150682074407369,0.16386966891213048,-0.19428490649192925
Camilla Castle,New Zealand,Peanut Butter Cubes,2024-07-21,1754.64,62,1754.64,0.1042057437957457,0.0785070785070785,-1.0039107071830884,-0.827920458148966,0.12444389851472772,-1.2953002389951522
Curtice Advani,Canada,Organic Choco Syrup,2024-02-22,897.13,24,897.13,0.053075380927941174,0.029601029601029602,-1.211146135702974,-1.134357640362825,0.05429766577211867,-1.6585216253547805
Jan Morforth,India,99% Dark & Pure,2024-05-23,10607.29,182,10607.29,0.632058721418945,0.23294723294723294,1.1355194059194587,0.13977590673690476,-0.704096980594399,0.901769963594738
Rafaelita Blaksland,Canada,Drinking Coco,2024-07-12,10772.0,192,10772.0,0.6418798104650857,0.24581724581724582,1.1753250611672226,0.220417270477394,-0.6752217742046354,0.9869388674950363
Jan Morforth,UK,Orange Choco,2024-06-15,4116.96,203,4116.96,0.24506273532922282,0.25997425997426,-0.433006114232457,0.30912277059193216,0.524764366973735,-0.08759875236428223
Barr Faughny,New Zealand,50% Dark Bites,2024-06-23,5185.36,321,5185.36,0.30876774132094575,0.41184041184041187,-0.17480465672100445,1.260690862729705,1.0150486161665073,0.7678374998656773
Curtice Advani,Australia,Eclairs,2024-03-25,6974.95,58,6974.95,0.4154748188880812,0.07335907335907335,0.25768761803369467,-0.8601770036451617,-0.790449654437657,-0.42602433015877933
Jan Morforth,India,Caramel Stuffed Bars,2024-07-04,99.5,161,99.5,0.005515455872551828,0.2059202059202059,-1.4039102957131389,-0.029570957118122614,0.971804665971963,-1.0136243145807797
Andria Kimpton,UK,White Choc,2024-05-12,10203.47,109,10203.47,0.6079803280086328,0.138996138996139,1.0379277618046372,-0.4489060485686666,-1.0513502698123938,0.4165012476952804
Camilla Castle,New Zealand,Raspberry Choco,2024-04-04,5081.52,148,5081.52,0.3025761203716941,0.18918918918918917,-0.1998997890197587,-0.1344047299807586,0.04631200038068838,-0.2363889923665731
Madelene Upcott,Australia,Orange Choco,2024-04-15,7166.62,381,7166.62,0.42690343972150835,0.48906048906048905,0.3040087275069445,1.7445390451726406,1.018608756126235,1.4485420216463252
Roddy Speechley,Canada,Eclairs,2024-03-08,7026.54,95,7026.54,0.4185509526012158,0.12097812097812097,0.27015543270330894,-0.5618039578053515,-0.5882841267005026,-0.20622664982270514
Karlen McCaffrey,India,White Choc,2024-01-17,8265.32,251,8265.32,0.4924151301774293,0.32175032175032175,0.5695328208875444,0.6962013165462805,0.08956815224299723,0.8950091917587624
Wilone O'Kielt,India,Mint Chip Choco,2024-08-22,1516.19,53,1516.19,0.08998779295455668,0.06692406692406691,-1.0615371930906192,-0.9004976855154063,0.11387212784536542,-1.387368167586846
Andria Kimpton,UK,99% Dark & Pure,2024-07-25,1258.54,72,1258.54,0.07462501235387582,0.09137709137709137,-1.1238037650934514,-0.7472790944084768,0.26624314792536746,-1.3230553781157313
Marney O'Breen,UK,50% Dark Bites,2024-06-14,3506.38,126,3506.38,0.20865595644638288,0.16087516087516085,-0.5805656854860537,-0.31181573020983494,0.190034915819391,-0.6310089504434155
Ches Bonnell,India,Choco Coated Almonds,2024-04-05,10969.0,83,10969.0,0.6536262408098718,0.10553410553410553,1.2229342778742203,-0.6585735942939386,-1.330426975265974,0.39906326639470235
Madelene Upcott,UK,Raspberry Choco,2024-08-26,8442.19,347,8442.19,0.5029612780712481,0.4453024453024453,0.6122771973289998,1.4703584084549772,0.6067550431959545,1.472645759590399
Wilone O'Kielt,Australia,50% Dark Bites,2024-08-03,11000.85,112,11000.85,0.6555253464265288,0.14285714285714285,1.2306315040271028,-0.42471363944651985,-1.1705057761544129,0.5698699871243204
Gigi Bohling,Canada,White Choc,2024-07-11,6987.59,4,6987.59,0.4162284984797467,0.003861003861003861,0.2607423413797681,-1.2956403678438035,-1.1005287678134834,-0.7317834123492866
Wilone O'Kielt,New Zealand,Eclairs,2024-03-11,3735.0,21,3735.0,0.22228777830133203,0.02574002574002574,-0.5253148269908569,-1.1585500494849719,-0.44776491991176953,-1.1906722727579035
Brien Boise,UK,Peanut Butter Cubes,2024-01-10,17346.79,32,16778.052499999998,1.0000000000000002,0.039897039897039896,2.6268146805890713,-1.0698445493704338,-2.6139328092401994,1.1009441378896259
Roddy Speechley,UK,Baker's Choco Chips,2024-04-04,16517.2,349,16517.2,0.9844462653730292,0.44787644787644787,2.5637741567258128,1.486486681203075,-0.7617572792294444,2.86396690407383
Karlen McCaffrey,Australia,50% Dark Bites,2024-01-17,5191.445,778,5191.445,0.3091305688775347,0.9999999999999999,-0.17333408776840503,4.946001185670063,3.6199166870158526,3.3747852692721563
Marney O'Breen,New Zealand,Organic Choco Syrup,2024-07-08,10337.23,49,10337.23,0.6159559753330925,0.06177606177606177,1.0702536949352361,-0.932754231011602,-1.4163404872074108,0.09722680334992713
Jan Morforth,UK,Organic Choco Syrup,2024-04-12,1367.24,384,1367.24,0.0811064183359989,0.49292149292149295,-1.097534111001824,1.7687314542947874,2.02675581790273,0.474608192956835
Rafaelita Blaksland,Canada,Fruit & Nut Bars,2024-08-24,5191.445,191,5191.445,0.3091305688775347,0.24453024453024452,-0.17333408776840503,0.21235313410334508,0.272722050002515,0.027590632258866283
Ches Bonnell,UK,Choco Coated Almonds,2024-06-07,2012.27,259,2012.27,0.11956733186542706,0.33204633204633205,-0.9416489686032724,0.7607144075386719,1.203752687313593,-0.12794005507979908
Gunar Cockshoot,Canada,Almond Choco,2024-07-28,1469.24,29,1469.24,0.0871883264332993,0.036036036036036036,-1.0728836536205357,-1.0940369584925804,-0.014957645319540532,-1.5322442591180887
Husein Augar,USA,99% Dark & Pure,2024-02-21,10020.18,113,10020.18,0.5970513776639839,0.14414414414414414,0.9936318565750659,-0.41664950307247095,-0.9972195127877548,0.40798813478666585
Dennison Crosswaite,Canada,Mint Chip Choco,2024-04-08,1914.65,304,1914.65,0.11374658805701075,0.38996138996138996,-0.9652409063440699,1.1236005443708734,1.4770339546240823,0.11197717391498929
Brien Boise,UK,Manuka Honey Choco,2024-06-28,73.91,101,73.91,0.003989612458729112,0.1287001287001287,-1.4100946604620326,-0.513419139561058,0.6340453413530489,-1.3601296517022363
Van Tuxwell,UK,Baker's Choco Chips,2024-03-24,2794.33,21,2794.33,0.1661988715377285,0.02574002574002574,-0.7526476284110162,-1.1585500494849719,-0.2870163544414413,-1.3514208382282342
Barr Faughny,Australia,Caramel Stuffed Bars,2024-07-29,3192.06,54,3192.06,0.18991413925870188,0.0682110682110682,-0.6565277616045485,-0.8924335491413574,-0.16681058208843844,-1.095281046624032
Dennison Crosswaite,USA,Eclairs,2024-05-25,2447.37,98,2447.37,0.14551084375891138,0.12483912483912482,-0.8364978508915231,-0.5376115486832048,0.21134453109526657,-0.9716420745314669
Gigi Bohling,Australia,Raspberry Choco,2024-03-30,7696.46,313,7696.46,0.4584959709594852,0.4015444015444016,0.43205577004519624,1.1961777717373137,0.5403158490503426,1.1513349787497984
Dennison Crosswaite,USA,Organic Choco Syrup,2024-07-18,14731.55,132,14731.55,0.8779741164127893,0.16859716859716858,2.1322340663052533,-0.2634309119655414,-1.6939909515863925,1.3214433831364323
Beverie Moffet,Canada,Orange Choco,2024-05-10,9321.64,111,9321.64,0.5553998474454719,0.14157014157014156,0.8248148908973699,-0.43277777582056876,-0.8892523026067265,0.27721210254762335
Mallorie Waber,Australia,Choco Coated Almonds,2024-03-18,18473.63,88,16778.052499999998,1.0000000000000002,0.11196911196911195,2.6268146805890713,-0.6182529124236941,-2.2946093004280232,1.4202676467017972
Ches Bonnell,India,Caramel Stuffed Bars,2024-06-15,7437.55,54,7437.55,0.4430580609058377,0.0682110682110682,0.36948469239236004,-0.8924335491413574,-0.8923109458914978,-0.369780682820962
Van Tuxwell,Canada,50% Dark Bites,2024-05-12,14581.33,58,14581.33,0.8690170160757652,0.07335907335907335,2.0959302260325368,-0.8601770036451617,-2.0902834680196736,0.8738094834232557
Kelci Walkden,New Zealand,Baker's Choco Chips,2024-06-23,3389.96,115,3389.96,0.20171423349846412,0.1467181467181467,-0.6087010408618336,-0.4005212303243731,0.14720535573716376,-0.7136279116802566
Beverie Moffet,India,Spicy Special Slims,2024-04-21,3968.38,182,3968.38,0.23620342253415524,0.23294723294723294,-0.46891361381786656,0.13977590673690476,0.43040848762146533,-0.23273550462114265
Gigi Bohling,Australia,Almond Choco,2024-08-17,1084.26,120,1084.26,0.06423329722448845,0.15315315315315314,-1.1659222132543423,-0.36020054845412847,0.5697312529291376,-1.0791317537272054
Rafaelita Blaksland,New Zealand,Eclairs,2024-02-07,5191.445,51,5191.445,0.3091305688775347,0.06435006435006434,-0.17333408776840503,-0.9166259582635042,-0.5255867220279232,-0.7707181397715606
Kelci Walkden,Canada,Smooth Sliky Salty,2024-03-17,8929.57,121,8929.57,0.5320220659973488,0.15444015444015444,0.7300628828044131,-0.35213641208007956,-0.7652304600081231,0.267234370239081
Jan Morforth,India,Baker's Choco Chips,2024-08-01,15497.27,85,15497.27,0.9236313582585233,0.1081081081081081,2.317286499893488,-0.6424453215458408,-2.0928464414333527,1.184291554620104
Jehu Rudeforth,Australia,Milk Bars,2024-03-18,9172.13,30,9172.13,0.546485081958929,0.03732303732303732,0.7886826371417192,-1.0859728221185316,-1.3255815876313064,-0.21021590577729754
Gigi Bohling,Canada,Fruit & Nut Bars,2024-06-14,6093.61,104,6093.61,0.3629235553344074,0.13256113256113256,0.04469316599031796,-0.48922673043891124,-0.3775383793755295,-0.3143326978866247
Beverie Moffet,UK,Eclairs,2024-04-22,9144.79,156,9144.79,0.5448548920826527,0.19948519948519947,0.7820753478789312,-0.06989163898836723,-0.6024316337609334,0.5035899300071083
Marney O'Breen,New Zealand,Eclairs,2024-01-18,5902.91,31,5902.91,0.3515527722544546,0.03861003861003861,-0.0013935224666588016,-1.0779086857444826,-0.7612111720038984,-0.7631819103757078
Husein Augar,Australia,99% Dark & Pure,2024-08-26,3277.47,131,3277.47,0.19500684289194137,0.1673101673101673,-0.6358866286149817,-0.2714950483395903,0.2576637574200067,-0.6416157368990009
Gunar Cockshoot,New Zealand,Fruit & Nut Bars,2024-06-10,9759.53,424,9759.53,0.5815097174133825,0.5444015444015443,0.9306402711198432,2.0912969092567444,0.8207081794557989,2.136832272564034
Curtice Advani,Canada,70% Dark Bites,2024-01-31,2504.9,7,2504.9,0.14894115917888878,0.007722007722007722,-0.822594509586175,-1.2714479587216567,-0.31738731764268097,-1.4807116294330818
Kelci Walkden,New Zealand,Manuka Honey Choco,2024-04-08,1527.99,107,1527.99,0.09069138624424437,0.1364221364221364,-1.0586854735112154,-0.4650343213167645,0.4197747553758954,-1.0774325995510423
Dotty Strutley,Australia,Baker's Choco Chips,2024-06-07,3767.49,65,3767.49,0.22422504490997214,0.08236808236808237,-0.5174629313014643,-0.8037280490268193,-0.2024200059607706,-0.9342231014326304
Barr Faughny,Australia,85% Dark Bars,2024-02-10,9452.18,42,9452.18,0.563183497279017,0.05276705276705276,0.8563626429224029,-0.9892031856299445,-1.3050121124955347,-0.09393244856499451
Beverie Moffet,Australia,50% Dark Bites,2024-05-16,764.63,441,764.63,0.045174863056448016,0.5662805662805662,-1.2431675631835688,2.228387227615576,2.4547599338347266,0.6966555056781898
Gunar Cockshoot,India,Baker's Choco Chips,2024-03-18,2432.75,535,2432.75,0.14463910359829835,0.6872586872586872,-0.8400310831161744,2.9864160467761747,2.7057067133986927,1.5177233628408082
Van Tuxwell,Australia,50% Dark Bites,2024-07-13,779.04,134,779.04,0.04603408164156663,0.17117117117117117,-1.239685081900585,-0.24730263921744355,0.7017203547517118,-1.0514591011436936
Oby Sorrel,USA,Manuka Honey Choco,2024-07-25,5050.53,85,5050.53,0.3007282935880143,0.1081081081081081,-0.20738917798295609,-0.6424453215458408,-0.3076311493101884,-0.6009237375030859
Van Tuxwell,Canada,Choco Coated Almonds,2024-08-19,2727.35,293,2727.35,0.16220508522050123,0.3758043758043758,-0.7688347620913953,1.0348950442563352,1.2754295774967794,0.1881330297232259
Karlen McCaffrey,Canada,70% Dark Bites,2024-06-24,5191.445,602,5191.445,0.3091305688775347,0.7734877734877734,-0.17333408776840503,3.5267131838374524,2.6163285164633017,2.3711970987196196
Kelci Walkden,Canada,Fruit & Nut Bars,2024-06-20,881.49,152,881.49,0.05214282168635512,0.19433719433719432,-1.2149258725014385,-0.10214818448456292,0.7868526491498143,-0.9313119970196846
Camilla Castle,India,99% Dark & Pure,2024-08-02,227.55,225,227.55,0.013150635596662763,0.2882882882882883,-1.3729643048535904,0.48653377082100846,1.3148636989128402,-0.6268010416652607
Madelene Upcott,New Zealand,70% Dark Bites,2024-02-22,14193.58,102,14193.58,0.8458968213235276,0.12998712998712997,2.0022222373110226,-0.5053550031870091,-1.7731248711052008,1.0584449717850541
Mallorie Waber,New Zealand,Orange Choco,2024-02-01,7459.88,23,7459.88,0.44438952176674673,0.028314028314028312,0.37488120918965573,-1.142421776736874,-1.07289523046325,-0.5427331401484017
Jan Morforth,Canada,70% Dark Bites,2024-02-14,6578.55,312,6578.55,0.39183885447857264,0.40025740025740025,0.16188917385778703,1.1881136353632649,0.725650275750043,0.9545961410210897
Kelci Walkden,Australia,Milk Bars,2024-02-24,8975.44,137,8975.44,0.5347571358446348,0.17503217503217502,0.741148338491469,-0.22311023009529676,-0.6818337726649333,0.36630825935999
Dennison Crosswaite,India,Orange Choco,2024-03-18,852.29,123,852.29,0.050401726427127945,0.157014157014157,-1.221982670104709,-0.3360081393319817,0.6264785986679569,-1.1016658663790067
Husein Augar,UK,Eclairs,2024-08-30,1955.2,250,1955.2,0.11616444465843752,0.3204633204633205,-0.9554411411792539,0.6881371801722316,1.1621853764388363,-0.1890124434660984
Gigi Bohling,USA,Peanut Butter Cubes,2024-05-09,323.29,72,323.29,0.01885928149112884,0.09137709137709137,-1.3498267088762912,-0.7472790944084768,0.4260655041779579,-1.4828777343683242
Wilone O'Kielt,USA,Smooth Sliky Salty,2024-01-18,542.39,86,542.39,0.03192345859032998,0.10939510939510938,-1.2968765597366811,-0.6343811851717919,0.46845497185954504,-1.3656054476438242
Curtice Advani,India,White Choc,2024-07-04,7666.62,347,7666.62,0.45671671470827496,0.4453024453024453,0.42484430290541547,1.4703584084549772,0.7392901138602921,1.3401106889260594
Oby Sorrel,New Zealand,Spicy Special Slims,2024-06-03,1826.32,13,1826.32,0.10847977489784855,0.015444015444015444,-0.9865877190939638,-1.2230631404773633,-0.1672133740441593,-1.5624591068575677
Beverie Moffet,New Zealand,Peanut Butter Cubes,2024-02-23,11510.68,30,11510.68,0.6859247503995353,0.03732303732303732,1.3538427068379078,-1.0859728221185316,-1.7252101053693403,0.1894126119607419
Dotty Strutley,New Zealand,99% Dark & Pure,2024-05-09,12263.85,223,12263.85,0.7308336790431014,0.2857142857142857,1.5358621674836404,0.47040549807291065,-0.7533916360007507,1.4186454711903471
Kelci Walkden,India,70% Dark Bites,2024-06-06,3878.6,108,3878.6,0.2308501508775314,0.1377091377091377,-0.49061084973641605,-0.4569701849427156,0.02378754219924421,-0.6700409753453791
Kelci Walkden,India,Drinking Coco,2024-07-04,8328.52,238,8328.52,0.49618352813575667,0.305019305019305,0.5848064376179114,0.5913675436836445,0.004639402591169808,0.8316805980335097
Brien Boise,New Zealand,Drinking Coco,2024-06-06,1666.46,98,1666.46,0.09894787461907953,0.12483912483912482,-1.0252212692603628,-0.5376115486832048,0.34479213999257796,-1.1050896834287802
Dotty Strutley,Australia,Almond Choco,2024-05-13,1754.11,95,1754.11,0.1041741417242597,0.12097812097812097,-1.004038792893011,-0.5618039578053515,0.31270725076739037,-1.1072180272906107
Wilone O'Kielt,New Zealand,Organic Choco Syrup,2024-01-31,2390.7,274,2390.7,0.14213180717191126,0.35135135135135137,-0.8501933550071858,0.8816764531494057,1.224616885479771,0.02226191218911647
Ches Bonnell,New Zealand,Caramel Stuffed Bars,2024-06-30,8546.72,41,8546.72,0.5091940413399815,0.05148005148005148,0.6375390827218038,-0.9972673220039934,-1.1559826947088125,-0.2543662773807248
Barr Faughny,Canada,Manuka Honey Choco,2024-08-25,4115.57,274,4115.57,0.24497985442475959,0.35135135135135137,-0.4333420371320648,0.8816764531494057,0.9298584918637257,0.3170203058051657
Gigi Bohling,New Zealand,Smooth Sliky Salty,2024-01-10,787.38,95,787.38,0.046531367068345895,0.12097812097812097,-1.2376695445029384,-0.5618039578053515,0.4779091395244789,-1.2724199160477017
Brien Boise,USA,Manuka Honey Choco,2024-08-22,2095.78,8,2095.78,0.12454674505371684,0.009009009009009009,-0.9214670108002198,-1.263383822347608,-0.24177169604685222,-1.544922839999905
Roddy Speechley,New Zealand,85% Dark Bars,2024-04-14,5220.8,267,5220.8,0.3108809062520078,0.34234234234234234,-0.1662398311367607,0.8252274985310633,0.7010732721330396,0.4659746483328114
Oby Sorrel,UK,Smooth Sliky Salty,2024-05-31,11264.45,340,11264.45,0.6712429049995522,0.4362934362934363,1.294336019377177,1.4139094538366346,0.08455118635606111,1.9150187392272557
Oby Sorrel,UK,Raspberry Choco,2024-04-08,5477.33,341,5477.33,0.3261769051167183,0.4375804375804376,-0.10424393082282128,1.4219735902106836,1.0791987586885199,0.9317755779237893
Roddy Speechley,USA,Drinking Coco,2024-02-21,3389.0,160,3389.0,0.20165699201048953,0.2046332046332046,-0.6089330451665987,-0.03763509349217154,0.4039686557069685,-0.4571927153447833
Andria Kimpton,Australia,Manuka Honey Choco,2024-03-30,11559.52,413,11559.52,0.6888369111002426,0.5302445302445302,1.3656459258428304,2.002591409142206,0.45038847048714836,2.3817034602136213
Mallorie Waber,India,Raspberry Choco,2024-03-02,1676.82,2,1676.82,0.09956560567680532,0.001287001287001287,-1.0227175561381066,-1.3117686405919013,-0.20438998192661578,-1.6507310202941798
Jehu Rudeforth,USA,Orange Choco,2024-07-28,437.48,174,437.48,0.025668037232606605,0.22265122265122264,-1.3222302801667885,0.07526281574451339,0.988176844780257,-0.8817391500119925
Kaine Padly,New Zealand,70% Dark Bites,2024-03-24,8487.63,40,8487.63,0.5056707085020454,0.05019305019305019,0.6232587344212125,-1.0053314583780424,-1.151587169102262,-0.27016621401628194
Curtice Advani,Australia,After Nines,2024-08-11,71.99,101,71.99,0.0038751294827799273,0.1287001287001287,-1.4105586690715628,-0.513419139561058,0.6343734449873767,-1.3604577553365644
Husein Augar,UK,Almond Choco,2024-05-17,9863.62,167,9863.62,0.5877162450001275,0.21364221364221364,0.9557958212062968,0.018813861126170926,-0.6625462978221153,0.6891531153873596
Kaine Padly,Canada,Choco Coated Almonds,2024-05-18,3468.53,166,3468.53,0.20639909152988464,0.21235521235521235,-0.5897129385437179,0.010749724752122002,0.4245912210658199,-0.40938881452959736
Roddy Speechley,UK,Peanut Butter Cubes,2024-08-17,6770.35,173,6770.35,0.4032752267634963,0.22136422136422135,0.20824170058064054,0.06719867937046446,-0.09973247673675235,0.1947657604760263
Ches Bonnell,New Zealand,Eclairs,2024-04-04,564.14,50,564.14,0.03322033605225433,0.06306306306306306,-1.2916202122068476,-0.9246900946375531,0.25945877435481374,-1.5671680471833151
Brien Boise,India,85% Dark Bars,2024-08-09,21044.07,210,16778.052499999998,1.0000000000000002,0.268983268983269,2.6268146805890713,0.36557172521027465,-1.5989402276586415,2.115936719471169
Brien Boise,New Zealand,Organic Choco Syrup,2024-01-17,677.38,327,677.38,0.03997244657125724,0.4195624195624196,-1.264253371090602,1.3090756809739987,1.8196184229392292,0.031694159266981436
Andria Kimpton,Canada,White Choc,2024-02-14,4368.01,29,4368.01,0.2600319807000784,0.036036036036036036,-0.3723345718248847,-1.0940369584925804,-0.510320651611251,-1.036881252826371
Gigi Bohling,New Zealand,Orange Choco,2024-05-16,9866.2,306,9866.2,0.5878700814990593,0.39253539253539255,0.956419332775353,1.1397288171189712,0.12961937943519208,1.4822005711619115
Ches Bonnell,Canada,Smooth Sliky Salty,2024-03-16,10723.86,125,10723.86,0.6390093883493598,0.15958815958815958,1.163691011967858,-0.31987986658388384,-1.0490430285948165,0.5966645829418036
Husein Augar,Canada,70% Dark Bites,2024-01-31,5443.42,284,5443.42,0.3241549688071158,0.36422136422136425,-0.11243899954634554,0.9623178168898949,0.7599678330285351,0.6009550749304216
Barr Faughny,Canada,Organic Choco Syrup,2024-03-10,1312.35,200,1312.35,0.07783351700795164,0.25611325611325614,-1.110799440469068,0.2849303614697854,0.9869300076551157,-0.5839776261326882
Oby Sorrel,UK,Organic Choco Syrup,2024-06-30,8471.68,162,8471.68,0.5047196650299677,0.2072072072072072,0.6194040795660015,-0.02150682074407369,-0.4531924437456266,0.42277720616583675
Van Tuxwell,New Zealand,Eclairs,2024-03-01,5774.6,178,5774.6,0.3439020896273506,0.2277992277992278,-0.032402347825414284,0.10751936124070909,0.09893958931586723,0.053115749568435136
Mallorie Waber,UK,Drinking Coco,2024-05-27,3780.02,97,3780.02,0.22497216558114053,0.12355212355212354,-0.5144347917819786,-0.5456756850572537,-0.02209064748527764,-0.7496113069799254
Oby Sorrel,UK,Milk Bars,2024-07-11,6831.03,243,6831.03,0.4068933658158903,0.31145431145431146,0.2229063060109988,0.6316882255538891,0.2890524673352355,0.6042895884344712
Karlen McCaffrey,New Zealand,Mint Chip Choco,2024-03-02,4834.51,63,4834.51,0.2878477662627317,0.07979407979407978,-0.2595949799781113,-0.8198563217749171,-0.3961645940212011,-0.7632873354302097
Jehu Rudeforth,USA,Raspberry Choco,2024-03-04,8119.65,143,8119.65,0.4837293306427847,0.18275418275418273,0.534328584350954,-0.17472541185100324,-0.5013768889418228,0.25427784181091456
Kelci Walkden,UK,85% Dark Bars,2024-06-23,4811.88,242,4811.88,0.2864984174368306,0.3101673101673102,-0.2650639981206462,0.6236240891798401,0.628397372889878,0.2535402718508175
Kelci Walkden,USA,Almond Choco,2024-01-27,5930.01,252,5930.01,0.35316865175873735,0.323037323037323,0.005155765719938409,0.7042654529203294,0.49434520061260584,0.5016365544181542
Marney O'Breen,Canada,Orange Choco,2024-01-14,3040.05,426,3040.05,0.1808503073972251,0.546975546975547,-0.6932641932371916,2.107425182004842,1.9803864492307641,0.9999628248470646
Dennison Crosswaite,India,Fruit & Nut Bars,2024-07-29,1126.87,23,1126.87,0.0667739845188607,0.028314028314028312,-1.1556246055188848,-1.142421776736874,0.009335809762592708,-1.6249641803742603
Brien Boise,Canada,Smooth Sliky Salty,2024-05-13,6051.65,490,6051.65,0.3604216252975179,0.6293436293436293,0.03455264450287827,2.623529909943973,1.830683380731215,1.8795481992030156
Barr Faughny,Canada,Baker's Choco Chips,2024-02-03,12279.35,162,12279.35,0.7317578905676911,0.2072072072072072,1.539608070320993,-0.02150682074407369,-1.1038749256833997,1.073459688103619
Brien Boise,India,Smooth Sliky Salty,2024-05-27,7091.66,28,7091.66,0.4224338335354923,0.03474903474903475,0.28589305804320575,-1.1021010948666294,-0.9814600777698266,-0.5771462376967953
Jan Morforth,Australia,Drinking Coco,2024-02-18,3160.97,25,3160.97,0.18806034982002473,0.03088803088803089,-0.6640413176828255,-1.1262935039887763,-0.3268616555552543,-1.2659578929983957
Brien Boise,India,Spicy Special Slims,2024-01-28,1408.28,35,1408.28,0.0835534919469127,0.043758043758043756,-1.0876159269731174,-1.045652140248287,0.02967287815738259,-1.508448316420975
Van Tuxwell,UK,Eclairs,2024-06-29,5776.61,114,5776.61,0.3440219389927973,0.1454311454311454,-0.031916588812312595,-0.408585366698422,-0.26634504710451984,-0.3114819198675734
Wilone O'Kielt,India,Caramel Stuffed Bars,2024-01-13,4890.59,274,4890.59,0.2911916231852474,0.35135135135135137,-0.24604206184141886,0.8816764531494057,0.7974174092196382,0.4494613884492552
Jehu Rudeforth,UK,After Nines,2024-06-27,2048.13,172,2048.13,0.12170553994747797,0.22007722007722005,-0.9329826411356941,0.05913454299641554,0.7015327886315127,-0.6179039159212566
Barr Faughny,Canada,White Choc,2024-03-29,4590.46,1,4590.46,0.27329590674169085,0.0,-0.31857482433010503,-1.3198327769659504,-0.7079962880257736,-1.1585291252240209
Gunar Cockshoot,India,Organic Choco Syrup,2024-06-03,8665.99,162,8665.99,0.5163056999553248,0.2072072072072072,0.6663632008773551,-0.02150682074407369,-0.48639755686344616,0.4559823192836569
Mallorie Waber,Canada,Smooth Sliky Salty,2024-03-21,2202.46,97,2202.46,0.13090770540489335,0.12355212355212354,-0.895685532433202,-0.5456756850572537,0.24749433656159406,-1.0191962910268013
Mallorie Waber,India,Eclairs,2024-04-12,11720.11,48,11720.11,0.6984123387604924,0.06048906048906049,1.4044558959493112,-0.9408183673856509,-1.6583593353464339,0.3278412404599478
Rafaelita Blaksland,Australia,Raspberry Choco,2024-01-19,7884.86,266,7884.86,0.46972961297449883,0.3410553410553411,0.47758661485534,0.8171633621570144,0.24011702075029095,0.9155264886865605
Karlen McCaffrey,UK,50% Dark Bites,2024-04-06,3857.88,303,3857.88,0.22961468876207983,0.3886743886743887,-0.49561827598092867,1.1155364079968244,1.139258402581141,0.4383483149289291
Kaine Padly,Australia,50% Dark Bites,2024-08-02,10123.96,84,10123.96,0.6032394210202371,0.1068211068211068,1.0187124886047723,-0.6505094579198897,-1.180318157692995,0.2603588598507273
Gigi Bohling,Australia,Eclairs,2024-04-12,8170.88,137,8170.88,0.4867839987979289,0.17503217503217502,0.5467093974062813,-0.22311023009529676,-0.5443446788968664,0.2288191655919213
Oby Sorrel,India,Drinking Coco,2024-07-21,19390.61,141,16778.052499999998,1.0000000000000002,0.18018018018018017,2.6268146805890713,-0.19085368459910107,-1.9923924081593576,1.7224845389704586
Van Tuxwell,New Zealand,Baker's Choco Chips,2024-03-22,10197.43,24,10197.43,0.6076201836467927,0.029601029601029602,1.0364680680538239,-1.134357640362825,-1.535005579195504,-0.06921838038713445
Husein Augar,India,Peanut Butter Cubes,2024-05-09,5188.18,5,5188.18,0.3089358881918712,0.005148005148005148,-0.1741231440757569,-1.2875762314697548,-0.7873302286294009,-1.0335775405043675
Andria Kimpton,Australia,Baker's Choco Chips,2024-08-09,350.27,117,350.27,0.02046800580941477,0.1492921492921493,-1.3433064212277896,-0.38439295757627523,0.6780542127190569,-1.2216679466041447
Madelene Upcott,Canada,Choco Coated Almonds,2024-07-20,3766.32,300,3766.32,0.22415528184650313,0.38481338481338484,-0.5177456865478967,1.0913439988746778,1.1377982280996335,0.405595256323418
Brien Boise,India,70% Dark Bites,2024-04-14,4888.37,435,4888.37,0.2910592522443061,0.5585585585585585,-0.24657857179618814,2.180002409371282,1.7158518668818334,1.3671371064570546
Jehu Rudeforth,Canada,White Choc,2024-01-25,5230.36,142,5230.36,0.31145093606975477,0.18146718146718147,-0.16392945493514205,-0.18278954822505217,-0.013336099859108306,-0.2451673583008132
Andria Kimpton,Australia,Almond Choco,2024-04-25,3790.18,168,3790.18,0.2255779713288716,0.2149292149292149,-0.5119794128898817,0.02687799750021985,0.3810297289794606,-0.3430185003852249
Dotty Strutley,Canada,After Nines,2024-01-17,302.18,233,302.18,0.017600565021187554,0.2985842985842986,-1.3549283868696147,0.5510468618133999,1.3477280231174713,-0.5684300776378426
Karlen McCaffrey,USA,Eclairs,2024-08-15,1017.17,123,1017.17,0.06023295198676411,0.157014157014157,-1.1821359307613093,-0.3360081393319817,0.5983026990700663,-1.0734899667811155
Karlen McCaffrey,Canada,Fruit & Nut Bars,2024-06-02,5191.445,17,5191.445,0.3091305688775347,0.02059202059202059,-0.17333408776840503,-1.1908065949811675,-0.7194617095210297,-0.9645931272646644
Gunar Cockshoot,USA,85% Dark Bars,2024-06-30,8347.3,138,8347.3,0.49730331474425954,0.17631917631917632,0.5893450218298777,-0.21504609372124786,-0.5687904125324108,0.2646693102564723
Dotty Strutley,New Zealand,Raspberry Choco,2024-02-10,6291.74,88,6291.74,0.3747373636806635,0.11196911196911195,0.09257547109771606,-0.6182529124236941,-0.5026315702478639,-0.3717100834783889
Marney O'Breen,Canada,Caramel Stuffed Bars,2024-02-23,1543.77,674,1543.77,0.09163229320282673,0.8661518661518661,-1.0548719027516396,4.107331002768975,3.65022868035454,2.1584145289168175
Dennison Crosswaite,India,Organic Choco Syrup,2024-01-27,9744.5,225,9744.5,0.5806135303672803,0.2882882882882883,0.927007953723365,0.48653377082100846,-0.31146228166785284,0.9995249389154555
Camilla Castle,UK,Mint Chip Choco,2024-05-26,5414.75,325,5414.75,0.3224454756193746,0.416988416988417,-0.11936771143969388,1.2929474082259007,0.9986575982878378,0.8298461618603719
Brien Boise,USA,70% Dark Bites,2024-04-14,1898.07,22,1898.07,0.11275797985844956,0.027027027027027025,-0.9692478140242833,-1.1504859131109229,-0.128154688873533,-1.4988780927671383
Madelene Upcott,Australia,99% Dark & Pure,2024-08-01,4911.08,163,4911.08,0.2924133711942051,0.2084942084942085,-0.24109021996158958,-0.013442684370024768,0.1609711161371999,-0.17998194268799236
Mallorie Waber,Australia,Eclairs,2024-08-22,11293.17,219,11293.17,0.672955379514792,0.2805662805662806,1.301276814828065,0.43814895257671493,-0.6103235644289693,1.2299597555025386
Marney O'Breen,India,99% Dark & Pure,2024-07-22,12398.37,161,12398.37,0.738854642545541,0.2059202059202059,1.5683717706888451,-0.029570957118122614,-1.129916138780029,1.0880964901712422
Husein Augar,USA,Fruit & Nut Bars,2024-04-28,1508.57,28,1508.57,0.08953343864375835,0.03474903474903475,-1.0633787272596922,-1.1021010948666294,-0.027380848718474834,-1.5312254667481604
Kelci Walkden,Australia,Almond Choco,2024-05-30,5869.09,354,5869.09,0.34953620233434973,0.4543114543114543,-0.009566840786611304,1.5268073630733197,1.0863806179894475,1.0728510619999425
Ches Bonnell,USA,Milk Bars,2024-07-21,2770.47,159,2770.47,0.16477618205536,0.20334620334620332,-0.7584139020690313,-0.045699229866220464,0.5039653777657507,-0.5685938484325731
Jan Morforth,UK,Caramel Stuffed Bars,2024-08-02,3541.73,494,3541.73,0.21076375498794728,0.6344916344916345,-0.5720226103053818,2.6557864554401687,2.2824056787641034,1.473443545286146
Brien Boise,New Zealand,70% Dark Bites,2024-06-15,7624.41,139,7624.41,0.4541998780338921,0.17760617760617758,0.41464336363027654,-0.20698195734719893,-0.43955547982043625,0.14683878857350208
Oby Sorrel,India,85% Dark Bars,2024-07-05,9928.42,130,9928.42,0.5915800454384125,0.16602316602316602,0.9714561117779384,-0.2795591847136392,-0.8846013995172906,0.48924500900930645
Kaine Padly,New Zealand,Smooth Sliky Salty,2024-04-12,7.67,548,7.67,3.994978848226728e-05,0.703989703989704,-1.426102957490822,3.0912498196388105,3.1942507817202537,1.1774366378963208
Gigi Bohling,Australia,70% Dark Bites,2024-08-18,1624.86,103,1624.86,0.09646741014018054,0.13127413127413126,-1.0352747891335157,-0.49729086681296014,0.38041207964219365,-1.0836875679333653
Jan Morforth,UK,50% Dark Bites,2024-01-12,6301.56,287,6301.56,0.37532289640140365,0.3680823680823681,0.09494868179854218,0.9865102260120417,0.6304292137585208,0.7647069272874568
Gunar Cockshoot,Canada,White Choc,2024-08-11,8578.4,15,8578.4,0.5110830104431431,0.018018018018018018,0.645195224779051,-1.2069348677292655,-1.3096537480523012,-0.39720991079139734
Jehu Rudeforth,Australia,Spicy Special Slims,2024-01-13,5573.57,372,5573.57,0.33191536428617113,0.4774774774774775,-0.08098549927012365,1.6719618178062001,1.2395209349674412,1.1249901435440595
Husein Augar,UK,Baker's Choco Chips,2024-04-29,3465.68,133,3465.68,0.20622915586246005,0.16988416988416988,-0.5904017013234893,-0.25536677559149246,0.23690546791942194,-0.5980486253404033
Rafaelita Blaksland,New Zealand,After Nines,2024-07-07,1245.91,90,1245.91,0.07387192902771011,0.11454311454311453,-1.1268560717280167,-0.6021246396755962,0.3710411539059857,-1.2225739855742384
Madelene Upcott,New Zealand,Mint Chip Choco,2024-03-11,8888.61,4,8888.61,0.5295797625104329,0.003861003861003861,0.7201640324677705,-1.2956403678438035,-1.4253889610059987,-0.40692321915676666
Madelene Upcott,UK,70% Dark Bites,2024-02-16,5931.82,243,5931.82,0.3532765758141894,0.31145431145431146,0.0055931905028807506,0.6316882255538891,0.4427160449518002,0.4506260108179044
Barr Faughny,Australia,Organic Choco Syrup,2024-01-07,2620.66,34,2620.66,0.15584352860382497,0.04247104247104247,-0.7946186571699211,-1.0537162766223358,-0.1832096837041036,-1.306970165588492
Beverie Moffet,New Zealand,Drinking Coco,2024-01-12,1284.37,560,1284.37,0.0761651661396922,0.7194337194337194,-1.1175613992683664,3.188019456127398,3.0445054197973307,1.4640349321673218
Beverie Moffet,India,Eclairs,2024-06-09,11033.61,155,11033.61,0.6574787122036617,0.19819819819819817,1.2385486509272108,-0.07795577536241616,-0.9309092072914948,0.820663092508668
Andria Kimpton,India,Eclairs,2024-05-16,2413.05,82,2413.05,0.14346446056381976,0.10424710424710423,-0.8447920047868741,-0.6666377306679876,0.1259740953268238,-1.0687422152271233
Gigi Bohling,UK,85% Dark Bars,2024-06-23,13136.08,90,13136.08,0.7828417447265162,0.11454311454311453,1.7466549953432569,-0.6021246396755962,-1.6608380074346893,0.8093051757664659
Roddy Speechley,UK,Raspberry Choco,2024-01-28,14297.82,211,14297.82,0.8521122928927688,0.2702702702702703,2.027414038070096,0.37363586158432355,-1.1693977631714003,1.6977986660129276
Dotty Strutley,UK,Mint Chip Choco,2024-07-14,2837.65,212,2837.65,0.16878189368258198,0.27155727155727155,-0.7421784341584926,0.38169999795837245,0.7947020605791383,-0.25489674670863294
Barr Faughny,Canada,Drinking Coco,2024-04-18,7496.03,259,7496.03,0.4465450215482899,0.33204633204633205,0.3836176212909651,0.7607144075386719,0.266647694719413,0.8091649375143942
Oby Sorrel,USA,Milk Bars,2024-06-14,5191.445,79,5191.445,0.3091305688775347,0.10038610038610038,-0.17333408776840503,-0.6908301397901343,-0.3659249676218357,-0.6110563853654752
Oby Sorrel,UK,Orange Choco,2024-04-15,8250.03,228,8250.03,0.49150344022833403,0.29214929214929214,0.5658376689918595,0.5107261799431553,-0.038969707627621614,0.7612455979622391
Curtice Advani,Canada,Peanut Butter Cubes,2024-05-19,5605.82,64,5605.82,0.3338383205228176,0.08108108108108107,-0.07319160465692227,-0.8117921854008682,-0.5222694792323709,-0.6257780391900317
Gigi Bohling,India,White Choc,2024-04-13,1563.39,179,1563.39,0.09280216611330745,0.22908622908622908,-1.0501303147730037,0.115583497614758,0.8242841416622041,-0.660824391748906
Husein Augar,Canada,Choco Coated Almonds,2024-08-15,3997.02,411,3997.02,0.23791112692539723,0.5276705276705276,-0.4619921520590422,1.9864631363941083,1.7313193378972944,1.077963770745444
Wilone O'Kielt,India,Choco Coated Almonds,2024-08-22,3284.22,230,3284.22,0.1954093221042627,0.2947232947232947,-0.6342553483471024,0.5268544526912531,0.8210286140163834,-0.07594390162376574
Wilone O'Kielt,New Zealand,Baker's Choco Chips,2024-04-22,4609.67,58,4609.67,0.2744413327666824,0.07335907335907335,-0.31393232152329575,-0.8601770036451617,-0.38625331891546755,-0.8302206656809746
Kaine Padly,UK,Choco Coated Almonds,2024-08-03,9412.06,123,9412.06,0.5607912800940789,0.157014157014157,0.8466667963524295,-0.3360081393319817,-0.8362774669618087,0.36109019925078006
Dennison Crosswaite,New Zealand,Organic Choco Syrup,2024-01-04,427.36,249,427.36,0.02506461654687445,0.31917631917631917,-1.3246759922128535,0.6800730437981827,1.4175716379405943,-0.455803115996866
Kelci Walkden,Canada,After Nines,2024-01-13,19449.02,204,16778.052499999998,1.0000000000000002,0.26126126126126126,2.6268146805890713,0.31718690696598106,-1.6331534607456604,2.081723486384151
Van Tuxwell,Australia,Baker's Choco Chips,2024-05-11,14122.44,32,14122.44,0.8416549885584106,0.039897039897039896,1.9850297516433284,-1.0698445493704338,-2.1601223339193414,0.6471336625687614
Husein Augar,New Zealand,Peanut Butter Cubes,2024-02-16,2257.14,231,2257.14,0.13416808515744616,0.29601029601029605,-0.8824709539076253,0.534918589065302,1.0022457574190562,-0.24575663399743514
Kaine Padly,UK,Caramel Stuffed Bars,2024-05-20,11334.21,72,11334.21,0.6754024531257058,0.09137709137709137,1.311194998856771,-0.7472790944084768,-1.4555609902446838,0.3987487600543445
Jehu Rudeforth,UK,Drinking Coco,2024-02-03,7865.93,436,7865.93,0.4686008823834999,0.5598455598455598,0.473011779970754,2.188066545745331,1.2127268549855228,1.8816665293823795
Beverie Moffet,India,Manuka Honey Choco,2024-05-06,11462.32,172,11462.32,0.6830412104428152,0.22007722007722005,1.3421554899853674,0.05913454299641554,-0.907232812020267,0.990861684730546
Gunar Cockshoot,UK,Choco Coated Almonds,2024-06-30,6154.53,132,6154.53,0.366556004758795,0.16859716859716858,0.05941577249686767,-0.2634309119655414,-0.2282870798669643,-0.14426048858301682
Gunar Cockshoot,UK,Smooth Sliky Salty,2024-03-22,867.5,143,867.5,0.051308646252225386,0.18275418275418273,-1.2183068519010876,-0.17472541185100324,0.7379235129798298,-0.9850225601107557
Camilla Castle,Canada,Orange Choco,2024-02-17,9056.1,58,9056.1,0.5395666133654999,0.07335907335907335,0.7606415335147503,-0.8601770036451617,-1.1460917786986344,-0.07038220589779678
Jehu Rudeforth,UK,85% Dark Bars,2024-07-07,6569.4,66,6569.4,0.39129327154631477,0.08365508365508365,0.1596778828279949,-0.7956639126527704,-0.6755286619353843,-0.44971003442900376
Oby Sorrel,UK,70% Dark Bites,2024-03-16,7431.0,180,7431.0,0.44266750700351104,0.23037323037323035,0.36790174635464007,0.12364763398880693,-0.17271373918657926,0.34757790012889805
Kelci Walkden,UK,99% Dark & Pure,2024-08-12,3672.65,124,3672.65,0.21857006291048225,0.1583011583011583,-0.5403830232430462,-0.3279440029579328,0.15021707183222566,-0.6139999285142623
Gigi Bohling,New Zealand,After Nines,2024-01-21,6464.8,189,6464.8,0.3850563344190832,0.24195624195624194,0.13439908045463492,0.19622486135524725,0.04371742892697818,0.2337864312763939
Oby Sorrel,Australia,50% Dark Bites,2024-05-06,813.58,163,813.58,0.04809358267765247,0.2084942084942085,-1.2313377603520586,-0.013442684370024768,0.8611818670005951,-0.8801926935513976
Oby Sorrel,Canada,50% Dark Bites,2024-06-24,7301.81,134,7301.81,0.4349643530124303,0.17117117117117117,0.3366802503831832,-0.24730263921744355,-0.41293826133351785,0.06319951494155203
Barr Faughny,USA,White Choc,2024-05-05,8523.42,171,8523.42,0.5078047427255983,0.2187902187902188,0.6319081449082352,0.051070406622366615,-0.41071430351099153,0.48293876519225737
Rafaelita Blaksland,New Zealand,99% Dark & Pure,2024-03-25,5191.445,85,5191.445,0.3091305688775347,0.1081081081081081,-0.17333408776840503,-0.6424453215458408,-0.3317117345348169,-0.576843152278457
Curtice Advani,Australia,Caramel Stuffed Bars,2024-02-14,10219.39,139,10219.39,0.6089295826842114,0.17760617760617758,1.0417751665253245,-0.20698195734719893,-0.8830046303452669,0.5902879390983391
Curtice Advani,New Zealand,85% Dark Bars,2024-05-12,5798.43,206,5798.43,0.34532299031321984,0.26383526383526384,-0.026643324301923177,0.3333151797140789,0.2545290991354815,0.21684974856099395
Barr Faughny,New Zealand,Smooth Sliky Salty,2024-01-25,4487.01,184,4487.01,0.26712754014692885,0.2355212355212355,-0.3435757048800486,0.15590417948500263,0.35318561330079923,-0.1327038082424629
Ches Bonnell,UK,85% Dark Bars,2024-06-28,17237.67,13,16778.052499999998,1.0000000000000002,0.015444015444015444,2.6268146805890713,-1.2230631404773633,-2.7222747140157586,0.9926022331140681
Dennison Crosswaite,Australia,Drinking Coco,2024-07-13,7497.22,184,7497.22,0.44661597714275847,0.2355212355212355,0.3839052099604136,0.15590417948500263,-0.16122107476668124,0.38170287982502493
Roddy Speechley,USA,Milk Bars,2024-05-16,3034.06,245,3034.06,0.18049314436288363,0.31402831402831405,-0.6947118034304652,0.647816498301987,0.9493108660898758,-0.03315998826216602
Jan Morforth,India,After Nines,2024-03-14,6795.06,177,6795.06,0.40474859881334235,0.2265122265122265,0.21421339471683296,0.09945522486666016,-0.08114628009761342,0.22179720795291208
Gunar Cockshoot,USA,After Nines,2024-08-15,4273.09,280,4273.09,0.2543722285765906,0.3590733590733591,-0.3952739974585304,0.9300612713936992,0.93715355595111,0.3781517078918189
Ches Bonnell,India,Orange Choco,2024-02-16,1412.6,278,1412.6,0.08381107864279837,0.3564993564993565,-1.0865719076016744,0.9139329986456014,1.4145705850044061,-0.12207414321949621
Mallorie Waber,UK,Manuka Honey Choco,2024-06-15,9852.89,43,9852.89,0.5870764521189115,0.05405405405405405,0.9532026897582453,-0.9811390492558956,-1.3677861607890782,-0.01975398924244392
Barr Faughny,Australia,Raspberry Choco,2024-05-27,10744.23,105,10744.23,0.6402239811723206,0.13384813384813385,1.1686138533095916,-0.48116259406486234,-1.1665681133803245,0.4861014471471879
Wilone O'Kielt,USA,Drinking Coco,2024-06-14,1213.63,101,1213.63,0.07194718399456446,0.1287001287001287,-1.134657216475742,-0.513419139561058,0.4392816569176546,-1.1653659672668393
Wilone O'Kielt,India,Eclairs,2024-02-25,4263.93,80,4263.93,0.2538260493788331,0.10167310167310166,-0.3974877051998304,-0.6827660034160854,-0.20172221919407762,-0.7638547227642293
Wilone O'Kielt,India,After Nines,2024-08-04,13808.46,270,13808.46,0.8229334443977204,0.3462033462033462,1.9091498437161043,0.8494199076532101,-0.749342224016445,1.9506033775693359
Kelci Walkden,India,99% Dark & Pure,2024-06-28,2411.93,248,2411.93,0.14339767882784937,0.3178893178893179,-0.8450626764757667,0.6720089074241337,1.0727316045210349,-0.12236749360630818
Gunar Cockshoot,Canada,Spicy Special Slims,2024-04-05,14603.41,12,14603.41,0.8703335702991808,0.014157014157014158,2.1012663250421335,-1.231127276851412,-2.356358113481586,0.6152812215508839
Madelene Upcott,Canada,Peanut Butter Cubes,2024-07-05,17813.77,120,16778.052499999998,1.0000000000000002,0.15315315315315314,2.6268146805890713,-0.36020054845412847,-2.1121387239639233,1.6027382231658946
Kaine Padly,New Zealand,Eclairs,2024-01-20,14346.28,48,14346.28,0.8550017955044862,0.06048906048906049,2.0391254220377157,-0.9408183673856509,-2.1071384610559942,0.7766203661695141
Ches Bonnell,New Zealand,Drinking Coco,2024-02-16,10009.51,144,10009.51,0.5964151623757663,0.18404118404118402,0.9910532253960626,-0.1666612754769543,-0.8186277742453053,0.582933138143408
Curtice Advani,UK,Drinking Coco,2024-07-12,494.27,186,494.27,0.02905422900560356,0.23809523809523808,-1.30850577551303,0.17203245223310046,1.046898620645196,-0.803607993528857
Kelci Walkden,India,Raspberry Choco,2024-06-16,9118.67,253,9118.67,0.5432974465973439,0.32432432432432434,0.7757628974201148,0.7123295892943783,-0.044854122328796736,1.0522402883885706
Dotty Strutley,Australia,Choco Coated Almonds,2024-04-13,1751.26,293,1751.26,0.10400420605683515,0.3758043758043758,-1.0047275556727822,1.0348950442563352,1.4422309714712154,0.021331635748787818
Kaine Padly,UK,50% Dark Bites,2024-02-21,3402.47,69,3402.47,0.202460161638633,0.08751608751608751,-0.605677734765364,-0.7714715035306235,-0.11723389817239643,-0.9737915651049804
Roddy Speechley,Canada,Choco Coated Almonds,2024-05-11,6841.28,237,6841.28,0.40750453795311903,0.30373230373230375,0.22538343530666746,0.5833034073095955,0.25308763932537354,0.5718279502702961
Ches Bonnell,India,50% Dark Bites,2024-04-15,12584.46,328,12584.46,0.7499505472301158,0.42084942084942084,1.6133443551406477,1.3171398173480475,-0.20944823729136003,2.0721652305266063
Oby Sorrel,Canada,Peanut Butter Cubes,2024-06-07,14291.3,179,14291.3,0.8517235277869413,0.22908622908622908,2.0258383421669,0.115583497614758,-1.350754154377263,1.5142139042905924
Oby Sorrel,UK,White Choc,2024-06-27,1998.41,303,1998.41,0.1187409078827939,0.3886743886743887,-0.9449985307533181,1.1155364079968244,1.4570182280620336,0.1205884894480319
Barr Faughny,India,After Nines,2024-07-29,9558.06,117,9558.06,0.5694967563902147,0.1492921492921493,0.8819507843687829,-0.38439295757627523,-0.8954402472424955,0.35182651335743026
Wilone O'Kielt,Canada,Smooth Sliky Salty,2024-06-02,5594.84,174,5594.84,0.3331836210041082,0.22265122265122264,-0.0758451538926726,0.07526281574451339,0.10684947002178494,-0.0004117752535077313
Rafaelita Blaksland,India,Mint Chip Choco,2024-01-26,16520.75,84,16520.75,0.9846579396254351,0.1068211068211068,2.564632089311142,-0.6505094579198897,-2.2734483905216614,1.353489092679409
Rafaelita Blaksland,Canada,99% Dark & Pure,2024-03-02,5545.62,139,5545.62,0.3302488022144109,0.17760617760617758,-0.08774020793489813,-0.20698195734719893,-0.08431664960998661,-0.20840004163695267
Van Tuxwell,Australia,70% Dark Bites,2024-01-10,8260.58,108,8260.58,0.4921325003305548,0.1377091377091377,0.568387299632767,-0.4569701849427156,-0.725037230483704,0.0787837973375799
Beverie Moffet,USA,70% Dark Bites,2024-06-27,2636.16,110,2636.16,0.15676774012841474,0.14028314028314026,-0.7908727543325684,-0.4408419121946177,0.24750918210017656,-0.870953793188302
Barr Faughny,Canada,Orange Choco,2024-06-30,8285.38,18,8285.38,0.4936112387698984,0.021879021879021878,0.574380744172531,-1.1827424586071187,-1.2424737320657187,-0.430176693690962
Roddy Speechley,Australia,85% Dark Bars,2024-07-08,4590.0,78,4590.0,0.273268478528703,0.09909909909909909,-0.31868599305947165,-0.6988942761641832,-0.2688478552466415,-0.719537908769677
Oby Sorrel,India,Spicy Special Slims,2024-06-08,13189.14,95,13189.14,0.7860055294681119,0.12097812097812097,1.7594780666045424,-0.5618039578053515,-1.641394260506667,0.8468834839834746
Jan Morforth,UK,Manuka Honey Choco,2024-08-18,3768.3,212,3768.3,0.22427334241545072,0.27155727155727155,-0.5172671776693187,0.38169999795837245,0.6356657859504575,-0.09586047207995003
Kaine Padly,Australia,After Nines,2024-04-08,5191.445,293,5191.445,0.3091305688775347,0.3758043758043758,-0.17333408776840503,1.0348950442563352,0.8543470124818343,0.6092155947381773
Wilone O'Kielt,Canada,Fruit & Nut Bars,2024-08-08,3665.13,191,3665.13,0.2181216712546813,0.24453024453024452,-0.5422003902970391,0.21235313410334508,0.5335499138717188,-0.23323723161034132
Wilone O'Kielt,UK,Milk Bars,2024-08-26,334.81,66,334.81,0.019546179346823945,0.08365508365508365,-1.3470426572191103,-0.7956639126527704,0.38988364928497304,-1.5151223456493763
Oby Sorrel,Canada,Fruit & Nut Bars,2024-01-14,2187.5,159,2187.5,0.1300156922172893,0.20334620334620332,-0.8993009328491244,-0.045699229866220464,0.6035875526115917,-0.6682160232784156
Dennison Crosswaite,USA,Baker's Choco Chips,2024-08-11,18481.73,295,16778.052499999998,1.0000000000000002,0.3783783783783784,2.6268146805890713,1.0510233170044332,-1.1142527589258755,2.6006241882039283
Madelene Upcott,USA,Almond Choco,2024-05-31,11863.69,24,11863.69,0.7069735188056923,0.029601029601029602,1.4391550397807362,-1.134357640362825,-1.8197482675990777,0.21552430801644248
Van Tuxwell,New Zealand,50% Dark Bites,2024-07-11,4332.41,10,4332.41,0.25790927552102055,0.011583011583011582,-0.3809380647932559,-1.2472555495995101,-0.6125789681669845,-1.1513067458217552
Karlen McCaffrey,Canada,Caramel Stuffed Bars,2024-03-02,3653.33,327,3653.33,0.21741807796499357,0.4195624195624196,-0.5450521098764431,1.3090756809739987,1.3110663340967839,0.5402462481094344
Madelene Upcott,Australia,Raspberry Choco,2024-07-13,7023.94,89,7023.94,0.4183959235712846,0.11325611325611325,0.2695270877112368,-0.610188776049645,-0.6220530527827024,-0.2408841899145423
Rafaelita Blaksland,UK,Spicy Special Slims,2024-08-03,10001.95,132,10001.95,0.5959643856579664,0.16859716859716858,0.9892261914960377,-0.2634309119655414,-0.8857623323591777,0.5132147639092062
Curtice Advani,UK,Peanut Butter Cubes,2024-03-01,16460.65,171,16460.65,0.9810743839720258,0.2187902187902188,2.550107653148246,0.051070406622366615,-1.767086183456194,1.839310645137479
Kelci Walkden,New Zealand,White Choc,2024-04-13,8575.27,165,8575.27,0.5108963793417259,0.21106821106821105,0.6444387940770567,0.002685588378073078,-0.4537880435979535,0.4575860391051823
Beverie Moffet,Canada,Fruit & Nut Bars,2024-02-14,12191.42,177,12191.42,0.7265149280285182,0.2265122265122265,1.5183579260314177,0.09945522486666016,-1.0033157218375015,1.1439666496928134
Mallorie Waber,India,White Choc,2024-07-26,969.15,233,969.15,0.05736968505703504,0.2985842985842986,-1.1937409794225784,0.5510468618133999,1.2337513142697938,-0.45445336879016335
Brien Boise,UK,Drinking Coco,2024-01-27,6498.96,143,6498.96,0.3870931773661791,0.18275418275418273,0.1426545669658584,-0.17472541185100324,-0.22442153523424602,-0.022677511896666166
Jehu Rudeforth,India,Peanut Butter Cubes,2024-04-14,33.68,487,33.68,0.0015908363532938677,0.6254826254826255,-1.4198170908585934,2.5993375008218265,2.84197146641428,0.8340468804329183
Oby Sorrel,USA,Almond Choco,2024-05-19,7640.61,154,7640.61,0.45516582814346335,0.1969111969111969,0.41855843627318695,-0.08601991173646507,-0.35679077151752914,0.23514024570568778
Husein Augar,India,Eclairs,2024-02-09,5191.445,62,5191.445,0.3091305688775347,0.0785070785070785,-0.17333408776840503,-0.827920458148966,-0.4628624613683889,-0.7079938791120272
Brien Boise,UK,Spicy Special Slims,2024-05-25,2639.55,59,2639.55,0.15696987413282504,0.07464607464607463,-0.7900534891313667,-0.8521128672711128,-0.0438826071188431,-1.1611869664485979
Oby Sorrel,Australia,Manuka Honey Choco,2024-01-26,4626.87,78,4626.87,0.2754669094262272,0.09909909909909909,-0.3097755777295884,-0.6988942761641832,-0.27514847034959045,-0.713237293666728
Beverie Moffet,India,White Choc,2024-07-04,1900.09,297,1900.09,0.1128784254893961,0.380952380952381,-0.9687596382996734,1.067151589752531,1.4396066352495454,0.06957361608648267
Ches Bonnell,India,Almond Choco,2024-04-13,13315.47,72,13315.47,0.7935381515262683,0.09137709137709137,1.79000838308472,-0.7472790944084768,-1.7941331811551438,0.7373209509648095
Gigi Bohling,Australia,Smooth Sliky Salty,2024-01-25,6359.09,121,6359.09,0.378753211821381,0.15444015444015444,0.10885202310389018,-0.35213641208007956,-0.32596804856716166,-0.1720280412018869
Camilla Castle,USA,85% Dark Bars,2024-04-25,2644.65,83,2644.65,0.15727396953769004,0.10553410553410553,-0.7888209662623024,-0.6585735942939386,0.0920987999505491,-1.0234625088218416
Camilla Castle,USA,Eclairs,2024-06-10,4879.55,427,4879.55,0.2905333460735396,0.5482625482625482,-0.2487101113462171,2.115489318378891,1.6717414488360014,1.3200122362708375
Madelene Upcott,New Zealand,White Choc,2024-08-22,11572.5,51,11572.5,0.689610863718899,0.06435006435006434,1.3687828173801746,-0.9166259582635042,-1.6160280430408882,0.3197231812414198
Van Tuxwell,India,After Nines,2024-06-27,15626.93,225,15626.93,0.9313625367280916,0.2882882882882883,2.3486215813058196,0.48653377082100846,-1.3166949179586063,2.0047575752062237
Husein Augar,India,Orange Choco,2024-06-30,4781.14,38,4781.14,0.2846654972906442,0.047619047619047616,-0.2724929692961441,-1.0214597311261402,-0.5295994761733269,-0.9149627290032386
Jehu Rudeforth,India,Almond Choco,2024-08-30,11793.4,101,11793.4,0.7027823686080525,0.1287001287001287,1.4221679745912188,-0.513419139561058,-1.3686667739943705,0.6425824636452119
Karlen McCaffrey,Australia,Raspberry Choco,2024-08-23,1061.03,58,1061.03,0.06284817246860327,0.07335907335907335,-1.1715362340873554,-0.8601770036451617,0.22016422323068963,-1.4366382078271405
Camilla Castle,New Zealand,99% Dark & Pure,2024-08-26,2499.92,44,2499.92,0.14864421896002059,0.05534105534105534,-0.8237980319171437,-0.9730749128818467,-0.10555469480452777,-1.270581044198006
Gigi Bohling,Australia,Orange Choco,2024-03-09,676.29,158,676.29,0.039907453631786084,0.20205920205920205,-1.2645167926449707,-0.05376336624026939,0.8561319581556048,-0.9321648398514387
Kelci Walkden,UK,Drinking Coco,2024-04-20,1886.06,23,1886.06,0.11204186499326743,0.028314028314028312,-0.9721502845453545,-1.142421776736874,-0.1204001267713866,-1.4952282438402786
Mallorie Waber,Canada,Caramel Stuffed Bars,2024-06-10,5093.92,524,5093.92,0.3033154895913659,0.673101673101673,-0.1969030667498767,2.8977105466616364,2.1882222711954995,1.9097592837249402
Husein Augar,Australia,Organic Choco Syrup,2024-02-08,1018.8,157,1018.8,0.06033014326322097,0.20077220077220076,-1.1817420067855102,-0.06182750261431831,0.7918991402486133,-0.8793364329734523
Brien Boise,Australia,White Choc,2024-08-25,5616.77,23,5616.77,0.33449123124502783,0.028314028314028312,-0.07054530555569559,-1.142421776736874,-0.7579311213665245,-0.8576972492451315
Dotty Strutley,India,Peanut Butter Cubes,2024-02-16,10461.82,78,10461.82,0.6233848471942951,0.09909909909909909,1.1003635036130273,-0.6988942761641832,-1.2722673771831152,0.28388161316681126
Dennison Crosswaite,UK,99% Dark & Pure,2024-05-30,12841.79,26,12841.79,0.7652942473348052,0.032175032175032175,1.675533592375225,-1.1182293676147272,-1.975488734036694,0.3940735965120738
Gigi Bohling,New Zealand,50% Dark Bites,2024-06-29,6723.42,67,6723.42,0.4004769527732384,0.08494208494208494,0.19690007347373997,-0.7875997762787214,-0.6961465198371056,-0.41768776549827547
Gigi Bohling,USA,Milk Bars,2024-06-16,521.35,127,521.35,0.030668915978886845,0.16216216216216214,-1.301961320749449,-0.303751593835786,0.7058408669470145,-1.1354104905420401
Brien Boise,UK,Caramel Stuffed Bars,2024-03-04,3106.11,159,3106.11,0.1847892372884767,0.20334620334620332,-0.6772993970155455,-0.045699229866220464,0.4466087611898407,-0.5112372318566624
Curtice Advani,New Zealand,Peanut Butter Cubes,2024-03-15,1684.28,419,1684.28,0.10001041973960789,0.5379665379665379,-1.0209146893531615,2.0509762273864998,2.1721548982919794,0.7283634985828028
Curtice Advani,New Zealand,50% Dark Bites,2024-01-27,5191.445,84,5191.445,0.3091305688775347,0.1068211068211068,-0.17333408776840503,-0.6505094579198897,-0.33741394004932,-0.58254535779296
Beverie Moffet,Canada,Drinking Coco,2024-07-05,1172.53,124,1172.53,0.06949653279065224,0.1583011583011583,-1.1445899007734963,-0.3279440029579328,0.5774558521735536,-1.0412387088555963
Barr Faughny,USA,Caramel Stuffed Bars,2024-03-29,3917.13,287,3917.13,0.23314756184801166,0.3680823680823681,-0.48129926029620984,0.9865102260120417,1.03789804125851,0.35723809978746174
Mallorie Waber,Canada,Almond Choco,2024-05-12,5191.445,33,5191.445,0.3091305688775347,0.04118404118404118,-0.17333408776840503,-1.0617804129963848,-0.6282264212889797,-0.8733578390326155
Oby Sorrel,USA,Drinking Coco,2024-03-11,9306.64,48,9306.64,0.554505449195869,0.06048906048906049,0.8211898236354158,-0.9408183673856509,-1.2459279403772385,-0.08459015450925386
Brien Boise,New Zealand,Eclairs,2024-07-11,5270.33,323,5270.33,0.3138342092721969,0.4144144144144144,-0.15426985903778823,1.276819135477803,1.0119327325034178,0.7937622055867793
Gunar Cockshoot,New Zealand,Choco Coated Almonds,2024-08-01,14722.35,61,14722.35,0.8774255521530329,0.0772200772200772,2.130010691717922,-0.835984594523015,-2.097275379868295,0.9150146283588962
Gunar Cockshoot,UK,Spicy Special Slims,2024-02-16,13444.87,197,13444.87,0.8012538270928437,0.2522522522522523,1.8212806299978446,0.26073795234763864,-1.103470309697463,1.4722094581329015
Curtice Advani,USA,After Nines,2024-04-13,14885.97,248,14885.97,0.8871816482597024,0.3178893178893179,2.1695529254113173,0.6720089074241337,-1.0589235302440723,2.0092876411588296
Oby Sorrel,India,Choco Coated Almonds,2024-02-14,53.31,371,53.31,0.002761305529274326,0.4761904761904762,-1.4150730861684495,1.6638976814321513,2.177161108845535,0.175945558636946
Ches Bonnell,Australia,Peanut Butter Cubes,2024-03-14,11767.94,68,11767.94,0.7012642766457264,0.08622908622908622,1.416015027091929,-0.7795356399046725,-1.5524887650719412,0.4500588907655785
Oby Sorrel,Australia,Spicy Special Slims,2024-04-26,12897.53,25,12897.53,0.7686178312303299,0.03088803088803089,1.6890043423206464,-1.1262935039887763,-1.9907161981852728,0.3978966496316468
Jehu Rudeforth,Canada,Manuka Honey Choco,2024-04-05,3867.62,214,3867.62,0.23019545135882202,0.27413127413127414,-0.4932643989721665,0.3978282707064703,0.6300976693953876,-0.06748353346686738
Camilla Castle,Canada,Drinking Coco,2024-03-03,13524.05,253,13524.05,0.8059750573197478,0.32432432432432434,1.8404161517179463,0.7123295892943783,-0.7976776580551138,1.8050638241148989
Kaine Padly,USA,Spicy Special Slims,2024-06-13,2319.1,189,2319.1,0.13786254619380628,0.24195624195624194,-0.8674970094042468,0.19622486135524725,0.752164948110475,-0.474661087907113
Marney O'Breen,New Zealand,70% Dark Bites,2024-02-14,9036.58,377,9036.58,0.5384027031100166,0.4839124839124839,0.7559241126511939,1.7122824996764447,0.6762475007101958,1.7452856329463444
Roddy Speechley,New Zealand,99% Dark & Pure,2024-04-18,5191.445,201,5191.445,0.3091305688775347,0.2574002574002574,-0.17333408776840503,0.2929944978438343,0.3297441051475463,0.0846126874038968
Oby Sorrel,New Zealand,85% Dark Bars,2024-02-01,4040.65,423,4040.65,0.2405126333007425,0.5431145431145431,-0.4514480397497716,2.0832327728826954,1.7922899907558543,1.1538460502349583
Dotty Strutley,New Zealand,Orange Choco,2024-08-04,2204.17,145,2204.17,0.13100966680534812,0.18532818532818532,-0.8952722747653393,-0.15859713910290538,0.5209079839584213,-0.7451982090313317
Andria Kimpton,New Zealand,Almond Choco,2024-04-05,7037.21,172,7037.21,0.4191871678894334,0.22007722007722005,0.27273406388231236,0.05913454299641554,-0.15103766967661372,0.23466654238688212
Karlen McCaffrey,Australia,99% Dark & Pure,2024-01-26,12285.41,175,12285.41,0.7321192274605307,0.22393822393822393,1.5410725974948223,0.08332695211856231,-1.0307818310907058,1.1486239368880053
Kaine Padly,UK,After Nines,2024-01-21,21812.86,183,16778.052499999998,1.0000000000000002,0.23423423423423423,2.6268146805890713,0.1478400431109537,-1.752899776550226,1.9619771705795868
Kaine Padly,Canada,After Nines,2024-08-22,6707.97,187,6707.97,0.3995557225761473,0.23938223938223938,0.19316625419392727,0.1800965886071494,-0.009241649164249407,0.2639366873096097
Kaine Padly,UK,Drinking Coco,2024-01-27,2513.58,226,2513.58,0.14945871763265903,0.2895752895752896,-0.8204968039972576,0.4945979071950574,0.9299123881866483,-0.23044531991005718
Rafaelita Blaksland,UK,50% Dark Bites,2024-02-16,11491.21,71,11491.21,0.6847638214715505,0.09009009009009009,1.349137369531891,-0.7553432307825257,-1.4880925033578578,0.41987586213851247
Dotty Strutley,USA,Raspberry Choco,2024-01-03,3762.58,49,3762.58,0.2239322785496021,0.06177606177606177,-0.5186495366518773,-0.932754231011602,-0.29281623750295144,-1.0262974463545484
Karlen McCaffrey,USA,White Choc,2024-08-24,5158.01,2,5158.01,0.30713695517916967,0.001287001287001287,-0.18141436269530067,-1.3117686405919013,-0.7992811750439172,-1.0558398271768696
Oby Sorrel,USA,Spicy Special Slims,2024-02-07,6660.69,418,6660.69,0.3967365792933986,0.5366795366795366,0.1817400421842477,2.0429120910124507,1.3160473766812935,1.5730666091644945
Mallorie Waber,Australia,Smooth Sliky Salty,2024-02-11,4786.05,107,4786.05,0.28495826365101423,0.1364221364221364,-0.27130636394573115,-0.4650343213167645,-0.1369863523624799,-0.5206714918126589
Kaine Padly,Canada,Organic Choco Syrup,2024-03-29,6797.67,82,6797.67,0.40490422410877325,0.10424710424710423,0.2148441564204129,-0.6666377306679876,-0.623301819853325,-0.31946630004696347
Marney O'Breen,USA,Peanut Butter Cubes,2024-06-15,782.24,348,782.24,0.04622488660148194,0.4465894465894466,-1.238911734218035,1.478422544829026,1.921445495464836,0.16935971835050484
Dennison Crosswaite,UK,Smooth Sliky Salty,2024-04-26,5191.445,136,5191.445,0.3091305688775347,0.17374517374517373,-0.17333408776840503,-0.2311743664693457,-0.040899253295157194,-0.2860306710388014
Brien Boise,Australia,Organic Choco Syrup,2024-07-15,4768.88,281,4768.88,0.28393447578796865,0.36036036036036034,-0.27545585760491464,0.9381254077677482,0.8581315422659642,0.4685781326059726
Beverie Moffet,India,Organic Choco Syrup,2024-06-23,1123.57,19,1123.57,0.06657721690394804,0.023166023166023165,-1.1564221203165148,-1.1746783222330697,-0.012909084173919007,-1.648336930553773
Dennison Crosswaite,Australia,Baker's Choco Chips,2024-01-11,16435.38,425,16435.38,0.9795676210541946,0.5456885456885456,2.5440006231676073,2.099361045630793,-0.31440766046017954,3.2833525235090346
Beverie Moffet,UK,50% Dark Bites,2024-02-09,2922.18,289,2922.18,0.1738221259518447,0.3706563706563707,-0.7217499717816271,1.0026384987601396,1.2193267809199835,0.19861818218399782
Van Tuxwell,UK,Almond Choco,2024-06-06,12123.84,222,12123.84,0.722485365781307,0.28442728442728443,1.5020257896605604,0.4623413616988617,-0.7351679093057641,1.389017333466354
Dotty Strutley,UK,Caramel Stuffed Bars,2024-08-10,6448.87,244,6448.87,0.3841064834780048,0.3127413127413127,0.13054925902243955,0.639752361927938,0.36006096706571294,0.544685499732999
Wilone O'Kielt,Australia,Smooth Sliky Salty,2024-01-04,2587.61,44,2587.61,0.15387287112719972,0.05534105534105534,-0.8026058887037599,-0.9730749128818467,-0.12053980297858774,-1.255595936023946
Andria Kimpton,Canada,70% Dark Bites,2024-04-08,12109.0,16,12109.0,0.7216005077796996,0.019305019305019305,1.4984393897827337,-1.1988707313552165,-1.9072862776197514,0.21182702980506773
Barr Faughny,UK,Milk Bars,2024-03-02,4482.33,467,4482.33,0.2668484878930527,0.5997425997425997,-0.3447067258657784,2.438054773340848,1.9677095265138589,1.480220599753226
Van Tuxwell,Canada,Drinking Coco,2024-06-15,5294.88,679,5294.88,0.3152980410740472,0.8725868725868725,-0.14833683228572328,4.14765168463922,3.037722612217186,2.827942652199211
Jehu Rudeforth,Australia,After Nines,2024-02-14,5191.445,46,5191.445,0.3091305688775347,0.05791505791505791,-0.17333408776840503,-0.9569466401337487,-0.5540977496004388,-0.7992291673440757
Husein Augar,UK,After Nines,2024-07-05,3707.27,392,3707.27,0.22063433407056596,0.5032175032175031,-0.5320163680024561,1.8332445452871786,1.6724920310625937,0.9201072680290264
Barr Faughny,India,Mint Chip Choco,2024-01-12,7899.01,461,7899.01,0.4705733286566244,0.592020592020592,0.4810062616391168,2.3896699550965543,1.34962904064833,2.0298746194447266
Curtice Advani,India,Mint Chip Choco,2024-03-03,9813.42,100,9813.42,0.5847229921914562,0.1274131274131274,0.9436639294362902,-0.5214832759351069,-1.036015524354632,0.29852680297646234
Jehu Rudeforth,New Zealand,Milk Bars,2024-05-18,2845.74,197,2845.74,0.16926427247186784,0.2522522522522523,-0.7402233145485454,0.26073795234763864,0.7077864995273667,-0.3390473510919541
Gunar Cockshoot,India,Caramel Stuffed Bars,2024-07-28,2941.72,220,2941.72,0.17498722873832756,0.28185328185328185,-0.7170277174950549,0.44621308895076384,0.8225354623907452,-0.1914948602881901
Curtice Advani,UK,Manuka Honey Choco,2024-02-07,1969.62,114,1969.62,0.11702425950905586,0.1454311454311454,-0.951956243184762,-0.408585366698422,0.3842212314627618,-0.9620481984348644
Andria Kimpton,India,Orange Choco,2024-05-30,339.64,452,339.64,0.01983417558319611,0.5804375804375804,-1.3458753855607613,2.317092727730114,2.590109592178077,0.6867543686539066
Mallorie Waber,Australia,Raspberry Choco,2024-04-25,8818.17,29,8818.17,0.5253796683302971,0.036036036036036036,0.7031407166056338,-1.0940369584925804,-1.2707965210590233,-0.2764053833785878
Beverie Moffet,Canada,85% Dark Bars,2024-02-16,6829.86,46,6829.86,0.40682360275242124,0.05791505791505791,0.22262355076456636,-0.9569466401337487,-0.8340820808697129,-0.5192448360747981
Kelci Walkden,Australia,Drinking Coco,2024-05-04,1370.19,58,1370.19,0.08128231665842083,0.07335907335907335,-1.0968211811069728,-0.8601770036451617,0.16733270261154926,-1.3838066872079995
Van Tuxwell,Canada,70% Dark Bites,2024-06-02,7731.47,77,7731.47,0.4605834964740586,0.0978120978120978,0.44051667703459724,-0.7069584125382322,-0.8113874170795902,-0.18840275796572686
Dennison Crosswaite,USA,Caramel Stuffed Bars,2024-07-11,2757.16,463,2757.16,0.16398255267521225,0.5945945945945945,-0.7616305450861385,2.4057982278446524,2.239710364264756,1.1626021178863015
Beverie Moffet,New Zealand,Spicy Special Slims,2024-06-07,70.19,63,70.19,0.0037678016928275678,0.07979407979407978,-1.4109936771429974,-0.8198563217749171,0.41799723259344,-1.5774491620448625
Jan Morforth,UK,Almond Choco,2024-07-06,10817.45,151,10817.45,0.6445898371613829,0.19305019305019303,1.1863090149709439,-0.11021232085861185,-0.9167790285181148,0.7609152696192626
Husein Augar,India,Raspberry Choco,2024-06-15,11595.41,153,11595.41,0.6909769079787927,0.1956241956241956,1.3743195034449325,-0.094084048110514,-1.03831810882326,0.905263171982422
Dotty Strutley,India,Mint Chip Choco,2024-04-14,1375.22,231,1375.22,0.08158223820478769,0.29601029601029605,-1.0956055752184641,0.534918589065302,1.1529546934535764,-0.396465570031957
Camilla Castle,India,Drinking Coco,2024-08-08,503.52,167,503.52,0.029605774592858743,0.21364221364221364,-1.3062703173681582,0.018813861126170926,0.9369760082563388,-0.9103691906911173
Marney O'Breen,UK,Drinking Coco,2024-03-29,1135.16,27,1135.16,0.0672682886181413,0.03346203346203346,-1.1536211516787782,-1.1101652312406785,0.030727976024471835,-1.6007387025201145
Roddy Speechley,Australia,Organic Choco Syrup,2024-07-04,4375.45,79,4375.45,0.26047560223188143,0.10038610038610038,-0.37053653846295553,-0.6908301397901343,-0.2264817774691142,-0.7504995755181987
Ches Bonnell,India,99% Dark & Pure,2024-02-16,536.74,102,536.74,0.03158656858297952,0.12998712998712997,-1.298242001738684,-0.5053550031870091,0.5606557733905283,-1.2753356727107086
Rafaelita Blaksland,Canada,Spicy Special Slims,2024-05-02,2702.08,164,2702.08,0.16069832230267006,0.20978120978120976,-0.7749417920720341,-0.005378547995975845,0.5441633884380949,-0.5517698039598865
Van Tuxwell,India,Eclairs,2024-07-21,11064.27,104,11064.27,0.6593068622258502,0.13256113256113256,1.2459582884106448,-0.48922673043891124,-1.2269610934418247,0.5350900161796828
Gunar Cockshoot,Australia,99% Dark & Pure,2024-08-18,8861.83,226,8861.83,0.5279829635021416,0.2895752895752896,0.7136920790494283,0.4945979071950574,-0.15492297463667046,0.8543900429132772
Kaine Padly,USA,85% Dark Bars,2024-06-22,564.67,256,564.67,0.0332519381237403,0.3281853281853282,-1.2914921264969255,0.7365219984165251,1.4340225400684,-0.3924231409216282
Camilla Castle,UK,Peanut Butter Cubes,2024-07-19,5267.69,120,5267.69,0.31367679518026675,0.15315315315315314,-0.15490787087589225,-0.36020054845412847,-0.14516384444351707,-0.3642366563545402
Madelene Upcott,UK,Peanut Butter Cubes,2024-08-12,8698.47,89,8698.47,0.5182423702984652,0.11325611325611325,0.6742126798552397,-0.610188776049645,-0.9082089792362182,0.04527173653897771
Madelene Upcott,USA,Choco Coated Almonds,2024-06-07,6025.6,137,6025.6,0.3588683536707074,0.17503217503217502,0.02825711102461811,-0.22311023009529676,-0.17774355147472506,-0.13778196183022534
Marney O'Breen,Canada,Peanut Butter Cubes,2024-03-08,7032.54,87,7032.54,0.418908711901057,0.11068211068211067,0.2716054596080906,-0.626317048797743,-0.6349270946738016,-0.2508189700814555
Ches Bonnell,Australia,Choco Coated Almonds,2024-04-08,1572.79,176,1572.79,0.09336265568305865,0.2252252252252252,-1.0478586059555124,0.09139108849261124,0.8055711844089654,-0.6763246675826856
Curtice Advani,Canada,Eclairs,2024-05-06,857.34,197,857.34,0.050702840504494286,0.2522522522522523,-1.2207622307931845,0.26073795234763864,1.047578825827983,-0.6788396773925753
Roddy Speechley,India,Drinking Coco,2024-05-31,4899.47,11,4899.47,0.2917211069490124,0.01287001287001287,-0.243896022022342,-1.2391914132254611,-0.703780120403451,-1.0487011825562813
Van Tuxwell,Australia,Mint Chip Choco,2024-01-13,2924.06,295,2924.06,0.17393422386579496,0.3783783783783784,-0.7212956300181289,1.0510233170044332,1.2532187458650565,0.23315268341296208
Dennison Crosswaite,USA,70% Dark Bites,2024-03-15,730.06,78,730.06,0.043113573223862965,0.09909909909909909,-1.2515221348666192,-0.6988942761641832,0.3907669063610837,-1.3791526703774117
Andria Kimpton,Canada,Peanut Butter Cubes,2024-02-16,1348.05,332,1348.05,0.07996218484200679,0.425997425997426,-1.102171780385617,1.3493963628442434,1.7335204586187483,0.17481417873249497
Gigi Bohling,USA,70% Dark Bites,2024-01-14,8561.59,204,8561.59,0.510080688138088,0.26126126126126126,0.6411327327341545,0.31718690696598106,-0.22906429013774654,0.6776343157762165
Rafaelita Blaksland,Australia,White Choc,2024-03-21,7326.91,102,7326.91,0.436460979416766,0.12998712998712997,0.3427461962681863,-0.5053550031870091,-0.5996981092672143,-0.11498179005294926
Roddy Speechley,Canada,Drinking Coco,2024-05-17,5191.445,340,5191.445,0.3091305688775347,0.4362934362934363,-0.17333408776840503,1.4139094538366346,1.1223506716634812,0.8772192539198206
Camilla Castle,New Zealand,85% Dark Bars,2024-08-08,17841.92,53,16778.052499999998,1.0000000000000002,0.06692406692406691,2.6268146805890713,-0.9004976855154063,-2.494186493435633,1.2206904536941903
Madelene Upcott,Canada,Milk Bars,2024-04-26,4285.13,87,4285.13,0.2550901322382719,0.11068211068211067,-0.3923642768029353,-0.626317048797743,-0.165429591554924,-0.7203164732003398
Madelene Upcott,Australia,70% Dark Bites,2024-04-15,4196.23,256,4196.23,0.24978933194562478,0.3281853281853282,-0.41384884210878353,0.7365219984165251,0.8134350222147156,0.22816437693206515
Oby Sorrel,Canada,Eclairs,2024-05-19,6409.31,621,6409.31,0.38174765716105186,0.7979407979407979,0.12098874829691267,3.6799317749443823,2.516552747999021,2.6876566767350227
Dennison Crosswaite,Canada,Drinking Coco,2024-01-10,5191.445,24,5191.445,0.3091305688775347,0.029601029601029602,-0.17333408776840503,-1.134357640362825,-0.6795462709195079,-0.9246776886631429
Mallorie Waber,New Zealand,After Nines,2024-05-04,567.91,225,567.91,0.03344512814565455,0.2882882882882883,-1.2907091119683434,0.48653377082100846,1.2567004942358748,-0.5686378369882948
Roddy Speechley,Canada,White Choc,2024-04-05,6948.79,292,6948.79,0.41391498834077356,0.37451737451737455,0.2513655007288467,1.0268309078822864,0.5483368479737902,0.9038213482172192
Andria Kimpton,India,After Nines,2024-01-17,1009.28,69,1009.28,0.05976249850747293,0.08751608751608751,-1.1840427161410971,-0.7714715035306235,0.2917319021592126,-1.3827573654365957
Roddy Speechley,India,Spicy Special Slims,2024-03-22,12049.05,180,12049.05,0.7180258961087863,0.23037323037323035,1.483951204292457,0.12364763398880693,-0.9618798790339745,1.1367440399763047
Dotty Strutley,Australia,White Choc,2024-07-05,6969.38,102,6969.38,0.4151426990047286,0.12998712998712997,0.2563415097237558,-0.5053550031870091,-0.53860076948535,-0.17607912983481455
Oby Sorrel,Canada,Orange Choco,2024-04-27,10257.74,328,10257.74,0.6112162608756965,0.42084942084942084,1.0510432551583873,1.3171398173480475,0.18815868357474827,1.674558309660492
Kaine Padly,Canada,Almond Choco,2024-08-12,7220.35,71,7220.35,0.4301071742515863,0.09009009009009009,0.3169937184392643,-0.7553432307825257,-0.7582567285116246,-0.30995991270773093
Jan Morforth,UK,Baker's Choco Chips,2024-03-11,783.35,273,783.35,0.046291072071952565,0.35006435006435005,-1.23864347924065,0.8736123167753568,1.4935903969635052,-0.25811601032362785
Jehu Rudeforth,UK,Fruit & Nut Bars,2024-05-13,9434.44,221,9434.44,0.5621257222824866,0.28314028314028317,0.8520753967072653,0.4542772253248128,-0.2812857845281341,0.9237307976597112
Dennison Crosswaite,USA,Smooth Sliky Salty,2024-05-12,12755.99,99,12755.99,0.760178289347076,0.12612612612612611,1.6547982076368473,-0.5295474123091558,-1.5445656003189463,0.7956724679117776
Brien Boise,USA,Raspberry Choco,2024-01-12,807.26,198,807.26,0.04771674288181974,0.25353925353925355,-1.2328651220250952,0.26880208872168754,1.0618390678045333,-0.6816955083401195
Madelene Upcott,New Zealand,Milk Bars,2024-03-29,13541.21,434,13541.21,0.8069982489172937,0.5572715572715572,1.8445632286656217,2.1719382729972336,0.23148911383814952,2.8400954484717555
Roddy Speechley,India,50% Dark Bites,2024-03-14,9976.22,12,9976.22,0.5944301945271473,0.014157014157014158,0.9830079927860321,-1.231127276851412,-1.565630063624943,-0.1754468283057702
Barr Faughny,New Zealand,99% Dark & Pure,2024-05-24,9152.72,208,9152.72,0.5453277306239427,0.26640926640926643,0.7839918001047506,0.3494434524621768,-0.3072720833714676,0.8014597531259637
Dennison Crosswaite,Canada,Organic Choco Syrup,2024-01-28,9251.37,79,9251.37,0.5512098897788318,0.10038610038610038,0.8078326591308692,-0.6908301397901343,-1.0597146278290523,0.0827332748417515
Beverie Moffet,India,Almond Choco,2024-05-24,3634.26,100,3634.26,0.21628099965699832,0.1274131274131274,-0.5496607787221407,-0.5214832759351069,0.019924503297608812,-0.7574132246757938
Brien Boise,Australia,Peanut Butter Cubes,2024-08-19,352.51,196,352.51,0.020601569281355484,0.25096525096525096,-1.3427650778500044,0.2526738159735897,1.1281456607914218,-0.7708109233850216
Karlen McCaffrey,Australia,Spicy Special Slims,2024-05-17,5303.58,354,5303.58,0.3158167920588169,0.4543114543114543,-0.14623429327378992,1.5268073630733197,1.1830191004106212,0.9762125795787677
Jehu Rudeforth,USA,White Choc,2024-06-07,7339.32,121,7339.32,0.4372009449019375,0.15444015444015444,0.34574533524957635,-0.35213641208007956,-0.49347691600311666,-0.004519173765929434
Ches Bonnell,Canada,Organic Choco Syrup,2024-07-26,616.09,238,616.09,0.03631793532337939,0.305019305019305,-1.2790653959229465,0.5913675436836445,1.3225958153505049,-0.48627581472584425
Dotty Strutley,India,Eclairs,2024-07-28,2504.62,397,2504.62,0.14892446374489618,0.5096525096525096,-0.8226621775083982,1.8735652271574232,1.906520681460213,0.7431006727764349
Karlen McCaffrey,India,70% Dark Bites,2024-05-23,5191.445,355,5191.445,0.3091305688775347,0.45559845559845563,-0.17333408776840503,1.5348714994473684,1.2078837543810284,0.9627523366373664
